time,Coal Hea Usage (EXACT 3944),Temperature,seconds
yyyymmdd hhmmss,,C,s
2023-03-22 18:16:00,0.0,0.0,0
2023-03-22 18:17:00,0.0,0.0,60
2023-03-22 18:18:00,0.0,0.0,120
2023-03-22 18:19:00,0.0,0.0,180
2023-03-22 18:20:00,0.0,0.0,240
2023-03-22 18:21:00,0.0,0.0,300
2023-03-22 18:22:00,0.0,0.0,360
2023-03-22 18:23:00,0.0,0.0,420
2023-03-22 18:24:00,0.0,0.0,480
2023-03-22 18:25:00,0.0,0.0,540
2023-03-22 18:26:00,0.0,0.0,600
2023-03-22 18:27:00,0.0,0.0,660
2023-03-22 18:28:00,0.0,0.0,720
2023-03-22 18:29:00,0.0,0.0,780
2023-03-22 18:30:00,0.0,0.0,840
2023-03-22 18:31:00,0.0,0.0,900
2023-03-22 18:32:00,0.0,0.0,960
2023-03-22 18:33:00,0.0,0.0,1020
2023-03-22 18:34:00,0.0,0.0,1080
2023-03-22 18:35:00,0.0,0.0,1140
2023-03-22 18:36:00,0.0,0.0,1200
2023-03-22 18:37:00,0.0,0.0,1260
2023-03-22 18:38:00,0.0,0.0,1320
2023-03-22 18:39:00,0.0,0.0,1380
2023-03-22 18:40:00,0.0,0.0,1440
2023-03-22 18:41:00,0.0,0.0,1500
2023-03-22 18:42:00,0.0,0.0,1560
2023-03-22 18:43:00,0.0,0.0,1620
2023-03-22 18:44:00,0.0,0.0,1680
2023-03-22 18:45:00,0.0,0.0,1740
2023-03-22 18:46:00,0.0,0.0,1800
2023-03-22 18:47:00,0.0,0.0,1860
2023-03-22 18:48:00,0.0,0.0,1920
2023-03-22 18:49:00,0.0,0.0,1980
2023-03-22 18:50:00,0.0,0.0,2040
2023-03-22 18:51:00,0.0,0.0,2100
2023-03-22 18:52:00,0.0,0.0,2160
2023-03-22 18:53:00,0.0,0.0,2220
2023-03-22 18:54:00,0.0,0.0,2280
2023-03-22 18:55:00,0.0,0.0,2340
2023-03-22 18:56:00,0.0,0.0,2400
2023-03-22 18:57:00,0.0,0.0,2460
2023-03-22 18:58:00,0.0,0.0,2520
2023-03-22 18:59:00,0.0,0.0,2580
2023-03-22 19:00:00,0.0,0.0,2640
2023-03-22 19:01:00,0.0,0.0,2700
2023-03-22 19:02:00,0.0,0.0,2760
2023-03-22 19:03:00,0.0,0.0,2820
2023-03-22 19:04:00,0.0,0.0,2880
2023-03-22 19:05:00,0.0,0.0,2940
2023-03-22 19:06:00,0.0,0.0,3000
2023-03-22 19:07:00,0.0,0.0,3060
2023-03-22 19:08:00,0.0,0.0,3120
2023-03-22 19:09:00,0.0,0.0,3180
2023-03-22 19:10:00,0.0,0.0,3240
2023-03-22 19:11:00,0.0,0.0,3300
2023-03-22 19:12:00,0.0,0.0,3360
2023-03-22 19:13:00,0.0,0.0,3420
2023-03-22 19:14:00,0.0,0.0,3480
2023-03-22 19:15:00,0.0,0.0,3540
2023-03-22 19:16:00,0.0,0.0,3600
2023-03-22 19:17:00,1.0,36.0,3660
2023-03-22 19:18:00,1.0,101.0,3720
2023-03-22 19:19:00,1.0,127.0,3780
2023-03-22 19:20:00,1.0,127.0,3840
2023-03-22 19:21:00,1.0,127.0,3900
2023-03-22 19:22:00,1.0,127.0,3960
2023-03-22 19:23:00,1.0,127.0,4020
2023-03-22 19:24:00,1.0,127.0,4080
2023-03-22 19:25:00,1.0,127.0,4140
2023-03-22 19:26:00,1.0,127.0,4200
2023-03-22 19:27:00,1.0,127.0,4260
2023-03-22 19:28:00,1.0,127.0,4320
2023-03-22 19:29:00,1.0,116.0,4380
2023-03-22 19:30:00,1.0,97.0,4440
2023-03-22 19:31:00,1.0,93.0,4500
2023-03-22 19:32:00,1.0,76.0,4560
2023-03-22 19:33:00,1.0,65.0,4620
2023-03-22 19:34:00,1.0,50.0,4680
2023-03-22 19:35:00,1.0,41.0,4740
2023-03-22 19:36:00,1.0,32.0,4800
2023-03-22 19:37:00,1.0,34.0,4860
2023-03-22 19:38:00,1.0,35.0,4920
2023-03-22 19:39:00,1.0,49.0,4980
2023-03-22 19:40:00,1.0,52.0,5040
2023-03-22 19:41:00,1.0,49.0,5100
2023-03-22 19:42:00,1.0,56.0,5160
2023-03-22 19:43:00,1.0,56.0,5220
2023-03-22 19:44:00,1.0,65.0,5280
2023-03-22 19:45:00,1.0,85.0,5340
2023-03-22 19:46:00,1.0,103.0,5400
2023-03-22 19:47:00,1.0,116.0,5460
2023-03-22 19:48:00,1.0,116.0,5520
2023-03-22 19:49:00,1.0,117.0,5580
2023-03-22 19:50:00,1.0,117.0,5640
2023-03-22 19:51:00,1.0,118.0,5700
2023-03-22 19:52:00,1.0,123.0,5760
2023-03-22 19:53:00,1.0,117.0,5820
2023-03-22 19:54:00,1.0,118.0,5880
2023-03-22 19:55:00,1.0,119.0,5940
2023-03-22 19:56:00,1.0,114.0,6000
2023-03-22 19:57:00,1.0,110.0,6060
2023-03-22 19:58:00,1.0,107.0,6120
2023-03-22 19:59:00,1.0,107.0,6180
2023-03-22 20:00:00,1.0,105.0,6240
2023-03-22 20:01:00,1.0,97.0,6300
2023-03-22 20:02:00,1.0,98.0,6360
2023-03-22 20:03:00,1.0,96.0,6420
2023-03-22 20:04:00,1.0,74.0,6480
2023-03-22 20:05:00,1.0,51.0,6540
2023-03-22 20:06:00,1.0,34.0,6600
2023-03-22 20:07:00,1.0,28.0,6660
2023-03-22 20:08:00,1.0,13.0,6720
2023-03-22 20:09:00,1.0,11.0,6780
2023-03-22 20:10:00,0.0,1.0,6840
2023-03-22 20:11:00,0.0,0.0,6900
2023-03-22 20:12:00,0.0,0.0,6960
2023-03-22 20:13:00,0.0,0.0,7020
2023-03-22 20:14:00,0.0,0.0,7080
2023-03-22 20:15:00,0.0,0.0,7140
2023-03-22 20:16:00,0.0,0.0,7200
2023-03-22 20:17:00,0.0,1.0,7260
2023-03-22 20:18:00,0.0,2.0,7320
2023-03-22 20:19:00,1.0,7.0,7380
2023-03-22 20:20:00,1.0,6.0,7440
2023-03-22 20:21:00,0.0,2.0,7500
2023-03-22 20:22:00,1.0,5.0,7560
2023-03-22 20:23:00,1.0,8.0,7620
2023-03-22 20:24:00,1.0,9.0,7680
2023-03-22 20:25:00,1.0,7.0,7740
2023-03-22 20:26:00,1.0,9.0,7800
2023-03-22 20:27:00,1.0,7.0,7860
2023-03-22 20:28:00,1.0,8.0,7920
2023-03-22 20:29:00,0.0,2.0,7980
2023-03-22 20:30:00,1.0,6.0,8040
2023-03-22 20:31:00,1.0,4.0,8100
2023-03-22 20:32:00,0.0,3.0,8160
2023-03-22 20:33:00,0.0,1.0,8220
2023-03-22 20:34:00,0.0,2.0,8280
2023-03-22 20:35:00,0.0,0.0,8340
2023-03-22 20:36:00,0.0,0.0,8400
2023-03-22 20:37:00,0.0,0.0,8460
2023-03-22 20:38:00,0.0,0.0,8520
2023-03-22 20:39:00,0.0,0.0,8580
2023-03-22 20:40:00,0.0,0.0,8640
2023-03-22 20:41:00,0.0,0.0,8700
2023-03-22 20:42:00,0.0,0.0,8760
2023-03-22 20:43:00,0.0,0.0,8820
2023-03-22 20:44:00,0.0,0.0,8880
2023-03-22 20:45:00,0.0,0.0,8940
2023-03-22 20:46:00,0.0,0.0,9000
2023-03-22 20:47:00,0.0,0.0,9060
2023-03-22 20:48:00,0.0,0.0,9120
2023-03-22 20:49:00,0.0,0.0,9180
2023-03-22 20:50:00,0.0,0.0,9240
2023-03-22 20:51:00,0.0,0.0,9300
2023-03-22 20:52:00,0.0,0.0,9360
2023-03-22 20:53:00,0.0,0.0,9420
2023-03-22 20:54:00,0.0,0.0,9480
2023-03-22 20:55:00,0.0,0.0,9540
2023-03-22 20:56:00,0.0,0.0,9600
2023-03-22 20:57:00,0.0,0.0,9660
2023-03-22 20:58:00,0.0,0.0,9720
2023-03-22 20:59:00,0.0,0.0,9780
2023-03-22 21:00:00,0.0,0.0,9840
2023-03-22 21:01:00,0.0,0.0,9900
2023-03-22 21:02:00,0.0,0.0,9960
2023-03-22 21:03:00,0.0,0.0,10020
2023-03-22 21:04:00,0.0,0.0,10080
2023-03-22 21:05:00,0.0,0.0,10140
2023-03-22 21:06:00,0.0,0.0,10200
2023-03-22 21:07:00,0.0,0.0,10260
2023-03-22 21:08:00,0.0,0.0,10320
2023-03-22 21:09:00,0.0,0.0,10380
2023-03-22 21:10:00,0.0,0.0,10440
2023-03-22 21:11:00,0.0,0.0,10500
2023-03-22 21:12:00,0.0,0.0,10560
2023-03-22 21:13:00,0.0,0.0,10620
2023-03-22 21:14:00,0.0,0.0,10680
2023-03-22 21:15:00,0.0,0.0,10740
2023-03-22 21:16:00,0.0,0.0,10800
2023-03-22 21:17:00,0.0,0.0,10860
2023-03-22 21:18:00,0.0,0.0,10920
2023-03-22 21:19:00,0.0,0.0,10980
2023-03-22 21:20:00,0.0,0.0,11040
2023-03-22 21:21:00,0.0,0.0,11100
2023-03-22 21:22:00,0.0,0.0,11160
2023-03-22 21:23:00,0.0,0.0,11220
2023-03-22 21:24:00,0.0,0.0,11280
2023-03-22 21:25:00,0.0,0.0,11340
2023-03-22 21:26:00,0.0,0.0,11400
2023-03-22 21:27:00,0.0,0.0,11460
2023-03-22 21:28:00,0.0,0.0,11520
2023-03-22 21:29:00,0.0,0.0,11580
2023-03-22 21:30:00,0.0,0.0,11640
2023-03-22 21:31:00,0.0,0.0,11700
2023-03-22 21:32:00,0.0,0.0,11760
2023-03-22 21:33:00,0.0,0.0,11820
2023-03-22 21:34:00,0.0,0.0,11880
2023-03-22 21:35:00,0.0,0.0,11940
2023-03-22 21:36:00,0.0,0.0,12000
2023-03-22 21:37:00,0.0,0.0,12060
2023-03-22 21:38:00,0.0,0.0,12120
2023-03-22 21:39:00,0.0,0.0,12180
2023-03-22 21:40:00,0.0,0.0,12240
2023-03-22 21:41:00,0.0,0.0,12300
2023-03-22 21:42:00,0.0,0.0,12360
2023-03-22 21:43:00,0.0,0.0,12420
2023-03-22 21:44:00,0.0,0.0,12480
2023-03-22 21:45:00,0.0,0.0,12540
2023-03-22 21:46:00,0.0,0.0,12600
2023-03-22 21:47:00,0.0,0.0,12660
2023-03-22 21:48:00,0.0,0.0,12720
2023-03-22 21:49:00,0.0,0.0,12780
2023-03-22 21:50:00,0.0,0.0,12840
2023-03-22 21:51:00,0.0,0.0,12900
2023-03-22 21:52:00,0.0,0.0,12960
2023-03-22 21:53:00,0.0,0.0,13020
2023-03-22 21:54:00,0.0,0.0,13080
2023-03-22 21:55:00,0.0,0.0,13140
2023-03-22 21:56:00,0.0,0.0,13200
2023-03-22 21:57:00,0.0,0.0,13260
2023-03-22 21:58:00,0.0,0.0,13320
2023-03-22 21:59:00,0.0,0.0,13380
2023-03-22 22:00:00,0.0,0.0,13440
2023-03-22 22:01:00,0.0,0.0,13500
2023-03-22 22:02:00,0.0,0.0,13560
2023-03-22 22:03:00,0.0,0.0,13620
2023-03-22 22:04:00,0.0,0.0,13680
2023-03-22 22:05:00,0.0,0.0,13740
2023-03-22 22:06:00,0.0,0.0,13800
2023-03-22 22:07:00,0.0,0.0,13860
2023-03-22 22:08:00,0.0,0.0,13920
2023-03-22 22:09:00,0.0,1.0,13980
2023-03-22 22:10:00,1.0,4.0,14040
2023-03-22 22:11:00,1.0,9.0,14100
2023-03-22 22:12:00,1.0,6.0,14160
2023-03-22 22:13:00,0.0,1.0,14220
2023-03-22 22:14:00,0.0,2.0,14280
2023-03-22 22:15:00,0.0,0.0,14340
2023-03-22 22:16:00,0.0,0.0,14400
2023-03-22 22:17:00,0.0,0.0,14460
2023-03-22 22:18:00,0.0,0.0,14520
2023-03-22 22:19:00,0.0,0.0,14580
2023-03-22 22:20:00,0.0,0.0,14640
2023-03-22 22:21:00,0.0,0.0,14700
2023-03-22 22:22:00,0.0,0.0,14760
2023-03-22 22:23:00,0.0,0.0,14820
2023-03-22 22:24:00,0.0,0.0,14880
2023-03-22 22:25:00,0.0,0.0,14940
2023-03-22 22:26:00,0.0,0.0,15000
2023-03-22 22:27:00,0.0,0.0,15060
2023-03-22 22:28:00,0.0,0.0,15120
2023-03-22 22:29:00,0.0,0.0,15180
2023-03-22 22:30:00,0.0,0.0,15240
2023-03-22 22:31:00,0.0,0.0,15300
2023-03-22 22:32:00,0.0,0.0,15360
2023-03-22 22:33:00,0.0,0.0,15420
2023-03-22 22:34:00,0.0,0.0,15480
2023-03-22 22:35:00,0.0,0.0,15540
2023-03-22 22:36:00,0.0,0.0,15600
2023-03-22 22:37:00,0.0,0.0,15660
2023-03-22 22:38:00,0.0,0.0,15720
2023-03-22 22:39:00,0.0,0.0,15780
2023-03-22 22:40:00,0.0,0.0,15840
2023-03-22 22:41:00,0.0,0.0,15900
2023-03-22 22:42:00,0.0,0.0,15960
2023-03-22 22:43:00,0.0,0.0,16020
2023-03-22 22:44:00,0.0,0.0,16080
2023-03-22 22:45:00,0.0,0.0,16140
2023-03-22 22:46:00,0.0,0.0,16200
2023-03-22 22:47:00,0.0,0.0,16260
2023-03-22 22:48:00,0.0,0.0,16320
2023-03-22 22:49:00,0.0,0.0,16380
2023-03-22 22:50:00,0.0,0.0,16440
2023-03-22 22:51:00,0.0,0.0,16500
2023-03-22 22:52:00,0.0,0.0,16560
2023-03-22 22:53:00,0.0,0.0,16620
2023-03-22 22:54:00,0.0,0.0,16680
2023-03-22 22:55:00,0.0,0.0,16740
2023-03-22 22:56:00,0.0,0.0,16800
2023-03-22 22:57:00,0.0,0.0,16860
2023-03-22 22:58:00,0.0,0.0,16920
2023-03-22 22:59:00,0.0,0.0,16980
2023-03-22 23:00:00,0.0,0.0,17040
2023-03-22 23:01:00,0.0,0.0,17100
2023-03-22 23:02:00,0.0,0.0,17160
2023-03-22 23:03:00,0.0,0.0,17220
2023-03-22 23:04:00,0.0,0.0,17280
2023-03-22 23:05:00,0.0,0.0,17340
2023-03-22 23:06:00,0.0,0.0,17400
2023-03-22 23:07:00,0.0,0.0,17460
2023-03-22 23:08:00,0.0,0.0,17520
2023-03-22 23:09:00,0.0,0.0,17580
2023-03-22 23:10:00,0.0,0.0,17640
2023-03-22 23:11:00,0.0,0.0,17700
2023-03-22 23:12:00,0.0,0.0,17760
2023-03-22 23:13:00,0.0,0.0,17820
2023-03-22 23:14:00,0.0,0.0,17880
2023-03-22 23:15:00,0.0,0.0,17940
2023-03-22 23:16:00,0.0,0.0,18000
2023-03-22 23:17:00,0.0,0.0,18060
2023-03-22 23:18:00,0.0,0.0,18120
2023-03-22 23:19:00,0.0,0.0,18180
2023-03-22 23:20:00,0.0,0.0,18240
2023-03-22 23:21:00,0.0,0.0,18300
2023-03-22 23:22:00,0.0,0.0,18360
2023-03-22 23:23:00,0.0,0.0,18420
2023-03-22 23:24:00,0.0,0.0,18480
2023-03-22 23:25:00,0.0,0.0,18540
2023-03-22 23:26:00,0.0,0.0,18600
2023-03-22 23:27:00,0.0,0.0,18660
2023-03-22 23:28:00,0.0,0.0,18720
2023-03-22 23:29:00,0.0,0.0,18780
2023-03-22 23:30:00,0.0,0.0,18840
2023-03-22 23:31:00,0.0,0.0,18900
2023-03-22 23:32:00,0.0,0.0,18960
2023-03-22 23:33:00,0.0,0.0,19020
2023-03-22 23:34:00,0.0,0.0,19080
2023-03-22 23:35:00,0.0,0.0,19140
2023-03-22 23:36:00,0.0,0.0,19200
2023-03-22 23:37:00,0.0,0.0,19260
2023-03-22 23:38:00,0.0,0.0,19320
2023-03-22 23:39:00,0.0,0.0,19380
2023-03-22 23:40:00,0.0,0.0,19440
2023-03-22 23:41:00,0.0,0.0,19500
2023-03-22 23:42:00,0.0,0.0,19560
2023-03-22 23:43:00,0.0,0.0,19620
2023-03-22 23:44:00,0.0,0.0,19680
2023-03-22 23:45:00,0.0,0.0,19740
2023-03-22 23:46:00,0.0,0.0,19800
2023-03-22 23:47:00,0.0,0.0,19860
2023-03-22 23:48:00,0.0,0.0,19920
2023-03-22 23:49:00,0.0,0.0,19980
2023-03-22 23:50:00,0.0,0.0,20040
2023-03-22 23:51:00,0.0,0.0,20100
2023-03-22 23:52:00,0.0,0.0,20160
2023-03-22 23:53:00,0.0,0.0,20220
2023-03-22 23:54:00,0.0,0.0,20280
2023-03-22 23:55:00,0.0,0.0,20340
2023-03-22 23:56:00,0.0,0.0,20400
2023-03-22 23:57:00,0.0,0.0,20460
2023-03-22 23:58:00,0.0,0.0,20520
2023-03-22 23:59:00,0.0,0.0,20580
2023-03-23 00:00:00,0.0,0.0,20640
2023-03-23 00:01:00,0.0,0.0,20700
2023-03-23 00:02:00,0.0,0.0,20760
2023-03-23 00:03:00,0.0,0.0,20820
2023-03-23 00:04:00,0.0,0.0,20880
2023-03-23 00:05:00,0.0,0.0,20940
2023-03-23 00:06:00,0.0,0.0,21000
2023-03-23 00:07:00,0.0,0.0,21060
2023-03-23 00:08:00,0.0,0.0,21120
2023-03-23 00:09:00,0.0,0.0,21180
2023-03-23 00:10:00,0.0,0.0,21240
2023-03-23 00:11:00,0.0,0.0,21300
2023-03-23 00:12:00,0.0,0.0,21360
2023-03-23 00:13:00,0.0,0.0,21420
2023-03-23 00:14:00,0.0,0.0,21480
2023-03-23 00:15:00,0.0,0.0,21540
2023-03-23 00:16:00,0.0,0.0,21600
2023-03-23 00:17:00,0.0,0.0,21660
2023-03-23 00:18:00,0.0,0.0,21720
2023-03-23 00:19:00,0.0,0.0,21780
2023-03-23 00:20:00,0.0,0.0,21840
2023-03-23 00:21:00,0.0,0.0,21900
2023-03-23 00:22:00,0.0,0.0,21960
2023-03-23 00:23:00,0.0,0.0,22020
2023-03-23 00:24:00,0.0,0.0,22080
2023-03-23 00:25:00,0.0,0.0,22140
2023-03-23 00:26:00,0.0,0.0,22200
2023-03-23 00:27:00,0.0,0.0,22260
2023-03-23 00:28:00,0.0,0.0,22320
2023-03-23 00:29:00,0.0,0.0,22380
2023-03-23 00:30:00,0.0,0.0,22440
2023-03-23 00:31:00,0.0,0.0,22500
2023-03-23 00:32:00,0.0,0.0,22560
2023-03-23 00:33:00,0.0,0.0,22620
2023-03-23 00:34:00,0.0,0.0,22680
2023-03-23 00:35:00,0.0,0.0,22740
2023-03-23 00:36:00,0.0,0.0,22800
2023-03-23 00:37:00,0.0,0.0,22860
2023-03-23 00:38:00,0.0,0.0,22920
2023-03-23 00:39:00,0.0,0.0,22980
2023-03-23 00:40:00,0.0,0.0,23040
2023-03-23 00:41:00,0.0,0.0,23100
2023-03-23 00:42:00,0.0,0.0,23160
2023-03-23 00:43:00,0.0,0.0,23220
2023-03-23 00:44:00,0.0,0.0,23280
2023-03-23 00:45:00,0.0,0.0,23340
2023-03-23 00:46:00,0.0,0.0,23400
2023-03-23 00:47:00,0.0,0.0,23460
2023-03-23 00:48:00,0.0,0.0,23520
2023-03-23 00:49:00,0.0,0.0,23580
2023-03-23 00:50:00,0.0,0.0,23640
2023-03-23 00:51:00,0.0,0.0,23700
2023-03-23 00:52:00,0.0,0.0,23760
2023-03-23 00:53:00,0.0,0.0,23820
2023-03-23 00:54:00,0.0,0.0,23880
2023-03-23 00:55:00,0.0,0.0,23940
2023-03-23 00:56:00,0.0,0.0,24000
2023-03-23 00:57:00,0.0,0.0,24060
2023-03-23 00:58:00,0.0,0.0,24120
2023-03-23 00:59:00,0.0,0.0,24180
2023-03-23 01:00:00,0.0,0.0,24240
2023-03-23 01:01:00,0.0,0.0,24300
2023-03-23 01:02:00,0.0,0.0,24360
2023-03-23 01:03:00,0.0,0.0,24420
2023-03-23 01:04:00,0.0,0.0,24480
2023-03-23 01:05:00,0.0,0.0,24540
2023-03-23 01:06:00,0.0,0.0,24600
2023-03-23 01:07:00,0.0,0.0,24660
2023-03-23 01:08:00,0.0,0.0,24720
2023-03-23 01:09:00,0.0,0.0,24780
2023-03-23 01:10:00,0.0,0.0,24840
2023-03-23 01:11:00,0.0,0.0,24900
2023-03-23 01:12:00,0.0,0.0,24960
2023-03-23 01:13:00,0.0,0.0,25020
2023-03-23 01:14:00,0.0,0.0,25080
2023-03-23 01:15:00,0.0,0.0,25140
2023-03-23 01:16:00,0.0,0.0,25200
2023-03-23 01:17:00,0.0,0.0,25260
2023-03-23 01:18:00,0.0,0.0,25320
2023-03-23 01:19:00,0.0,0.0,25380
2023-03-23 01:20:00,0.0,0.0,25440
2023-03-23 01:21:00,0.0,0.0,25500
2023-03-23 01:22:00,0.0,0.0,25560
2023-03-23 01:23:00,0.0,0.0,25620
2023-03-23 01:24:00,0.0,0.0,25680
2023-03-23 01:25:00,0.0,0.0,25740
2023-03-23 01:26:00,0.0,0.0,25800
2023-03-23 01:27:00,0.0,0.0,25860
2023-03-23 01:28:00,0.0,0.0,25920
2023-03-23 01:29:00,0.0,0.0,25980
2023-03-23 01:30:00,0.0,0.0,26040
2023-03-23 01:31:00,0.0,0.0,26100
2023-03-23 01:32:00,0.0,0.0,26160
2023-03-23 01:33:00,0.0,0.0,26220
2023-03-23 01:34:00,0.0,0.0,26280
2023-03-23 01:35:00,0.0,0.0,26340
2023-03-23 01:36:00,0.0,0.0,26400
2023-03-23 01:37:00,0.0,0.0,26460
2023-03-23 01:38:00,0.0,0.0,26520
2023-03-23 01:39:00,0.0,0.0,26580
2023-03-23 01:40:00,0.0,0.0,26640
2023-03-23 01:41:00,0.0,0.0,26700
2023-03-23 01:42:00,0.0,0.0,26760
2023-03-23 01:43:00,0.0,0.0,26820
2023-03-23 01:44:00,0.0,0.0,26880
2023-03-23 01:45:00,0.0,0.0,26940
2023-03-23 01:46:00,0.0,0.0,27000
2023-03-23 01:47:00,0.0,0.0,27060
2023-03-23 01:48:00,0.0,0.0,27120
2023-03-23 01:49:00,0.0,0.0,27180
2023-03-23 01:50:00,0.0,0.0,27240
2023-03-23 01:51:00,0.0,0.0,27300
2023-03-23 01:52:00,0.0,0.0,27360
2023-03-23 01:53:00,0.0,0.0,27420
2023-03-23 01:54:00,0.0,0.0,27480
2023-03-23 01:55:00,0.0,0.0,27540
2023-03-23 01:56:00,0.0,0.0,27600
2023-03-23 01:57:00,0.0,0.0,27660
2023-03-23 01:58:00,0.0,0.0,27720
2023-03-23 01:59:00,0.0,0.0,27780
2023-03-23 02:00:00,0.0,0.0,27840
2023-03-23 02:01:00,0.0,0.0,27900
2023-03-23 02:02:00,0.0,0.0,27960
2023-03-23 02:03:00,0.0,0.0,28020
2023-03-23 02:04:00,0.0,0.0,28080
2023-03-23 02:05:00,0.0,0.0,28140
2023-03-23 02:06:00,0.0,0.0,28200
2023-03-23 02:07:00,0.0,0.0,28260
2023-03-23 02:08:00,0.0,0.0,28320
2023-03-23 02:09:00,0.0,0.0,28380
2023-03-23 02:10:00,0.0,0.0,28440
2023-03-23 02:11:00,0.0,0.0,28500
2023-03-23 02:12:00,0.0,0.0,28560
2023-03-23 02:13:00,0.0,0.0,28620
2023-03-23 02:14:00,0.0,0.0,28680
2023-03-23 02:15:00,0.0,0.0,28740
2023-03-23 02:16:00,0.0,0.0,28800
2023-03-23 02:17:00,0.0,0.0,28860
2023-03-23 02:18:00,0.0,0.0,28920
2023-03-23 02:19:00,0.0,0.0,28980
2023-03-23 02:20:00,0.0,0.0,29040
2023-03-23 02:21:00,0.0,0.0,29100
2023-03-23 02:22:00,0.0,0.0,29160
2023-03-23 02:23:00,0.0,0.0,29220
2023-03-23 02:24:00,0.0,0.0,29280
2023-03-23 02:25:00,0.0,0.0,29340
2023-03-23 02:26:00,0.0,0.0,29400
2023-03-23 02:27:00,0.0,0.0,29460
2023-03-23 02:28:00,0.0,0.0,29520
2023-03-23 02:29:00,0.0,0.0,29580
2023-03-23 02:30:00,0.0,0.0,29640
2023-03-23 02:31:00,0.0,0.0,29700
2023-03-23 02:32:00,0.0,0.0,29760
2023-03-23 02:33:00,0.0,0.0,29820
2023-03-23 02:34:00,0.0,0.0,29880
2023-03-23 02:35:00,0.0,0.0,29940
2023-03-23 02:36:00,0.0,0.0,30000
2023-03-23 02:37:00,0.0,0.0,30060
2023-03-23 02:38:00,0.0,0.0,30120
2023-03-23 02:39:00,0.0,0.0,30180
2023-03-23 02:40:00,0.0,0.0,30240
2023-03-23 02:41:00,0.0,0.0,30300
2023-03-23 02:42:00,0.0,0.0,30360
2023-03-23 02:43:00,0.0,0.0,30420
2023-03-23 02:44:00,0.0,0.0,30480
2023-03-23 02:45:00,0.0,0.0,30540
2023-03-23 02:46:00,0.0,0.0,30600
2023-03-23 02:47:00,0.0,0.0,30660
2023-03-23 02:48:00,0.0,0.0,30720
2023-03-23 02:49:00,0.0,0.0,30780
2023-03-23 02:50:00,0.0,0.0,30840
2023-03-23 02:51:00,0.0,0.0,30900
2023-03-23 02:52:00,0.0,0.0,30960
2023-03-23 02:53:00,0.0,0.0,31020
2023-03-23 02:54:00,0.0,0.0,31080
2023-03-23 02:55:00,0.0,0.0,31140
2023-03-23 02:56:00,0.0,0.0,31200
2023-03-23 02:57:00,0.0,0.0,31260
2023-03-23 02:58:00,0.0,0.0,31320
2023-03-23 02:59:00,0.0,0.0,31380
2023-03-23 03:00:00,0.0,0.0,31440
2023-03-23 03:01:00,0.0,0.0,31500
2023-03-23 03:02:00,0.0,0.0,31560
2023-03-23 03:03:00,0.0,0.0,31620
2023-03-23 03:04:00,0.0,0.0,31680
2023-03-23 03:05:00,0.0,0.0,31740
2023-03-23 03:06:00,0.0,0.0,31800
2023-03-23 03:07:00,0.0,0.0,31860
2023-03-23 03:08:00,0.0,0.0,31920
2023-03-23 03:09:00,0.0,0.0,31980
2023-03-23 03:10:00,0.0,0.0,32040
2023-03-23 03:11:00,0.0,0.0,32100
2023-03-23 03:12:00,0.0,0.0,32160
2023-03-23 03:13:00,0.0,0.0,32220
2023-03-23 03:14:00,0.0,0.0,32280
2023-03-23 03:15:00,0.0,0.0,32340
2023-03-23 03:16:00,0.0,0.0,32400
2023-03-23 03:17:00,0.0,0.0,32460
2023-03-23 03:18:00,0.0,0.0,32520
2023-03-23 03:19:00,0.0,0.0,32580
2023-03-23 03:20:00,0.0,0.0,32640
2023-03-23 03:21:00,0.0,0.0,32700
2023-03-23 03:22:00,0.0,0.0,32760
2023-03-23 03:23:00,0.0,0.0,32820
2023-03-23 03:24:00,0.0,0.0,32880
2023-03-23 03:25:00,0.0,0.0,32940
2023-03-23 03:26:00,0.0,0.0,33000
2023-03-23 03:27:00,0.0,0.0,33060
2023-03-23 03:28:00,0.0,0.0,33120
2023-03-23 03:29:00,0.0,0.0,33180
2023-03-23 03:30:00,0.0,0.0,33240
2023-03-23 03:31:00,0.0,0.0,33300
2023-03-23 03:32:00,0.0,0.0,33360
2023-03-23 03:33:00,0.0,0.0,33420
2023-03-23 03:34:00,0.0,0.0,33480
2023-03-23 03:35:00,0.0,0.0,33540
2023-03-23 03:36:00,0.0,0.0,33600
2023-03-23 03:37:00,0.0,0.0,33660
2023-03-23 03:38:00,0.0,0.0,33720
2023-03-23 03:39:00,0.0,0.0,33780
2023-03-23 03:40:00,0.0,0.0,33840
2023-03-23 03:41:00,0.0,0.0,33900
2023-03-23 03:42:00,0.0,0.0,33960
2023-03-23 03:43:00,0.0,0.0,34020
2023-03-23 03:44:00,0.0,0.0,34080
2023-03-23 03:45:00,0.0,0.0,34140
2023-03-23 03:46:00,0.0,0.0,34200
2023-03-23 03:47:00,0.0,0.0,34260
2023-03-23 03:48:00,0.0,0.0,34320
2023-03-23 03:49:00,0.0,0.0,34380
2023-03-23 03:50:00,0.0,0.0,34440
2023-03-23 03:51:00,0.0,0.0,34500
2023-03-23 03:52:00,0.0,0.0,34560
2023-03-23 03:53:00,0.0,0.0,34620
2023-03-23 03:54:00,0.0,0.0,34680
2023-03-23 03:55:00,0.0,0.0,34740
2023-03-23 03:56:00,0.0,0.0,34800
2023-03-23 03:57:00,0.0,0.0,34860
2023-03-23 03:58:00,0.0,0.0,34920
2023-03-23 03:59:00,0.0,0.0,34980
2023-03-23 04:00:00,0.0,0.0,35040
2023-03-23 04:01:00,0.0,0.0,35100
2023-03-23 04:02:00,0.0,0.0,35160
2023-03-23 04:03:00,0.0,0.0,35220
2023-03-23 04:04:00,0.0,0.0,35280
2023-03-23 04:05:00,0.0,0.0,35340
2023-03-23 04:06:00,0.0,0.0,35400
2023-03-23 04:07:00,0.0,0.0,35460
2023-03-23 04:08:00,0.0,0.0,35520
2023-03-23 04:09:00,0.0,0.0,35580
2023-03-23 04:10:00,0.0,0.0,35640
2023-03-23 04:11:00,0.0,0.0,35700
2023-03-23 04:12:00,0.0,0.0,35760
2023-03-23 04:13:00,0.0,0.0,35820
2023-03-23 04:14:00,0.0,0.0,35880
2023-03-23 04:15:00,0.0,0.0,35940
2023-03-23 04:16:00,0.0,0.0,36000
2023-03-23 04:17:00,0.0,0.0,36060
2023-03-23 04:18:00,0.0,0.0,36120
2023-03-23 04:19:00,0.0,0.0,36180
2023-03-23 04:20:00,0.0,0.0,36240
2023-03-23 04:21:00,0.0,0.0,36300
2023-03-23 04:22:00,0.0,0.0,36360
2023-03-23 04:23:00,0.0,0.0,36420
2023-03-23 04:24:00,0.0,0.0,36480
2023-03-23 04:25:00,0.0,0.0,36540
2023-03-23 04:26:00,0.0,0.0,36600
2023-03-23 04:27:00,0.0,0.0,36660
2023-03-23 04:28:00,0.0,0.0,36720
2023-03-23 04:29:00,0.0,0.0,36780
2023-03-23 04:30:00,0.0,0.0,36840
2023-03-23 04:31:00,0.0,0.0,36900
2023-03-23 04:32:00,0.0,0.0,36960
2023-03-23 04:33:00,0.0,0.0,37020
2023-03-23 04:34:00,0.0,0.0,37080
2023-03-23 04:35:00,0.0,0.0,37140
2023-03-23 04:36:00,0.0,0.0,37200
2023-03-23 04:37:00,0.0,0.0,37260
2023-03-23 04:38:00,0.0,0.0,37320
2023-03-23 04:39:00,0.0,0.0,37380
2023-03-23 04:40:00,0.0,0.0,37440
2023-03-23 04:41:00,0.0,0.0,37500
2023-03-23 04:42:00,0.0,0.0,37560
2023-03-23 04:43:00,0.0,0.0,37620
2023-03-23 04:44:00,0.0,0.0,37680
2023-03-23 04:45:00,0.0,0.0,37740
2023-03-23 04:46:00,0.0,0.0,37800
2023-03-23 04:47:00,0.0,0.0,37860
2023-03-23 04:48:00,0.0,0.0,37920
2023-03-23 04:49:00,0.0,0.0,37980
2023-03-23 04:50:00,0.0,0.0,38040
2023-03-23 04:51:00,0.0,0.0,38100
2023-03-23 04:52:00,0.0,0.0,38160
2023-03-23 04:53:00,0.0,0.0,38220
2023-03-23 04:54:00,0.0,0.0,38280
2023-03-23 04:55:00,0.0,0.0,38340
2023-03-23 04:56:00,0.0,0.0,38400
2023-03-23 04:57:00,0.0,0.0,38460
2023-03-23 04:58:00,0.0,0.0,38520
2023-03-23 04:59:00,0.0,0.0,38580
2023-03-23 05:00:00,0.0,0.0,38640
2023-03-23 05:01:00,0.0,0.0,38700
2023-03-23 05:02:00,0.0,0.0,38760
2023-03-23 05:03:00,0.0,0.0,38820
2023-03-23 05:04:00,0.0,0.0,38880
2023-03-23 05:05:00,0.0,0.0,38940
2023-03-23 05:06:00,0.0,0.0,39000
2023-03-23 05:07:00,0.0,0.0,39060
2023-03-23 05:08:00,0.0,0.0,39120
2023-03-23 05:09:00,0.0,0.0,39180
2023-03-23 05:10:00,0.0,0.0,39240
2023-03-23 05:11:00,0.0,0.0,39300
2023-03-23 05:12:00,0.0,0.0,39360
2023-03-23 05:13:00,0.0,0.0,39420
2023-03-23 05:14:00,0.0,0.0,39480
2023-03-23 05:15:00,0.0,0.0,39540
2023-03-23 05:16:00,0.0,0.0,39600
2023-03-23 05:17:00,0.0,0.0,39660
2023-03-23 05:18:00,0.0,0.0,39720
2023-03-23 05:19:00,0.0,0.0,39780
2023-03-23 05:20:00,0.0,0.0,39840
2023-03-23 05:21:00,0.0,0.0,39900
2023-03-23 05:22:00,0.0,0.0,39960
2023-03-23 05:23:00,0.0,0.0,40020
2023-03-23 05:24:00,0.0,0.0,40080
2023-03-23 05:25:00,0.0,0.0,40140
2023-03-23 05:26:00,0.0,0.0,40200
2023-03-23 05:27:00,0.0,0.0,40260
2023-03-23 05:28:00,0.0,0.0,40320
2023-03-23 05:29:00,0.0,0.0,40380
2023-03-23 05:30:00,0.0,0.0,40440
2023-03-23 05:31:00,0.0,0.0,40500
2023-03-23 05:32:00,0.0,0.0,40560
2023-03-23 05:33:00,0.0,0.0,40620
2023-03-23 05:34:00,0.0,0.0,40680
2023-03-23 05:35:00,0.0,0.0,40740
2023-03-23 05:36:00,0.0,0.0,40800
2023-03-23 05:37:00,0.0,0.0,40860
2023-03-23 05:38:00,0.0,0.0,40920
2023-03-23 05:39:00,0.0,0.0,40980
2023-03-23 05:40:00,0.0,0.0,41040
2023-03-23 05:41:00,0.0,0.0,41100
2023-03-23 05:42:00,0.0,0.0,41160
2023-03-23 05:43:00,0.0,0.0,41220
2023-03-23 05:44:00,0.0,0.0,41280
2023-03-23 05:45:00,0.0,0.0,41340
2023-03-23 05:46:00,0.0,0.0,41400
2023-03-23 05:47:00,0.0,0.0,41460
2023-03-23 05:48:00,0.0,0.0,41520
2023-03-23 05:49:00,0.0,0.0,41580
2023-03-23 05:50:00,0.0,0.0,41640
2023-03-23 05:51:00,0.0,0.0,41700
2023-03-23 05:52:00,0.0,0.0,41760
2023-03-23 05:53:00,0.0,0.0,41820
2023-03-23 05:54:00,0.0,0.0,41880
2023-03-23 05:55:00,0.0,0.0,41940
2023-03-23 05:56:00,0.0,0.0,42000
2023-03-23 05:57:00,0.0,0.0,42060
2023-03-23 05:58:00,0.0,0.0,42120
2023-03-23 05:59:00,0.0,0.0,42180
2023-03-23 06:00:00,0.0,0.0,42240
2023-03-23 06:01:00,0.0,0.0,42300
2023-03-23 06:02:00,0.0,0.0,42360
2023-03-23 06:03:00,0.0,0.0,42420
2023-03-23 06:04:00,0.0,0.0,42480
2023-03-23 06:05:00,0.0,0.0,42540
2023-03-23 06:06:00,0.0,0.0,42600
2023-03-23 06:07:00,0.0,0.0,42660
2023-03-23 06:08:00,0.0,0.0,42720
2023-03-23 06:09:00,0.0,0.0,42780
2023-03-23 06:10:00,0.0,0.0,42840
2023-03-23 06:11:00,0.0,0.0,42900
2023-03-23 06:12:00,0.0,0.0,42960
2023-03-23 06:13:00,0.0,0.0,43020
2023-03-23 06:14:00,0.0,0.0,43080
2023-03-23 06:15:00,0.0,0.0,43140
2023-03-23 06:16:00,0.0,0.0,43200
2023-03-23 06:17:00,0.0,0.0,43260
2023-03-23 06:18:00,0.0,0.0,43320
2023-03-23 06:19:00,0.0,0.0,43380
2023-03-23 06:20:00,0.0,0.0,43440
2023-03-23 06:21:00,0.0,0.0,43500
2023-03-23 06:22:00,0.0,0.0,43560
2023-03-23 06:23:00,0.0,0.0,43620
2023-03-23 06:24:00,0.0,0.0,43680
2023-03-23 06:25:00,0.0,0.0,43740
2023-03-23 06:26:00,0.0,0.0,43800
2023-03-23 06:27:00,0.0,0.0,43860
2023-03-23 06:28:00,0.0,0.0,43920
2023-03-23 06:29:00,0.0,0.0,43980
2023-03-23 06:30:00,0.0,0.0,44040
2023-03-23 06:31:00,0.0,0.0,44100
2023-03-23 06:32:00,0.0,0.0,44160
2023-03-23 06:33:00,0.0,0.0,44220
2023-03-23 06:34:00,0.0,0.0,44280
2023-03-23 06:35:00,0.0,0.0,44340
2023-03-23 06:36:00,0.0,0.0,44400
2023-03-23 06:37:00,0.0,0.0,44460
2023-03-23 06:38:00,0.0,0.0,44520
2023-03-23 06:39:00,0.0,0.0,44580
2023-03-23 06:40:00,0.0,0.0,44640
2023-03-23 06:41:00,0.0,0.0,44700
2023-03-23 06:42:00,0.0,0.0,44760
2023-03-23 06:43:00,0.0,0.0,44820
2023-03-23 06:44:00,0.0,0.0,44880
2023-03-23 06:45:00,0.0,0.0,44940
2023-03-23 06:46:00,0.0,0.0,45000
2023-03-23 06:47:00,0.0,0.0,45060
2023-03-23 06:48:00,0.0,0.0,45120
2023-03-23 06:49:00,0.0,0.0,45180
2023-03-23 06:50:00,0.0,0.0,45240
2023-03-23 06:51:00,0.0,0.0,45300
2023-03-23 06:52:00,0.0,0.0,45360
2023-03-23 06:53:00,0.0,0.0,45420
2023-03-23 06:54:00,0.0,0.0,45480
2023-03-23 06:55:00,0.0,0.0,45540
2023-03-23 06:56:00,0.0,0.0,45600
2023-03-23 06:57:00,0.0,0.0,45660
2023-03-23 06:58:00,0.0,0.0,45720
2023-03-23 06:59:00,0.0,0.0,45780
2023-03-23 07:00:00,0.0,0.0,45840
2023-03-23 07:01:00,0.0,0.0,45900
2023-03-23 07:02:00,0.0,0.0,45960
2023-03-23 07:03:00,0.0,0.0,46020
2023-03-23 07:04:00,0.0,0.0,46080
2023-03-23 07:05:00,0.0,0.0,46140
2023-03-23 07:06:00,0.0,0.0,46200
2023-03-23 07:07:00,0.0,0.0,46260
2023-03-23 07:08:00,0.0,0.0,46320
2023-03-23 07:09:00,0.0,0.0,46380
2023-03-23 07:10:00,0.0,0.0,46440
2023-03-23 07:11:00,0.0,0.0,46500
2023-03-23 07:12:00,0.0,0.0,46560
2023-03-23 07:13:00,0.0,0.0,46620
2023-03-23 07:14:00,0.0,0.0,46680
2023-03-23 07:15:00,0.0,0.0,46740
2023-03-23 07:16:00,0.0,0.0,46800
2023-03-23 07:17:00,0.0,0.0,46860
2023-03-23 07:18:00,0.0,0.0,46920
2023-03-23 07:19:00,0.0,0.0,46980
2023-03-23 07:20:00,0.0,0.0,47040
2023-03-23 07:21:00,0.0,0.0,47100
2023-03-23 07:22:00,0.0,0.0,47160
2023-03-23 07:23:00,0.0,0.0,47220
2023-03-23 07:24:00,0.0,0.0,47280
2023-03-23 07:25:00,0.0,0.0,47340
2023-03-23 07:26:00,0.0,0.0,47400
2023-03-23 07:27:00,0.0,0.0,47460
2023-03-23 07:28:00,0.0,0.0,47520
2023-03-23 07:29:00,0.0,0.0,47580
2023-03-23 07:30:00,0.0,0.0,47640
2023-03-23 07:31:00,0.0,0.0,47700
2023-03-23 07:32:00,0.0,0.0,47760
2023-03-23 07:33:00,0.0,0.0,47820
2023-03-23 07:34:00,0.0,0.0,47880
2023-03-23 07:35:00,0.0,0.0,47940
2023-03-23 07:36:00,0.0,0.0,48000
2023-03-23 07:37:00,0.0,0.0,48060
2023-03-23 07:38:00,0.0,0.0,48120
2023-03-23 07:39:00,0.0,0.0,48180
2023-03-23 07:40:00,0.0,0.0,48240
2023-03-23 07:41:00,0.0,0.0,48300
2023-03-23 07:42:00,0.0,0.0,48360
2023-03-23 07:43:00,0.0,0.0,48420
2023-03-23 07:44:00,0.0,0.0,48480
2023-03-23 07:45:00,0.0,0.0,48540
2023-03-23 07:46:00,0.0,0.0,48600
2023-03-23 07:47:00,0.0,0.0,48660
2023-03-23 07:48:00,0.0,0.0,48720
2023-03-23 07:49:00,0.0,0.0,48780
2023-03-23 07:50:00,0.0,0.0,48840
2023-03-23 07:51:00,0.0,0.0,48900
2023-03-23 07:52:00,0.0,0.0,48960
2023-03-23 07:53:00,0.0,0.0,49020
2023-03-23 07:54:00,0.0,0.0,49080
2023-03-23 07:55:00,0.0,0.0,49140
2023-03-23 07:56:00,0.0,0.0,49200
2023-03-23 07:57:00,0.0,0.0,49260
2023-03-23 07:58:00,0.0,0.0,49320
2023-03-23 07:59:00,0.0,0.0,49380
2023-03-23 08:00:00,0.0,0.0,49440
2023-03-23 08:01:00,0.0,0.0,49500
2023-03-23 08:02:00,0.0,0.0,49560
2023-03-23 08:03:00,0.0,0.0,49620
2023-03-23 08:04:00,0.0,0.0,49680
2023-03-23 08:05:00,0.0,0.0,49740
2023-03-23 08:06:00,0.0,0.0,49800
2023-03-23 08:07:00,0.0,0.0,49860
2023-03-23 08:08:00,0.0,0.0,49920
2023-03-23 08:09:00,0.0,0.0,49980
2023-03-23 08:10:00,0.0,0.0,50040
2023-03-23 08:11:00,0.0,0.0,50100
2023-03-23 08:12:00,0.0,0.0,50160
2023-03-23 08:13:00,0.0,0.0,50220
2023-03-23 08:14:00,0.0,0.0,50280
2023-03-23 08:15:00,0.0,0.0,50340
2023-03-23 08:16:00,0.0,0.0,50400
2023-03-23 08:17:00,0.0,0.0,50460
2023-03-23 08:18:00,0.0,0.0,50520
2023-03-23 08:19:00,0.0,0.0,50580
2023-03-23 08:20:00,0.0,0.0,50640
2023-03-23 08:21:00,0.0,0.0,50700
2023-03-23 08:22:00,0.0,0.0,50760
2023-03-23 08:23:00,0.0,0.0,50820
2023-03-23 08:24:00,0.0,0.0,50880
2023-03-23 08:25:00,0.0,0.0,50940
2023-03-23 08:26:00,0.0,0.0,51000
2023-03-23 08:27:00,0.0,0.0,51060
2023-03-23 08:28:00,0.0,0.0,51120
2023-03-23 08:29:00,0.0,0.0,51180
2023-03-23 08:30:00,0.0,0.0,51240
2023-03-23 08:31:00,0.0,0.0,51300
2023-03-23 08:32:00,0.0,0.0,51360
2023-03-23 08:33:00,0.0,0.0,51420
2023-03-23 08:34:00,0.0,0.0,51480
2023-03-23 08:35:00,0.0,0.0,51540
2023-03-23 08:36:00,0.0,0.0,51600
2023-03-23 08:37:00,0.0,0.0,51660
2023-03-23 08:38:00,0.0,0.0,51720
2023-03-23 08:39:00,0.0,0.0,51780
2023-03-23 08:40:00,0.0,0.0,51840
2023-03-23 08:41:00,0.0,0.0,51900
2023-03-23 08:42:00,0.0,0.0,51960
2023-03-23 08:43:00,0.0,0.0,52020
2023-03-23 08:44:00,0.0,0.0,52080
2023-03-23 08:45:00,0.0,0.0,52140
2023-03-23 08:46:00,0.0,0.0,52200
2023-03-23 08:47:00,0.0,0.0,52260
2023-03-23 08:48:00,0.0,0.0,52320
2023-03-23 08:49:00,0.0,0.0,52380
2023-03-23 08:50:00,0.0,0.0,52440
2023-03-23 08:51:00,0.0,0.0,52500
2023-03-23 08:52:00,0.0,0.0,52560
2023-03-23 08:53:00,0.0,0.0,52620
2023-03-23 08:54:00,0.0,0.0,52680
2023-03-23 08:55:00,0.0,0.0,52740
2023-03-23 08:56:00,0.0,0.0,52800
2023-03-23 08:57:00,0.0,0.0,52860
2023-03-23 08:58:00,0.0,0.0,52920
2023-03-23 08:59:00,0.0,0.0,52980
2023-03-23 09:00:00,0.0,0.0,53040
2023-03-23 09:01:00,0.0,0.0,53100
2023-03-23 09:02:00,0.0,0.0,53160
2023-03-23 09:03:00,0.0,0.0,53220
2023-03-23 09:04:00,0.0,0.0,53280
2023-03-23 09:05:00,0.0,0.0,53340
2023-03-23 09:06:00,0.0,0.0,53400
2023-03-23 09:07:00,0.0,0.0,53460
2023-03-23 09:08:00,0.0,0.0,53520
2023-03-23 09:09:00,0.0,0.0,53580
2023-03-23 09:10:00,0.0,0.0,53640
2023-03-23 09:11:00,0.0,0.0,53700
2023-03-23 09:12:00,0.0,0.0,53760
2023-03-23 09:13:00,0.0,0.0,53820
2023-03-23 09:14:00,0.0,0.0,53880
2023-03-23 09:15:00,0.0,0.0,53940
2023-03-23 09:16:00,0.0,0.0,54000
2023-03-23 09:17:00,0.0,0.0,54060
2023-03-23 09:18:00,0.0,0.0,54120
2023-03-23 09:19:00,0.0,0.0,54180
2023-03-23 09:20:00,0.0,0.0,54240
2023-03-23 09:21:00,0.0,0.0,54300
2023-03-23 09:22:00,0.0,0.0,54360
2023-03-23 09:23:00,0.0,0.0,54420
2023-03-23 09:24:00,0.0,0.0,54480
2023-03-23 09:25:00,0.0,0.0,54540
2023-03-23 09:26:00,0.0,0.0,54600
2023-03-23 09:27:00,0.0,0.0,54660
2023-03-23 09:28:00,0.0,0.0,54720
2023-03-23 09:29:00,0.0,0.0,54780
2023-03-23 09:30:00,0.0,0.0,54840
2023-03-23 09:31:00,0.0,0.0,54900
2023-03-23 09:32:00,0.0,0.0,54960
2023-03-23 09:33:00,0.0,0.0,55020
2023-03-23 09:34:00,0.0,0.0,55080
2023-03-23 09:35:00,0.0,0.0,55140
2023-03-23 09:36:00,0.0,0.0,55200
2023-03-23 09:37:00,0.0,0.0,55260
2023-03-23 09:38:00,0.0,0.0,55320
2023-03-23 09:39:00,0.0,0.0,55380
2023-03-23 09:40:00,0.0,0.0,55440
2023-03-23 09:41:00,0.0,0.0,55500
2023-03-23 09:42:00,0.0,0.0,55560
2023-03-23 09:43:00,0.0,0.0,55620
2023-03-23 09:44:00,0.0,0.0,55680
2023-03-23 09:45:00,0.0,0.0,55740
2023-03-23 09:46:00,0.0,0.0,55800
2023-03-23 09:47:00,0.0,0.0,55860
2023-03-23 09:48:00,0.0,0.0,55920
2023-03-23 09:49:00,0.0,0.0,55980
2023-03-23 09:50:00,0.0,0.0,56040
2023-03-23 09:51:00,0.0,0.0,56100
2023-03-23 09:52:00,0.0,0.0,56160
2023-03-23 09:53:00,0.0,0.0,56220
2023-03-23 09:54:00,0.0,0.0,56280
2023-03-23 09:55:00,0.0,0.0,56340
2023-03-23 09:56:00,0.0,0.0,56400
2023-03-23 09:57:00,0.0,0.0,56460
2023-03-23 09:58:00,0.0,0.0,56520
2023-03-23 09:59:00,0.0,0.0,56580
2023-03-23 10:00:00,0.0,0.0,56640
2023-03-23 10:01:00,0.0,0.0,56700
2023-03-23 10:02:00,0.0,0.0,56760
2023-03-23 10:03:00,0.0,0.0,56820
2023-03-23 10:04:00,0.0,0.0,56880
2023-03-23 10:05:00,0.0,0.0,56940
2023-03-23 10:06:00,0.0,0.0,57000
2023-03-23 10:07:00,0.0,0.0,57060
2023-03-23 10:08:00,0.0,0.0,57120
2023-03-23 10:09:00,0.0,0.0,57180
2023-03-23 10:10:00,0.0,0.0,57240
2023-03-23 10:11:00,0.0,0.0,57300
2023-03-23 10:12:00,0.0,0.0,57360
2023-03-23 10:13:00,0.0,0.0,57420
2023-03-23 10:14:00,0.0,0.0,57480
2023-03-23 10:15:00,0.0,0.0,57540
2023-03-23 10:16:00,0.0,0.0,57600
2023-03-23 10:17:00,0.0,0.0,57660
2023-03-23 10:18:00,0.0,0.0,57720
2023-03-23 10:19:00,0.0,0.0,57780
2023-03-23 10:20:00,0.0,0.0,57840
2023-03-23 10:21:00,0.0,0.0,57900
2023-03-23 10:22:00,0.0,0.0,57960
2023-03-23 10:23:00,0.0,0.0,58020
2023-03-23 10:24:00,0.0,0.0,58080
2023-03-23 10:25:00,0.0,0.0,58140
2023-03-23 10:26:00,0.0,0.0,58200
2023-03-23 10:27:00,0.0,0.0,58260
2023-03-23 10:28:00,0.0,0.0,58320
2023-03-23 10:29:00,0.0,0.0,58380
2023-03-23 10:30:00,0.0,0.0,58440
2023-03-23 10:31:00,0.0,0.0,58500
2023-03-23 10:32:00,0.0,0.0,58560
2023-03-23 10:33:00,0.0,0.0,58620
2023-03-23 10:34:00,0.0,0.0,58680
2023-03-23 10:35:00,0.0,0.0,58740
2023-03-23 10:36:00,0.0,0.0,58800
2023-03-23 10:37:00,0.0,0.0,58860
2023-03-23 10:38:00,0.0,0.0,58920
2023-03-23 10:39:00,0.0,0.0,58980
2023-03-23 10:40:00,0.0,0.0,59040
2023-03-23 10:41:00,0.0,0.0,59100
2023-03-23 10:42:00,0.0,0.0,59160
2023-03-23 10:43:00,0.0,0.0,59220
2023-03-23 10:44:00,0.0,0.0,59280
2023-03-23 10:45:00,0.0,0.0,59340
2023-03-23 10:46:00,0.0,0.0,59400
2023-03-23 10:47:00,0.0,0.0,59460
2023-03-23 10:48:00,0.0,0.0,59520
2023-03-23 10:49:00,0.0,0.0,59580
2023-03-23 10:50:00,0.0,0.0,59640
2023-03-23 10:51:00,0.0,0.0,59700
2023-03-23 10:52:00,0.0,0.0,59760
2023-03-23 10:53:00,0.0,0.0,59820
2023-03-23 10:54:00,0.0,0.0,59880
2023-03-23 10:55:00,0.0,0.0,59940
2023-03-23 10:56:00,0.0,0.0,60000
2023-03-23 10:57:00,0.0,0.0,60060
2023-03-23 10:58:00,0.0,0.0,60120
2023-03-23 10:59:00,0.0,0.0,60180
2023-03-23 11:00:00,0.0,0.0,60240
2023-03-23 11:01:00,0.0,0.0,60300
2023-03-23 11:02:00,0.0,0.0,60360
2023-03-23 11:03:00,0.0,0.0,60420
2023-03-23 11:04:00,0.0,0.0,60480
2023-03-23 11:05:00,0.0,0.0,60540
2023-03-23 11:06:00,0.0,0.0,60600
2023-03-23 11:07:00,0.0,0.0,60660
2023-03-23 11:08:00,0.0,0.0,60720
2023-03-23 11:09:00,0.0,0.0,60780
2023-03-23 11:10:00,0.0,0.0,60840
2023-03-23 11:11:00,0.0,0.0,60900
2023-03-23 11:12:00,0.0,0.0,60960
2023-03-23 11:13:00,0.0,0.0,61020
2023-03-23 11:14:00,0.0,0.0,61080
2023-03-23 11:15:00,0.0,0.0,61140
2023-03-23 11:16:00,0.0,0.0,61200
2023-03-23 11:17:00,0.0,0.0,61260
2023-03-23 11:18:00,0.0,0.0,61320
2023-03-23 11:19:00,0.0,0.0,61380
2023-03-23 11:20:00,0.0,0.0,61440
2023-03-23 11:21:00,0.0,0.0,61500
2023-03-23 11:22:00,0.0,0.0,61560
2023-03-23 11:23:00,0.0,0.0,61620
2023-03-23 11:24:00,0.0,0.0,61680
2023-03-23 11:25:00,0.0,0.0,61740
2023-03-23 11:26:00,0.0,0.0,61800
2023-03-23 11:27:00,0.0,0.0,61860
2023-03-23 11:28:00,0.0,0.0,61920
2023-03-23 11:29:00,0.0,0.0,61980
2023-03-23 11:30:00,0.0,0.0,62040
2023-03-23 11:31:00,0.0,0.0,62100
2023-03-23 11:32:00,0.0,0.0,62160
2023-03-23 11:33:00,0.0,0.0,62220
2023-03-23 11:34:00,0.0,0.0,62280
2023-03-23 11:35:00,0.0,0.0,62340
2023-03-23 11:36:00,0.0,0.0,62400
2023-03-23 11:37:00,0.0,0.0,62460
2023-03-23 11:38:00,0.0,0.0,62520
2023-03-23 11:39:00,0.0,0.0,62580
2023-03-23 11:40:00,0.0,0.0,62640
2023-03-23 11:41:00,0.0,0.0,62700
2023-03-23 11:42:00,0.0,0.0,62760
2023-03-23 11:43:00,0.0,0.0,62820
2023-03-23 11:44:00,0.0,0.0,62880
2023-03-23 11:45:00,0.0,0.0,62940
2023-03-23 11:46:00,0.0,0.0,63000
2023-03-23 11:47:00,0.0,0.0,63060
2023-03-23 11:48:00,0.0,0.0,63120
2023-03-23 11:49:00,0.0,0.0,63180
2023-03-23 11:50:00,0.0,0.0,63240
2023-03-23 11:51:00,0.0,0.0,63300
2023-03-23 11:52:00,0.0,0.0,63360
2023-03-23 11:53:00,0.0,0.0,63420
2023-03-23 11:54:00,0.0,0.0,63480
2023-03-23 11:55:00,0.0,0.0,63540
2023-03-23 11:56:00,0.0,0.0,63600
2023-03-23 11:57:00,0.0,0.0,63660
2023-03-23 11:58:00,0.0,0.0,63720
2023-03-23 11:59:00,0.0,0.0,63780
2023-03-23 12:00:00,0.0,0.0,63840
2023-03-23 12:01:00,0.0,0.0,63900
2023-03-23 12:02:00,0.0,0.0,63960
2023-03-23 12:03:00,0.0,0.0,64020
2023-03-23 12:04:00,0.0,0.0,64080
2023-03-23 12:05:00,0.0,0.0,64140
2023-03-23 12:06:00,0.0,0.0,64200
2023-03-23 12:07:00,0.0,0.0,64260
2023-03-23 12:08:00,0.0,0.0,64320
2023-03-23 12:09:00,0.0,0.0,64380
2023-03-23 12:10:00,0.0,0.0,64440
2023-03-23 12:11:00,0.0,0.0,64500
2023-03-23 12:12:00,0.0,0.0,64560
2023-03-23 12:13:00,0.0,0.0,64620
2023-03-23 12:14:00,0.0,0.0,64680
2023-03-23 12:15:00,0.0,0.0,64740
2023-03-23 12:16:00,0.0,0.0,64800
2023-03-23 12:17:00,0.0,0.0,64860
2023-03-23 12:18:00,0.0,0.0,64920
2023-03-23 12:19:00,0.0,0.0,64980
2023-03-23 12:20:00,0.0,0.0,65040
2023-03-23 12:21:00,0.0,0.0,65100
2023-03-23 12:22:00,0.0,0.0,65160
2023-03-23 12:23:00,0.0,0.0,65220
2023-03-23 12:24:00,0.0,0.0,65280
2023-03-23 12:25:00,0.0,0.0,65340
2023-03-23 12:26:00,0.0,0.0,65400
2023-03-23 12:27:00,0.0,0.0,65460
2023-03-23 12:28:00,0.0,0.0,65520
2023-03-23 12:29:00,0.0,0.0,65580
2023-03-23 12:30:00,0.0,0.0,65640
2023-03-23 12:31:00,0.0,0.0,65700
2023-03-23 12:32:00,0.0,0.0,65760
2023-03-23 12:33:00,0.0,0.0,65820
2023-03-23 12:34:00,0.0,0.0,65880
2023-03-23 12:35:00,0.0,0.0,65940
2023-03-23 12:36:00,0.0,0.0,66000
2023-03-23 12:37:00,0.0,0.0,66060
2023-03-23 12:38:00,0.0,0.0,66120
2023-03-23 12:39:00,0.0,0.0,66180
2023-03-23 12:40:00,0.0,0.0,66240
2023-03-23 12:41:00,0.0,0.0,66300
2023-03-23 12:42:00,0.0,0.0,66360
2023-03-23 12:43:00,0.0,0.0,66420
2023-03-23 12:44:00,0.0,0.0,66480
2023-03-23 12:45:00,0.0,0.0,66540
2023-03-23 12:46:00,0.0,0.0,66600
2023-03-23 12:47:00,0.0,0.0,66660
2023-03-23 12:48:00,0.0,0.0,66720
2023-03-23 12:49:00,0.0,0.0,66780
2023-03-23 12:50:00,0.0,0.0,66840
2023-03-23 12:51:00,0.0,0.0,66900
2023-03-23 12:52:00,0.0,0.0,66960
2023-03-23 12:53:00,0.0,0.0,67020
2023-03-23 12:54:00,0.0,0.0,67080
2023-03-23 12:55:00,0.0,0.0,67140
2023-03-23 12:56:00,0.0,0.0,67200
2023-03-23 12:57:00,0.0,0.0,67260
2023-03-23 12:58:00,0.0,0.0,67320
2023-03-23 12:59:00,0.0,0.0,67380
2023-03-23 13:00:00,0.0,0.0,67440
2023-03-23 13:01:00,0.0,0.0,67500
2023-03-23 13:02:00,0.0,0.0,67560
2023-03-23 13:03:00,0.0,0.0,67620
2023-03-23 13:04:00,0.0,0.0,67680
2023-03-23 13:05:00,0.0,0.0,67740
2023-03-23 13:06:00,0.0,0.0,67800
2023-03-23 13:07:00,0.0,0.0,67860
2023-03-23 13:08:00,0.0,0.0,67920
2023-03-23 13:09:00,0.0,0.0,67980
2023-03-23 13:10:00,0.0,0.0,68040
2023-03-23 13:11:00,0.0,0.0,68100
2023-03-23 13:12:00,0.0,0.0,68160
2023-03-23 13:13:00,0.0,0.0,68220
2023-03-23 13:14:00,0.0,0.0,68280
2023-03-23 13:15:00,0.0,0.0,68340
2023-03-23 13:16:00,0.0,0.0,68400
2023-03-23 13:17:00,0.0,0.0,68460
2023-03-23 13:18:00,0.0,0.0,68520
2023-03-23 13:19:00,0.0,0.0,68580
2023-03-23 13:20:00,0.0,0.0,68640
2023-03-23 13:21:00,0.0,0.0,68700
2023-03-23 13:22:00,0.0,0.0,68760
2023-03-23 13:23:00,0.0,0.0,68820
2023-03-23 13:24:00,0.0,0.0,68880
2023-03-23 13:25:00,0.0,0.0,68940
2023-03-23 13:26:00,0.0,0.0,69000
2023-03-23 13:27:00,0.0,0.0,69060
2023-03-23 13:28:00,0.0,0.0,69120
2023-03-23 13:29:00,0.0,0.0,69180
2023-03-23 13:30:00,0.0,0.0,69240
2023-03-23 13:31:00,0.0,0.0,69300
2023-03-23 13:32:00,0.0,0.0,69360
2023-03-23 13:33:00,0.0,0.0,69420
2023-03-23 13:34:00,0.0,0.0,69480
2023-03-23 13:35:00,0.0,0.0,69540
2023-03-23 13:36:00,0.0,0.0,69600
2023-03-23 13:37:00,0.0,0.0,69660
