#file begin.,,,,,,,,,,,,,,,,,,,,,,,,,,,,,,,,,,,
#version: possum1.2,,,,,,,,,,,,,,,,,,,,,,,,,,,,,,,,,,,
#reading eemem.................................#done,,,,,,,,,,,,,,,,,,,,,,,,,,,,,,,,,,,
# CLOCK ERROR: no square wave,,,,,,,,,,,,,,,,,,,,,,,,,,,,,,,,,,,
#testing sensor coms ,,,,,,,,,,,,,,,,,,,,,,,,,,,,,,,,,,,
#ch 10 HC disabled,,,,,,,,,,,,,,,,,,,,,,,,,,,,,,,,,,,
#ch 23 HCtemp disabled,,,,,,,,,,,,,,,,,,,,,,,,,,,,,,,,,,,
#channels tested OK: 31,,,,,,,,,,,,,,,,,,,,,,,,,,,,,,,,,,,
# num inputs: 33,,,,,,,,,,,,,,,,,,,,,,,,,,,,,,,,,,,
#headers:,,,,,,,,,,,,,,,,,,,,,,,,,,,,,,,,,,,
#A:,nan,10,0.12188,0.46524,1.10464,0.90656,1,1,1,1,0.05708,0.17561,1,1,1,0.11345,0.10736,0.11278,0.11246,0.11009,0.00474,0.9754,0.27664,1,1,1,1,1,0.00683,1,1,1,1,0.56357,37.5954018
#B:,nan,10,-8558.6,-8529.7,-43.1,-167.5,-8541.4,-26283,-26268,-26264,-1827.3,3,0,-171,0,-13053,-13326,-14174,-13497,-14562,-785.5,53110.6,0,0,0,0,0,0,0,0,0,0,0,-5581.6,-4.7
#C:,nan,10,Cpitot(-),MolWt(g/mol),NozDiam(mm),MSC(m2/g),Rminrat,Gminrat,Bminrat,nan,nan,nan,nan,nan,nan,nan,nan,nan,nan,nan,nan,nan,nan,nan,nan,nan,nan,nan,nan,nan,nan,nan,nan,nan,nan
#D:,nan,10,0.84,29,3.175,299,nan,299,nan,nan,29,nan,nan,nan,nan,nan,nan,nan,nan,nan,nan,nan,nan,nan,nan,nan,nan,nan,nan,nan,nan,nan,nan,nan,nan
#units:,s,10,ppm,ppm,ppm,ppm,ppm,ppm,ppm,ppm,ppm,ppm,ppm,Mm^-1,%,sccm,sccm,sccm,sccm,sccm,Pa,Pa,degC,degC,degC,degC,degC,degC,V,m/s,m/s,ug,-,ppm,ppm
time,seconds,ID,CO,CObkg,CO2,CO2bkg,SO2,NO,NO2,H2S,VOC,O2,HC,PM,RH,F1Flow,F2Flow,SampFlow,USampFlow,DilFlow,Pitot,Pamb,TCnoz,TC2,COtemp,HCtemp,HCinTemp,HCoutTemp,BattV,StakVel,NozVel,PMmass,DilRat,COhi,CO2hi
20230125 15:22:21,3,10,35.88,18.28,248.9,523.28,33.6,-109,41,0,100.22,20.02,nan,8,9.95,543.2,-11.7,1041.75,613.47,1510.54,-0.02,100526.28,4095,nan,8.19,nan,2678,2720,23.96,-0.54,21.39,0,24.09,4.17,554.54
20230125 15:22:22,4,10,35.88,17.82,248.9,524.28,33.6,-9,39,0,100.22,20.02,nan,8,9.95,543.65,-11.7,1042.09,613.81,1506.58,-0.01,100527.26,4095,nan,8.19,nan,2677,2720,23.95,-0.46,21.55,0,22.33,4.17,479.35
20230125 15:22:23,5,10,35.88,17.82,252.43,524.28,33.6,-91,42,0,99.99,20.02,nan,8,9.95,542.06,-11.7,1041.86,613.47,1507.68,-0.02,100526.28,4095,nan,8.25,nan,2678,2721,23.97,-0.61,21.45,0,23.36,4.17,516.94
20230125 15:22:24,6,10,35.88,17.82,252.43,523.83,32.6,-5,37,0,100.22,20.02,nan,8,9.95,542.18,-11.81,1042.31,613.58,1507.9,-0.03,100526.28,4095,nan,8.25,nan,2678,2720,23.95,-0.68,21.46,0,23.28,4.17,479.35
20230125 15:22:25,7,10,35.88,17.82,253.43,523.83,32.6,-42,40,0,100.04,20.02,nan,8,9.95,543.43,-11.81,1041.86,613.47,1506.47,0.01,100526.28,4095,nan,8.25,nan,2677,2720,23.98,0.35,21.52,0,22.48,4.17,498.14
20230125 15:22:26,8,10,35.88,17.82,253.43,524.37,32.6,42,39,0,99.99,20.02,nan,8,9.95,542.29,-11.81,1042.2,613.69,1510.54,-0.02,100525.3,4095,nan,8.19,nan,2678,2721,23.95,-0.61,21.38,0,24.31,4.17,479.35
20230125 15:22:27,9,10,35.88,17.82,255.08,524.37,33.6,-91,40,0,100.16,20.02,nan,9,9.95,543.65,-11.7,1041.64,613.58,1509.11,-0.05,100525.3,4095,nan,8.19,nan,2678,2721,23.97,-0.98,21.45,0,23.41,4.17,516.94
20230125 15:22:28,10,10,36,17.82,255.08,527,32.6,27,39,0,100.22,20.02,nan,8,9.95,542.52,-11.7,1041.75,613.47,1506.47,-0.02,100526.28,4095,nan,8.19,nan,2678,2722,23.96,-0.61,21.5,0,22.79,4.17,516.94
20230125 15:22:29,11,10,36,17.82,257.62,527,32.6,-58,42,0,100.22,20.02,nan,8,9.95,542.63,-11.49,1041.75,613.69,1510.43,0,100526.28,4095,nan,8.25,nan,2679,2721,23.97,-0.2,21.39,0,24.18,4.17,498.14
20230125 15:22:30,12,10,36,17.82,257.62,528.91,33.6,81,41,0,100.1,20.02,nan,8,9.95,542.4,-11.81,1041.3,613.36,1510.1,0.02,100526.28,4095,nan,8.19,nan,2678,2720,23.95,0.54,21.36,0,24.44,4.17,460.55
20230125 15:22:31,13,10,35.88,17.82,254.42,528.91,32.6,-9,39,0,100.16,20.02,nan,8,9.95,541.5,-11.81,1042.43,613.47,1509,-0.09,100526.28,4095,nan,8.25,nan,2678,2720,23.97,-1.24,21.4,0,23.91,4.17,535.74
20230125 15:22:32,14,10,36,18.28,254.42,525.1,33.6,-10,39,0,100.16,20.02,nan,8,9.95,542.63,-11.81,1041.52,613.36,1508.45,-0.01,100515.55,4095,nan,8.31,nan,2679,2722,23.96,-0.35,21.42,0,23.61,4.17,498.14
20230125 15:22:33,15,10,35.88,18.28,253.1,525.1,33.6,-42,39,0,100.27,20.02,nan,8,9.95,542.06,-11.7,1040.62,613.36,1509.88,0.01,100523.36,4095,nan,8.25,nan,2678,2721,23.97,0.46,21.33,0,24.71,4.17,498.14
20230125 15:22:34,16,10,36,17.82,253.1,521.02,33.6,12,38,0,100.16,20.02,nan,8,9.95,541.72,-11.59,1041.52,613.58,1509.33,0,100523.36,4095,nan,8.25,nan,2678,2722,23.95,0.2,21.38,0,24.22,4.17,516.94
20230125 15:22:35,17,10,36,17.82,252.87,521.02,32.6,-55,37,0,100.16,20.02,nan,9,9.91,542.97,-11.49,1041.64,613.69,1507.57,0,100526.28,4095,nan,8.31,nan,2679,2721,23.96,-0.2,21.49,0,23,4.17,479.35
20230125 15:22:36,18,10,36.13,18.28,252.87,517.75,33.6,-43,37,0,100.22,20.02,nan,8,9.91,541.72,-11.38,1040.85,613.36,1508.45,-0.01,100525.3,4095,nan,8.31,nan,2679,2722,23.95,-0.35,21.39,0,24.04,4.17,460.55
20230125 15:22:37,19,10,36,18.28,252.54,517.75,32.6,-72,39,0,100.22,20.02,nan,8,9.95,541.95,-11.27,1041.86,613.47,1509.77,-0.04,100524.34,4095,nan,8.31,nan,2680,2722,23.97,-0.79,21.39,0,24.05,4.17,498.14
20230125 15:22:38,20,10,36,17.82,252.54,513.77,33.6,14,38,0,100.22,20.02,nan,8,9.91,541.16,-11.27,1041.41,613.24,1507.68,-0.1,100525.3,4095,nan,8.25,nan,2680,2722,23.96,-1.31,21.41,0,23.7,4.17,479.35
20230125 15:22:39,21,10,35.88,17.82,252.65,513.77,33.6,-66,37,0,100.22,20.02,nan,8,9.91,541.61,-11.06,1041.86,613.69,1507.13,-0.01,100526.28,4095,nan,8.25,nan,2679,2722,23.97,-0.46,21.48,0,23.09,4.17,516.94
20230125 15:22:40,22,10,36,17.82,252.65,512.04,33.6,-59,38,0,100.16,20.02,nan,9,9.91,543.31,-11.06,1042.09,613.58,1507.46,0,100521.41,4095,nan,8.19,nan,2680,2723,23.95,-0.2,21.53,0,22.54,4.73,460.55
20230125 15:22:41,23,10,36,17.82,251.11,512.04,33.6,9,37,0,100.27,20.02,nan,8,9.91,541.61,-11.27,1040.51,613.58,1507.79,-0.01,100526.28,4095,nan,8.19,nan,2679,2723,23.97,-0.35,21.4,0,23.91,4.17,554.54
20230125 15:22:42,24,10,35.88,18.28,251.11,512.86,34.6,-1,38,0,100.16,20.02,nan,8,9.91,541.72,-10.63,1041.75,613.47,1508.56,0.02,100524.34,4095,nan,8.31,nan,2679,2723,23.95,0.54,21.44,0,23.47,4.17,516.94
20230125 15:22:43,25,10,36,18.28,251.88,512.86,33.6,-26,38,0,100.16,20.02,nan,8,9.91,542.97,-10.63,1041.64,613.58,1510.1,-0.01,100526.28,4095,nan,8.25,nan,2681,2724,23.97,-0.46,21.43,0,23.64,4.17,498.14
20230125 15:22:44,26,10,36,17.82,251.88,511.41,33.6,-95,37,0,100.22,20.02,nan,8,9.91,542.52,-12.45,1042.65,613.81,1509.66,0.02,100525.3,4095,nan,8.19,nan,2680,2723,23.95,0.54,21.41,0,23.94,4.17,479.35
20230125 15:22:45,27,10,36,18.28,252.65,511.41,33.6,3,35,0,100.1,20.02,nan,9,9.91,542.06,-12.45,1041.07,613.47,1506.8,-0.03,100523.36,4095,nan,8.19,nan,2680,2723,23.98,-0.68,21.43,0,23.59,4.17,498.14
20230125 15:22:46,28,10,36.13,18.28,252.65,510.68,34.6,43,38,0,100.16,20.02,nan,8,9.91,541.38,-12.56,1040.96,613.36,1509,-0.03,100526.28,4095,nan,8.19,nan,2680,2723,23.95,-0.68,21.32,0,24.83,4.17,479.35
20230125 15:22:47,29,10,36,17.82,246.47,510.68,33.6,-20,36,0,100.27,20.02,nan,8,9.91,541.61,-12.45,1040.17,613.69,1511.65,-0.04,100526.28,4095,nan,8.25,nan,2681,2724,23.97,-0.84,21.24,0,26.21,4.17,479.35
20230125 15:22:48,30,10,36,17.82,246.47,511.68,33.6,-31,36,0,100.22,20.02,nan,8,9.91,542.52,-12.45,1042.2,613.58,1508.01,-0.07,100524.34,4095,nan,8.19,nan,2681,2724,23.96,-1.1,21.44,0,23.47,4.73,498.14
20230125 15:22:49,31,10,35.88,17.82,238.96,511.68,33.6,71,37,0,100.1,20.02,nan,8,9.91,542.18,-12.56,1041.52,613.13,1508.23,-0.06,100525.3,4095,nan,8.25,nan,2680,2723,23.97,-1.02,21.38,0,23.98,4.17,479.35
20230125 15:22:50,32,10,36,18.28,238.96,509.69,34.6,-58,36,0,100.22,20.02,nan,9,9.91,542.18,-12.56,1041.86,613.36,1510.54,-0.01,100524.34,4095,nan,8.25,nan,2682,2724,23.95,-0.46,21.33,0,24.79,4.17,535.74
20230125 15:22:51,33,10,36,18.28,238.07,509.69,33.6,-22,37,0,100.16,20.02,nan,8,9.91,542.29,-12.67,1042.54,613.47,1509.66,-0.05,100523.36,4095,nan,8.25,nan,2682,2724,23.97,-0.89,21.38,0,24.16,4.17,498.14
20230125 15:22:52,34,10,36,18.28,238.07,512.04,33.6,-14,37,0,100.1,20.02,nan,8,9.91,542.4,-12.56,1041.07,613.24,1507.13,-0.07,100525.3,4095,nan,8.19,nan,2682,2723,23.95,-1.14,21.42,0,23.63,4.17,460.55
20230125 15:22:53,35,10,36.13,17.82,240.06,512.04,33.6,-12,37,0,100.22,20.02,nan,8,9.91,542.4,-12.56,1041.64,613.47,1511.1,-0.06,100525.3,4095,nan,8.25,nan,2681,2724,23.96,-1.06,21.32,0,25.02,4.17,460.55
20230125 15:22:54,36,10,36,17.82,240.06,515.13,33.6,-9,36,0,100.39,20.02,nan,8,9.91,542.74,-12.67,1042.2,613.13,1508.23,-0.08,100526.28,4095,nan,8.31,nan,2681,2724,23.96,-1.21,21.42,0,23.55,4.17,460.55
20230125 15:22:55,37,10,36.13,17.82,238.18,515.13,32.6,-39,35,0,100.27,20.02,nan,8,9.91,541.95,-12.45,1042.2,613.36,1510.99,-0.11,100524.34,4095,nan,8.25,nan,2681,2724,23.96,-1.37,21.32,0,24.89,4.17,498.14
20230125 15:22:56,38,10,36,17.82,238.18,518.12,32.6,-38,38,0,100.27,20.02,nan,8,9.91,542.97,-12.67,1041.52,613.02,1508.01,0.02,100525.3,4095,nan,8.38,nan,2682,2725,23.96,0.54,21.41,0,23.63,4.17,498.14
20230125 15:22:57,39,10,36,17.82,234.98,518.12,33.6,-6,35,0,100.22,20.02,nan,8,9.91,541.95,-12.67,1041.18,613.36,1509.66,-0.08,100526.28,4095,nan,8.31,nan,2681,2724,23.97,-1.21,21.32,0,24.83,4.17,535.74
20230125 15:22:58,40,10,36.13,18.28,234.98,521.38,32.6,-141,38,0,100.33,20.02,nan,8,9.91,542.29,-12.35,1041.41,613.69,1508.56,-0.1,100493.12,4095,nan,8.31,nan,2682,2726,23.96,-1.34,21.41,0,24.02,4.17,498.14
20230125 15:22:59,41,10,36,17.82,234.98,521.38,33.6,-31,38,0,100.39,20.02,nan,8,9.88,542.86,-12.35,1042.09,613.69,1507.13,-0.07,100518.48,4095,nan,8.25,nan,2683,2725,23.97,-1.14,21.48,0,23.02,4.17,535.74
20230125 15:23:00,42,10,36,17.82,234.98,521.2,33.6,-99,38,0,100.33,20.02,nan,9,9.88,543.43,-12.35,1042.76,613.47,1507.57,-0.03,100526.28,4095,nan,8.25,nan,2683,2725,23.95,-0.68,21.5,0,22.75,4.17,460.55
20230125 15:23:01,43,10,36,17.35,234.21,521.2,33.6,40,38,0,100.33,20.02,nan,8,9.88,541.16,-12.56,1042.09,613.13,1508.56,-0.09,100522.38,4095,nan,8.44,nan,2683,2726,23.98,-1.27,21.36,0,24.28,4.17,554.54
20230125 15:23:02,44,10,36.13,17.82,234.21,520.2,33.6,-111,34,0,100.39,20.02,nan,8,9.88,542.06,-12.45,1042.2,613.69,1508.01,-0.07,100526.28,4095,nan,8.38,nan,2683,2726,23.95,-1.14,21.43,0,23.64,4.17,516.94
20230125 15:23:03,45,10,36,18.28,233.32,520.2,33.6,82,37,0,100.27,20.02,nan,8,9.88,540.59,-12.78,1041.64,613.02,1508.45,-0.03,100520.43,4095,nan,8.38,nan,2683,2725,23.97,-0.74,21.32,0,24.73,4.17,516.94
20230125 15:23:04,46,10,36.13,17.82,233.32,517.39,33.6,-30,36,0,100.44,20.02,nan,9,9.88,541.61,-12.67,1041.18,613.02,1508.23,-0.15,100524.34,4095,nan,8.31,nan,2682,2725,23.95,-1.65,21.35,0,24.37,4.17,460.55
20230125 15:23:05,47,10,36,17.35,231.78,517.39,33.6,97,36,0,100.44,20.02,nan,8,9.88,543.54,-12.78,1042.43,612.79,1507.35,-0.08,100517.51,4095,nan,8.25,nan,2683,2725,23.97,-1.17,21.47,0,22.9,4.17,479.35
20230125 15:23:06,48,10,36.13,17.82,231.78,516.03,34.6,-23,36,0,100.39,20.02,nan,8,9.84,542.86,-12.88,1041.86,613.02,1508.23,-0.05,100525.3,4095,nan,8.31,nan,2682,2725,23.95,-0.98,21.4,0,23.71,4.17,516.94
20230125 15:23:07,49,10,36,17.82,230.45,516.03,33.6,39,36,0,100.27,20.02,nan,8,9.84,540.93,-12.78,1041.18,613.13,1509.55,-0.13,100524.34,4095,nan,8.25,nan,2683,2726,23.97,-1.51,21.29,0,25.25,3.61,535.74
20230125 15:23:08,50,10,36,18.28,230.45,515.49,33.6,-74,37,0,100.27,20.02,nan,8,9.84,541.84,-12.78,1042.43,613.13,1509.11,-0.01,100524.34,4095,nan,8.25,nan,2683,2725,23.96,-0.35,21.37,0,24.19,4.17,498.14
20230125 15:23:09,51,10,36.13,17.82,236.86,515.49,33.6,31,37,0,100.39,20.02,nan,8,9.84,541.84,-12.88,1040.06,613.13,1509.44,-0.08,100525.3,4095,nan,8.38,nan,2684,2725,23.98,-1.21,21.28,0,25.34,4.17,516.94
20230125 15:23:10,52,10,36.13,17.82,236.86,512.95,33.6,-68,36,0,100.22,20.02,nan,8,9.8,542.74,-12.67,1041.86,613.02,1509,-0.14,100524.34,4095,nan,8.44,nan,2683,2727,23.96,-1.57,21.38,0,23.98,4.17,479.35
20230125 15:23:11,53,10,36.13,17.82,243.82,512.95,33.6,38,36,0,100.22,20.02,nan,8,9.8,542.86,-12.67,1041.75,613.13,1508.01,0.03,100516.53,4095,nan,8.31,nan,2684,2726,23.97,0.74,21.42,0,23.59,4.17,516.94
20230125 15:23:12,54,10,36,17.82,243.82,512.04,33.6,-170,36,0,100.1,20.02,nan,8,9.8,541.95,-12.56,1040.85,613.36,1509.11,-0.14,100517.51,4095,nan,8.31,nan,2684,2727,23.96,-1.59,21.34,0,24.69,4.17,516.94
20230125 15:23:13,55,10,36,17.82,244.92,512.04,33.6,26,35,0,100.16,20.02,nan,8,9.8,542.29,-12.67,1040.73,613.69,1506.36,-0.06,100515.55,4095,nan,8.44,nan,2684,2727,23.97,-1.06,21.44,0,23.54,4.17,498.14
20230125 15:23:14,56,10,36.13,18.28,244.92,512.5,33.6,-70,37,0,100.16,20.02,nan,8,9.8,542.18,-12.78,1040.62,613.13,1510.77,-0.14,100514.58,4095,nan,8.38,nan,2685,2727,23.96,-1.57,21.27,0,25.49,4.17,479.35
20230125 15:23:15,57,10,36.13,17.82,245.36,512.5,32.6,88,36,0,100.16,20.02,nan,8,9.8,541.61,-12.78,1040.4,612.91,1510.77,0.03,100512.62,4095,nan,8.25,nan,2684,2727,23.97,0.68,21.24,0,25.84,4.17,516.94
20230125 15:23:16,58,10,36.13,18.28,245.36,513.49,33.6,-54,38,0,100.1,20.02,nan,8,9.84,542.97,-12.67,1040.51,613.24,1507.68,-0.06,100518.48,4095,nan,8.44,nan,2685,2728,23.96,-1.02,21.4,0,23.88,4.17,535.74
20230125 15:23:17,59,10,36,18.28,244.59,513.49,33.6,81,36,0,100.16,20.02,nan,8,9.84,542.18,-12.88,1039.38,612.91,1509.66,-0.14,100519.45,4095,nan,8.31,nan,2684,2727,23.96,-1.54,21.26,0,25.58,4.17,498.14
20230125 15:23:18,60,10,36.13,17.82,244.59,516.58,32.6,-46,37,0,99.99,20.02,nan,10,9.88,541.04,-12.78,1040.06,613.02,1509.55,-0.14,100512.62,4095,nan,8.38,nan,2684,2727,23.96,-1.59,21.25,0,25.69,4.17,479.35
20230125 15:23:19,61,10,36.13,17.82,245.36,516.58,32.6,99,36,0,100.1,20.02,nan,8,10.1,542.18,-12.88,1040.17,613.13,1506.91,-0.14,100512.62,4095,nan,8.31,nan,2685,2727,23.96,-1.54,21.38,0,24.09,4.17,498.14
20230125 15:23:20,62,10,36.25,17.82,245.36,519.66,33.6,-100,37,0,99.93,20.02,nan,9,10.65,541.38,-12.67,1039.27,612.79,1509.11,-0.13,100524.34,4095,nan,8.25,nan,2685,2728,23.96,-1.49,21.25,0,25.64,4.17,460.55
20230125 15:23:21,63,10,36.13,17.82,248.68,519.66,33.6,-7,35,0,99.82,20.02,nan,8,11.64,541.72,-12.78,1040.28,613.02,1508.67,-0.12,100512.62,4095,nan,8.44,nan,2686,2728,23.96,-1.43,21.31,0,24.91,4.17,535.74
20230125 15:23:22,64,10,36.13,18.28,248.68,519.11,33.6,-39,37,0,99.59,20.02,nan,8,13,540.93,-15.35,1039.94,612.91,1508.78,-0.03,100519.45,4095,nan,8.38,nan,2685,2728,23.97,-0.74,21.18,0,26.59,4.17,498.14
20230125 15:23:23,65,10,36.25,17.82,249.45,519.11,34.6,83,36,0,99.42,20.02,nan,8,14.68,540.93,-15.14,1039.94,613.13,1508.67,-0.1,100520.43,4095,nan,8.38,nan,2685,2728,23.96,-1.31,21.2,0,26.44,4.17,516.94
20230125 15:23:24,66,10,36.13,17.82,249.45,519.39,33.6,-85,37,0,99.3,20.02,nan,9,16.58,542.29,-11.17,1040.62,613.24,1510.32,-0.08,100519.45,4095,nan,8.38,nan,2685,2728,23.96,-1.17,21.34,0,24.59,4.17,498.14
20230125 15:23:25,67,10,36.13,17.82,247.35,519.39,33.6,145,38,0,99.02,20.02,nan,8,18.56,541.95,-11.17,1041.86,613.02,1508.23,-0.14,100515.55,4095,nan,8.25,nan,2685,2728,23.95,-1.57,21.43,0,23.41,4.17,498.14
20230125 15:23:26,68,10,36.25,17.82,247.35,521.83,33.6,-74,36,0,98.73,20.02,nan,8,20.16,541.61,-11.17,1041.75,613.13,1508.89,-0.14,100519.45,4095,nan,8.31,nan,2686,2728,23.96,-1.54,21.4,0,23.84,4.17,479.35
20230125 15:23:27,69,10,36.25,17.82,249.23,521.83,33.6,16,36,0,97.76,20.02,nan,8,21.08,541.95,-11.17,1041.3,613.02,1508.78,-0.13,100516.53,4095,nan,8.44,nan,2685,2729,23.96,-1.49,21.4,0,23.84,4.17,516.94
20230125 15:23:28,70,10,36.25,17.82,249.23,521.56,33.6,-169,35,0,95.93,20.02,nan,8,21.46,542.52,-11.06,1042.76,613.47,1509.77,-0.15,100513.6,4095,nan,8.44,nan,2686,2729,23.97,-1.65,21.45,0,23.43,4.17,441.75
20230125 15:23:29,71,10,36.13,17.35,252.87,521.56,33.6,55,36,0,92.91,20.02,nan,9,21.5,542.29,-11.27,1040.51,613.24,1510.66,-0.14,100510.68,4095,nan,8.38,nan,2686,2729,23.96,-1.54,21.33,0,24.82,4.17,516.94
20230125 15:23:30,72,10,36.13,17.82,252.87,520.02,32.6,-121,34,0,88.63,20.02,nan,8,21.34,544.33,-11.06,1041.86,613.58,1509.22,0.03,100508.73,4095,nan,8.44,nan,2687,2729,23.97,0.68,21.5,0,22.9,4.17,516.94
20230125 15:23:31,73,10,36.13,17.82,255.19,520.02,33.6,63,34,0,83.43,20.02,nan,8,21.11,541.95,-10.95,1041.41,613.13,1510.1,-0.16,100507.75,4095,nan,8.31,nan,2687,2729,23.95,-1.67,21.37,0,24.24,4.17,441.75
20230125 15:23:32,74,10,36,17.35,255.19,514.13,33.6,-114,35,0,77.44,20.02,nan,8,20.81,543.2,-10.95,1041.86,613.24,1508.01,-0.07,100509.7,4095,nan,8.44,nan,2687,2729,23.98,-1.14,21.49,0,22.82,4.17,516.94
20230125 15:23:33,75,10,36,17.35,256.3,514.13,33.6,154,36,0,71.39,20.02,nan,8,20.43,543.09,-11.06,1040.62,612.91,1507.79,-0.16,100516.53,4095,nan,8.25,nan,2688,2729,23.95,-1.67,21.44,0,23.25,4.17,516.94
20230125 15:23:34,76,10,36,17.82,256.3,510.77,33.6,-127,36,0,65.68,20.02,nan,8,20.08,542.52,-10.84,1041.41,613.13,1510.77,-0.08,100509.7,4095,nan,8.38,nan,2688,2730,23.98,-1.21,21.37,0,24.24,4.17,498.14
20230125 15:23:35,77,10,36,17.82,261.93,510.77,33.6,48,38,0,60.54,20.02,nan,8,19.7,541.95,-10.74,1041.18,613.24,1508.34,-0.14,100512.62,4095,nan,8.31,nan,2688,2729,23.95,-1.59,21.43,0,23.55,4.17,479.35
20230125 15:23:36,78,10,35.88,17.82,261.93,508.96,33.6,-149,36,0,55.86,20.02,nan,9,19.32,542.06,-10.95,1041.75,613.36,1508.89,-0.14,100516.53,4095,nan,8.38,nan,2688,2730,23.98,-1.57,21.43,0,23.59,4.17,479.35
20230125 15:23:37,79,10,35.76,17.35,269.66,508.96,33.6,19,36,0,51.53,20.02,nan,9,18.98,542.63,-10.95,1041.64,613.02,1509,-0.09,100517.51,4095,nan,8.31,nan,2688,2730,23.96,-1.27,21.43,0,23.46,4.17,460.55
20230125 15:23:38,80,10,35.52,17.82,269.66,508.15,34.6,-2,36,0,47.07,20.02,nan,9,18.64,542.52,-11.27,1041.3,613.02,1508.78,-0.17,100520.43,4095,nan,8.19,nan,2688,2730,23.97,-1.74,21.41,0,23.66,4.17,498.14
20230125 15:23:39,81,10,35.39,17.35,273.53,508.15,33.6,51,35,0,42.79,20.02,nan,8,18.29,541.84,-11.17,1040.28,613.24,1507.68,-0.12,100520.43,4095,nan,8.38,nan,2688,2731,23.95,-1.46,21.4,0,23.83,3.61,479.35
20230125 15:23:40,82,10,35.15,17.82,273.53,516.39,33.6,-99,34,0,38.8,20.02,nan,8,17.99,542.97,-11.17,1040.85,613.24,1508.45,-0.07,100512.62,4095,nan,8.31,nan,2688,2731,23.98,-1.14,21.43,0,23.5,4.17,516.94
20230125 15:23:41,83,10,34.91,17.35,278.06,516.39,32.6,91,35,0,34.86,20.02,nan,8,17.65,541.5,-11.27,1040.62,613.02,1508.89,-0.04,100509.7,4095,nan,8.31,nan,2688,2730,23.96,-0.84,21.35,0,24.36,4.17,498.14
20230125 15:23:42,84,10,34.66,17.82,278.06,521.29,32.6,-67,35,0,31.26,20.02,nan,8,17.35,541.84,-10.95,1041.3,613.13,1508.01,-0.11,100523.36,4095,nan,8.38,nan,2688,2731,23.98,-1.37,21.42,0,23.5,4.17,498.14
20230125 15:23:43,85,10,34.42,17.35,273.75,521.29,32.6,60,35,0,28.07,20.02,nan,8,17.08,543.2,-11.38,1040.28,612.79,1511.32,-0.06,100523.36,4095,nan,8.38,nan,2688,2730,23.96,-1.02,21.31,0,24.86,4.17,498.14
20230125 15:23:44,86,10,34.05,17.35,273.75,524.74,31.6,-109,37,0,25.27,20.02,nan,8,16.77,542.18,-11.17,1040.17,613.13,1511.54,-0.15,100519.45,4095,nan,8.31,nan,2688,2731,23.98,-1.65,21.28,0,25.34,4.17,498.14
20230125 15:23:45,87,10,33.57,17.82,271.43,524.74,32.6,43,36,0,22.76,20.02,nan,8,16.51,541.84,-11.27,1040.73,612.79,1510.1,-0.14,100521.41,4095,nan,8.31,nan,2688,2732,23.96,-1.54,21.32,0,24.68,4.17,479.35
20230125 15:23:46,88,10,33.32,17.82,271.43,525.73,31.6,-25,36,0,20.59,20.02,nan,8,16.24,542.06,-11.27,1040.62,613.24,1507.35,-0.17,100522.38,4095,nan,8.25,nan,2689,2731,23.97,-1.74,21.43,0,23.53,4.17,535.74
20230125 15:23:47,89,10,32.96,17.82,268.89,525.73,32.6,-14,37,0,18.65,20.02,nan,8,16.01,542.29,-11.17,1040.85,613.24,1507.02,-0.15,100522.38,4095,nan,8.38,nan,2689,2732,23.97,-1.62,21.45,0,23.2,4.17,498.14
20230125 15:23:48,90,10,32.47,17.35,268.89,524.92,31.6,-76,34,0,16.99,20.02,nan,8,15.74,542.4,-10.95,1041.75,613.02,1509.22,-0.06,100522.38,4095,nan,8.31,nan,2690,2732,23.98,-1.06,21.42,0,23.59,4.17,516.94
20230125 15:23:49,91,10,32.1,17.82,260.39,524.92,31.6,9,37,0,15.51,20.02,nan,8,15.51,543.54,-11.17,1041.18,613.13,1509.11,-0.06,100514.58,4095,nan,8.31,nan,2689,2732,23.96,-1.06,21.44,0,23.42,4.17,498.14
20230125 15:23:50,92,10,31.62,17.82,260.39,528.72,31.6,-95,35,0,14.31,20.02,nan,8,15.32,541.5,-11.06,1040.06,613.24,1509,-0.07,100512.62,4095,nan,8.31,nan,2689,2732,23.98,-1.14,21.35,0,24.54,4.17,498.14
20230125 15:23:51,93,10,31.13,17.82,251.11,528.72,31.6,-97,35,0,13.17,20.02,nan,8,15.13,542.52,-11.06,1040.28,613.13,1511.21,-0.17,100513.6,4095,nan,8.25,nan,2690,2732,23.97,-1.72,21.31,0,24.96,4.17,460.55
20230125 15:23:52,94,10,30.76,17.82,251.11,536.97,30.6,-53,36,0,12.14,20.02,nan,8,14.9,542.4,-11.06,1040.51,613.02,1509.44,-0.14,100510.68,4095,nan,8.31,nan,2690,2731,23.98,-1.57,21.37,0,24.19,4.17,516.94
20230125 15:23:53,95,10,30.15,17.82,245.03,536.97,30.6,-32,34,0,11.28,20.02,nan,8,14.71,541.95,-11.27,1041.07,613.02,1507.68,-0.08,100499.95,4095,nan,8.25,nan,2690,2733,23.97,-1.17,21.42,0,23.53,4.17,498.14
20230125 15:23:54,96,10,29.91,17.82,245.03,540.78,30.6,-70,36,0,10.49,20.02,nan,8,14.52,543.09,-11.17,1041.75,612.91,1509.33,-0.14,100499.95,4095,nan,8.25,nan,2690,2733,23.97,-1.54,21.43,0,23.46,4.17,498.14
20230125 15:23:55,97,10,29.42,17.35,234.43,540.78,30.6,47,34,0,9.86,20.02,nan,8,14.37,541.84,-11.27,1040.96,613.02,1509,-0.12,100522.38,4095,nan,8.31,nan,2690,2733,23.95,-1.43,21.37,0,24.14,3.61,516.94
20230125 15:23:56,98,10,28.81,17.35,234.43,538.24,29.6,-128,35,0,9.29,20.02,nan,9,14.22,542.4,-10.95,1040.96,613.13,1507.79,-0.13,100518.48,4095,nan,8.38,nan,2691,2734,23.98,-1.51,21.44,0,23.33,3.61,498.14
20230125 15:23:57,99,10,28.32,17.82,226.14,538.24,29.6,-35,35,0,8.77,20.02,nan,8,14.03,542.97,-10.95,1041.3,613.24,1510.54,-0.06,100509.7,4095,nan,8.38,nan,2690,2734,23.95,-1.06,21.39,0,24.06,4.17,516.94
20230125 15:23:58,100,10,27.96,17.35,226.14,539.06,28.6,48,35,0,8.26,20.02,nan,9,13.88,541.84,-11.27,1040.85,613.02,1507.57,-0.12,100506.77,4095,nan,8.5,nan,2690,2733,23.98,-1.43,21.41,0,23.62,4.17,516.94
20230125 15:23:59,101,10,27.47,17.35,218.52,539.06,28.6,51,36,0,7.86,20.02,nan,8,13.73,543.09,-11.06,1041.52,613.02,1505.59,-0.15,100503.85,4095,nan,8.31,nan,2691,2733,23.96,-1.65,21.55,0,22.15,3.61,498.14
20230125 15:24:00,102,10,26.98,17.82,218.52,538.33,27.6,-92,34,0,7.46,20.02,nan,8,13.62,542.52,-11.06,1040.62,613.02,1510.54,-0.13,100513.6,4095,nan,8.38,nan,2691,2733,23.97,-1.49,21.34,0,24.55,3.61,516.94
20230125 15:24:01,103,10,26.5,17.82,206.92,538.33,28.6,-64,34,0,7.12,20.02,nan,8,13.46,542.06,-11.06,1040.85,612.79,1511.65,-0.16,100518.48,4095,nan,8.25,nan,2691,2735,23.96,-1.7,21.29,0,25.11,3.61,498.14
20230125 15:24:02,104,10,25.89,17.35,193.78,537.06,27.6,-32,35,0,6.83,20.02,nan,8,13.35,542.74,-11.06,1041.18,613.02,1509.11,-0.15,100511.65,4095,nan,8.25,nan,2692,2734,23.98,-1.62,21.41,0,23.67,3.61,516.94
20230125 15:24:03,105,10,25.52,17.82,193.78,537.06,27.6,-21,37,0,6.55,20.02,nan,8,13.2,541.61,-11.06,1041.52,612.68,1510.32,-0.15,100503.85,4095,nan,8.31,nan,2691,2734,23.95,-1.65,21.34,0,24.46,3.61,460.55
20230125 15:24:04,106,10,25.16,17.82,183.61,538.7,26.6,-112,35,0,6.26,20.02,nan,9,13.08,542.4,-10.95,1041.41,613.13,1511.54,-0.18,100501.9,4095,nan,8.31,nan,2692,2734,23.97,-1.79,21.34,0,24.65,3.61,535.74
20230125 15:24:05,107,10,24.67,17.82,183.61,538.7,26.6,-171,35,0,6.09,20.02,nan,8,12.97,542.29,-10.63,1041.97,613.47,1508.78,-0.15,100502.88,4095,nan,8.38,nan,2693,2735,23.96,-1.62,21.46,0,23.26,4.17,535.74
20230125 15:24:06,108,10,24.18,17.82,178.42,538.51,25.6,-74,36,0,5.86,20.02,nan,8,12.85,542.29,-10.84,1041.52,613.36,1509.99,-0.14,100507.75,4095,nan,8.25,nan,2692,2735,23.99,-1.57,21.4,0,23.98,4.17,479.35
20230125 15:24:07,109,10,23.82,17.35,178.42,538.51,26.6,28,36,0,5.63,20.02,nan,8,12.78,542.29,-11.06,1040.06,613.02,1511.32,-0.09,100503.85,4095,nan,8.31,nan,2693,2735,23.96,-1.27,21.29,0,25.2,4.17,498.14
20230125 15:24:08,110,10,23.45,17.82,174.67,536.97,26.6,-34,34,0,5.46,20.02,nan,8,12.67,541.84,-10.95,1041.3,613.13,1509.22,-0.08,100504.83,4095,nan,8.38,nan,2692,2735,23.98,-1.21,21.39,0,23.97,4.17,498.14
20230125 15:24:09,111,10,22.84,17.35,174.67,536.97,25.6,-45,36,0,5.29,20.02,nan,8,12.59,541.72,-10.95,1041.75,613.24,1511.32,-0.11,100557.49,4095,nan,8.31,nan,2692,2735,23.96,-1.4,21.33,0,24.69,4.17,516.94
20230125 15:24:10,112,10,22.6,17.82,166.38,538.7,25.6,-14,36,0,5.23,20.02,nan,8,12.49,542.74,-10.95,1040.73,613.13,1507.24,-0.14,100529.21,4095,nan,8.25,nan,2693,2734,23.97,-1.59,21.46,0,23.09,4.17,535.74
20230125 15:24:11,113,10,21.99,17.35,166.38,538.7,25.6,-64,35,0,5.01,20.02,nan,8,12.41,542.06,-10.95,1041.64,613.13,1509.88,-0.15,100504.83,4095,nan,8.25,nan,2693,2736,23.96,-1.62,21.39,0,24.02,4.17,535.74
20230125 15:24:12,114,10,21.62,17.35,156.33,543.05,24.6,1,37,0,4.95,20.02,nan,9,12.33,542.63,-11.06,1041.64,613.02,1509.66,-0.12,100531.16,4095,nan,8.25,nan,2692,2735,23.97,-1.46,21.4,0,23.76,3.61,498.14
20230125 15:24:13,115,10,21.38,17.35,156.33,543.05,24.6,-136,35,0,4.78,20.02,nan,9,12.23,542.06,-10.84,1040.17,613.02,1508.12,-0.14,100505.8,4095,nan,8.31,nan,2692,2735,23.96,-1.59,21.4,0,23.84,4.17,516.94
20230125 15:24:14,116,10,20.89,17.82,142.74,543.68,24.6,24,34,0,4.61,20.02,nan,9,12.15,541.95,-10.74,1041.3,613.02,1509.55,-0.11,100532.13,4095,nan,8.31,nan,2693,2735,23.97,-1.37,21.38,0,23.98,3.61,498.14
20230125 15:24:15,117,10,20.4,17.35,142.74,543.68,24.6,-127,36,0,4.61,20.02,nan,8,12.08,542.18,-10.74,1041.18,613.24,1511.98,-0.13,100509.7,4095,nan,8.31,nan,2692,2736,23.95,-1.49,21.32,0,24.93,4.17,479.35
20230125 15:24:16,118,10,20.16,17.35,128.6,545.13,24.6,37,34,0,4.44,20.02,nan,8,12.01,541.84,-10.74,1040.4,613.24,1510.66,-0.14,100503.85,4095,nan,8.31,nan,2694,2736,23.96,-1.59,21.33,0,24.83,4.17,498.14
20230125 15:24:17,119,10,19.79,17.35,128.6,545.13,23.6,-112,35,0,4.38,20.02,nan,8,11.97,542.97,-10.52,1042.31,613.13,1511.43,-0.13,100557.49,4095,nan,8.31,nan,2693,2736,23.96,-1.51,21.39,0,23.86,3.61,479.35
20230125 15:24:18,120,10,19.43,17.82,118.99,545.95,22.6,-32,35,0,4.21,20.02,nan,8,11.9,542.06,-10.52,1041.07,613.24,1511.54,-0.15,100502.88,4095,nan,8.38,nan,2694,2737,23.97,-1.65,21.34,0,24.75,3.61,498.14
20230125 15:24:19,121,10,19.18,17.82,118.99,545.95,23.6,-129,35,0,4.15,20.02,nan,9,11.82,543.09,-10.63,1042.43,613.36,1511.1,-0.05,100557.49,4095,nan,8.38,nan,2694,2736,23.95,-0.94,21.41,0,23.69,3.61,460.55
20230125 15:24:20,122,10,18.7,17.82,107.95,536.07,22.6,9,36,0,4.09,20.02,nan,8,11.78,542.06,-10.63,1042.31,613.02,1510.88,-0.08,100527.26,4095,nan,8.44,nan,2693,2737,23.97,-1.17,21.38,0,24.03,4.17,460.55
20230125 15:24:21,123,10,18.33,17.82,107.95,536.07,22.6,-99,36,0,4.04,20.02,nan,8,11.71,542.06,-10.52,1041.97,613.24,1510.99,-0.13,100497.02,4095,nan,8.44,nan,2693,2737,23.96,-1.51,21.38,0,24.16,3.61,498.14
20230125 15:24:22,124,10,18.09,17.35,104.52,530.81,22.6,-34,32,0,3.92,20.02,nan,8,11.68,543.09,-10.63,1041.86,613.13,1510.32,-0.1,100498.97,4095,nan,8.44,nan,2694,2737,23.97,-1.31,21.42,0,23.6,4.17,498.14
20230125 15:24:23,125,10,17.84,17.35,104.52,530.81,21.6,-116,37,0,3.86,20.02,nan,8,11.6,542.29,-10.52,1041.41,613.24,1507.79,-0.14,100556.52,4095,nan,8.44,nan,2695,2738,23.96,-1.57,21.46,0,23.06,4.17,498.14
20230125 15:24:24,126,10,17.48,17.35,101.87,529.09,21.6,-34,35,0,3.81,20.02,nan,8,11.56,542.74,-10.63,1040.96,613.24,1510.99,-0.17,100503.85,4095,nan,8.44,nan,2694,2738,23.97,-1.72,21.37,0,24.34,3.61,498.14
20230125 15:24:25,127,10,17.11,17.82,101.87,529.09,21.6,-79,36,0,3.69,20.02,nan,9,11.49,543.65,-10.52,1042.2,613.24,1509.22,-0.05,100549.7,4095,nan,8.44,nan,2694,2737,23.96,-0.94,21.48,0,22.83,4.17,479.35
20230125 15:24:26,128,10,16.75,17.82,97.34,524.64,21.6,-86,35,0,3.64,20.02,nan,8,11.46,542.18,-10.52,1042.09,613.24,1510.66,-0.1,100556.52,4095,nan,8.44,nan,2695,2738,23.96,-1.31,21.39,0,23.95,4.17,460.55
20230125 15:24:27,129,10,16.62,17.35,97.34,524.64,20.6,-73,39,0,3.64,20.02,nan,9,11.38,542.52,-10.74,1041.52,612.91,1507.9,-0.17,100556.52,4095,nan,8.44,nan,2694,2738,23.96,-1.72,21.45,0,23.06,4.17,479.35
20230125 15:24:28,130,10,16.26,17.82,92.92,524.92,21.6,40,35,0,3.52,20.02,nan,8,11.34,541.72,-10.63,1040.62,612.68,1510.77,-0.16,100556.52,4095,nan,8.38,nan,2694,2738,23.96,-1.67,21.3,0,24.79,3.61,498.14
20230125 15:24:29,131,10,16.02,17.82,92.92,524.92,21.6,-183,35,0,3.46,20.02,nan,8,11.31,541.5,-10.52,1041.64,613.02,1508.23,-0.08,100556.52,4095,nan,8.38,nan,2695,2738,23.96,-1.17,21.42,0,23.43,4.17,535.74
20230125 15:24:30,132,10,15.77,17.35,89.5,527.18,20.6,-19,39,0,3.46,20.02,nan,8,11.27,542.63,-10.52,1041.41,612.79,1508.01,-0.08,100532.13,4095,nan,8.31,nan,2695,2737,23.96,-1.17,21.45,0,23.02,3.61,535.74
20230125 15:24:31,133,10,15.65,17.82,89.5,527.18,19.6,-92,37,0,3.41,20.02,nan,8,11.23,541.84,-10.63,1040.73,613.13,1509.88,-0.04,100556.52,4095,nan,8.31,nan,2694,2738,23.96,-0.84,21.35,0,24.33,3.61,535.74
20230125 15:24:32,134,10,15.16,17.35,83.31,524.46,20.6,19,37,0,3.29,20.02,nan,8,11.2,541.84,-10.74,1042.2,612.57,1510.43,-0.16,100557.49,4095,nan,8.38,nan,2695,2738,23.96,-1.7,21.36,0,24.03,3.61,498.14
20230125 15:24:33,135,10,15.04,17.35,83.31,524.46,20.6,-161,35,0,3.29,20.02,nan,8,11.12,541.84,-10.63,1041.86,613.02,1507.79,-0.16,100557.49,4095,nan,8.38,nan,2696,2738,23.96,-1.67,21.45,0,23.1,4.17,479.35
20230125 15:24:34,136,10,14.92,17.82,83.75,524.83,20.6,23,38,0,3.24,20.02,nan,8,11.12,541.5,-10.84,1040.85,613.13,1507.57,-0.14,100556.52,4095,nan,8.25,nan,2695,2738,23.96,-1.59,21.41,0,23.58,3.61,535.74
20230125 15:24:35,137,10,14.67,17.35,83.75,524.83,19.6,-188,36,0,3.24,20.02,nan,9,11.09,543.43,-10.74,1041.18,613.47,1510.32,-0.11,100556.52,4095,nan,8.38,nan,2696,2738,23.96,-1.4,21.41,0,23.77,3.61,535.74
20230125 15:24:36,138,10,14.31,17.82,85.08,530.27,18.6,13,36,0,3.12,20.02,nan,8,11.05,541.84,-10.63,1041.97,613.13,1509.33,-0.1,100556.52,4095,nan,8.31,nan,2696,2739,23.96,-1.31,21.41,0,23.64,3.61,516.94
20230125 15:24:37,139,10,14.19,17.35,85.08,530.27,18.6,-203,37,0,3.07,20.02,nan,8,11.01,542.4,-10.52,1042.54,613.24,1510.1,-0.16,100556.52,4095,nan,8.38,nan,2696,2739,23.97,-1.67,21.43,0,23.48,4.17,498.14
20230125 15:24:38,140,10,13.94,17.35,83.86,530.27,18.6,86,36,0,3.07,20.02,nan,8,11.01,542.29,-10.74,1041.41,612.68,1510.43,-0.06,100555.55,4095,nan,8.31,nan,2695,2739,23.96,-1.06,21.35,0,24.16,3.61,498.14
20230125 15:24:39,141,10,13.82,17.35,83.86,530.27,19.6,-248,37,0,3.07,20.02,nan,8,10.98,541.84,-10.52,1041.07,613.47,1509.77,-0.15,100556.52,4095,nan,8.31,nan,2696,2739,23.97,-1.62,21.38,0,24.11,3.61,479.35
20230125 15:24:40,142,10,13.46,17.35,85.96,531.44,18.6,167,36,0,2.95,20.02,nan,9,10.94,542.63,-10.95,1040.85,612.91,1508.89,-0.14,100556.52,4095,nan,8.38,nan,2696,2738,23.97,-1.57,21.39,0,23.71,4.17,479.35
20230125 15:24:41,143,10,13.33,17.35,85.96,531.44,18.6,-117,34,0,2.95,20.02,nan,8,10.91,542.18,-10.84,1041.64,612.91,1508.12,-0.15,100556.52,4095,nan,8.38,nan,2696,2739,23.96,-1.62,21.43,0,23.26,3.61,498.14
20230125 15:24:42,144,10,13.21,17.35,90.27,533.53,17.6,61,36,0,2.89,20.02,nan,8,10.91,542.18,-11.06,1041.18,612.57,1510.21,-0.05,100556.52,4095,nan,8.38,nan,2696,2739,23.96,-0.98,21.33,0,24.32,4.17,535.74
20230125 15:24:43,145,10,12.97,17.35,90.27,533.53,17.6,-39,33,0,2.89,20.02,nan,9,10.87,542.4,-10.95,1040.96,612.57,1510.77,-0.05,100556.52,4095,nan,8.38,nan,2697,2739,23.97,-0.94,21.32,0,24.51,4.17,535.74
20230125 15:24:44,146,10,12.72,17.35,93.59,531.44,17.6,56,37,0,2.84,20.02,nan,8,10.83,541.27,-10.84,1040.51,612.79,1509.77,-0.13,100533.11,4095,nan,8.5,nan,2697,2739,23.97,-1.51,21.32,0,24.69,4.17,535.74
20230125 15:24:45,147,10,12.6,17.35,93.59,531.44,17.6,-84,36,0,2.84,20.02,nan,9,10.83,541.61,-10.95,1041.3,612.68,1509,-0.09,100556.52,4095,nan,8.5,nan,2696,2740,23.96,-1.24,21.37,0,23.97,3.61,535.74
20230125 15:24:46,148,10,12.36,17.35,93.14,528.91,16.6,36,37,0,2.84,20.02,nan,9,10.79,541.04,-10.84,1039.94,612.79,1509.66,-0.14,100556.52,4095,nan,8.31,nan,2696,2740,23.96,-1.57,21.29,0,24.96,3.61,498.14
20230125 15:24:47,149,10,12.24,17.35,93.14,528.91,16.6,-234,36,0,2.72,20.02,nan,8,10.79,541.5,-10.52,1040.85,613.24,1509.22,-0.14,100556.52,4095,nan,8.38,nan,2697,2740,23.96,-1.57,21.37,0,24.11,3.61,516.94
20230125 15:24:48,150,10,12.11,17.35,90.82,527.73,16.6,102,36,0,2.67,20.02,nan,9,10.75,541.84,-10.84,1040.96,612.68,1510.43,-0.13,100556.52,4095,nan,8.5,nan,2697,2740,23.95,-1.49,21.32,0,24.55,3.61,460.55
20230125 15:24:49,151,10,11.87,17.35,90.82,527.73,17.6,-130,36,0,2.72,20.02,nan,9,10.72,541.16,-10.84,1040.96,612.68,1509.55,-0.15,100556.52,4095,nan,8.38,nan,2697,2741,23.97,-1.62,21.33,0,24.46,4.17,498.14
20230125 15:24:50,152,10,11.75,17.35,87.51,525.73,16.6,19,35,0,2.61,20.02,nan,8,10.72,541.38,-10.95,1040.62,612.91,1510.32,-0.17,100537.02,4095,nan,8.5,nan,2697,2741,23.96,-1.72,21.31,0,24.87,3.61,498.14
20230125 15:24:51,153,10,11.63,17.35,87.51,525.73,16.6,-113,34,0,2.61,20.02,nan,8,10.69,541.84,-10.74,1041.41,612.91,1511.65,-0.08,100556.52,4095,nan,8.44,nan,2698,2742,23.97,-1.21,21.31,0,24.84,3.61,479.35
20230125 15:24:52,154,10,11.51,17.35,86.29,524.19,16.6,96,34,0,2.55,20.02,nan,9,10.69,541.84,-10.95,1041.07,612.57,1509.44,-0.13,100556.52,4095,nan,8.38,nan,2697,2741,23.95,-1.51,21.35,0,24.15,3.61,498.14
20230125 15:24:53,155,10,11.26,17.35,86.29,524.19,16.6,-82,35,0,2.55,20.02,nan,9,10.65,542.18,-10.74,1041.18,612.68,1508.67,-0.15,100556.52,4095,nan,8.44,nan,2698,2741,23.97,-1.62,21.4,0,23.59,4.17,498.14
20230125 15:24:54,156,10,11.02,17.82,86.18,524.92,16.6,0,34,0,2.55,20.02,nan,8,10.65,541.61,-10.84,1041.52,612.79,1512.09,-0.14,100556.52,4095,nan,8.38,nan,2698,2741,23.95,-1.57,21.28,0,25.12,4.17,498.14
20230125 15:24:55,157,10,11.02,17.35,86.18,524.92,15.6,-114,36,0,2.49,20.02,nan,9,10.61,542.18,-10.95,1041.41,613.24,1509.44,-0.18,100556.52,4095,nan,8.44,nan,2699,2742,23.97,-1.77,21.39,0,23.89,4.17,479.35
20230125 15:24:56,158,10,10.9,17.82,81.77,526.55,15.6,-3,36,0,2.49,20.02,nan,8,10.61,541.27,-10.84,1040.28,612.91,1506.03,-0.08,100556.52,4095,nan,8.44,nan,2699,2741,23.95,-1.21,21.43,0,23.29,4.17,479.35
20230125 15:24:57,159,10,10.65,17.82,81.77,526.55,15.6,-6,35,0,2.49,20.02,nan,8,10.57,541.84,-10.95,1041.07,612.79,1506.03,-0.06,100557.49,4095,nan,8.38,nan,2698,2741,23.97,-1.02,21.46,0,22.84,3.61,498.14
20230125 15:24:58,160,10,10.65,17.82,78.56,527.73,15.6,-104,38,0,2.38,20.02,nan,9,10.57,542.74,-10.74,1040.96,612.91,1506.58,-0.16,100556.52,4095,nan,8.38,nan,2699,2742,23.95,-1.7,21.48,0,22.69,3.61,498.14
20230125 15:24:59,161,10,10.41,17.35,78.56,527.73,15.6,-48,35,0,2.44,20.02,nan,8,10.57,541.72,-10.84,1040.4,612.68,1505.7,-0.09,100556.52,4095,nan,8.44,nan,2698,2742,23.97,-1.24,21.45,0,22.96,4.17,479.35
20230125 15:25:00,162,10,10.41,17.82,78.01,533.17,15.6,-15,37,0,2.38,20.02,nan,8,10.54,543.2,-10.84,1042.31,612.68,1508.34,-0.19,100556.52,4095,nan,8.44,nan,2699,2742,23.95,-1.81,21.47,0,22.74,3.61,460.55
20230125 15:25:01,163,10,10.29,17.35,78.01,533.17,15.6,-16,36,0,2.38,20.02,nan,8,10.54,542.52,-10.84,1041.52,612.68,1508.01,-0.13,100556.52,4095,nan,8.5,nan,2699,2742,23.97,-1.49,21.44,0,23.13,4.17,498.14
20230125 15:25:02,164,10,10.16,17.35,74.47,538.97,15.6,-41,35,0,2.32,20.02,nan,8,10.46,541.95,-10.84,1041.18,613.13,1508.23,-0.14,100556.52,4095,nan,8.44,nan,2700,2742,23.95,-1.59,21.41,0,23.54,3.61,460.55
20230125 15:25:03,165,10,10.04,17.35,74.47,538.97,14.6,-12,35,0,2.32,20.02,nan,9,10.46,542.06,-10.84,1042.43,612.79,1506.91,-0.21,100557.49,4095,nan,8.44,nan,2699,2742,23.97,-1.93,21.49,0,22.58,4.17,441.75
20230125 15:25:04,166,10,9.92,17.35,71.71,538.88,14.6,-30,36,0,2.32,20.02,nan,8,10.46,542.86,-10.84,1040.85,612.91,1504.38,-0.12,100556.52,4095,nan,8.5,nan,2699,2742,23.96,-1.43,21.55,0,21.97,4.17,479.35
20230125 15:25:05,167,10,9.8,17.82,71.71,538.88,14.6,-35,38,0,2.32,20.02,nan,8,10.43,542.74,-10.74,1041.86,612.68,1504.93,-0.12,100556.52,4095,nan,8.5,nan,2699,2742,23.96,-1.46,21.55,0,21.83,4.17,498.14
20230125 15:25:06,168,10,9.8,17.35,74.81,540.24,14.6,-12,36,0,2.27,20.02,nan,8,10.43,543.09,-10.74,1041.18,612.91,1507.9,-0.14,100556.52,4095,nan,8.5,nan,2699,2742,23.95,-1.59,21.46,0,22.98,3.61,516.94
20230125 15:25:07,169,10,9.56,17.82,74.81,540.24,14.6,-34,33,0,2.21,20.02,nan,9,10.43,541.84,-10.84,1040.4,612.68,1506.03,-0.17,100556.52,4095,nan,8.44,nan,2700,2742,23.97,-1.72,21.44,0,23.04,4.17,516.94
20230125 15:25:08,170,10,9.43,17.35,76.13,537.61,14.6,-21,36,0,2.21,20.02,nan,8,10.39,542.86,-10.84,1040.96,612.46,1508.12,-0.15,100556.52,4095,nan,8.44,nan,2700,2742,23.95,-1.65,21.42,0,23.26,3.61,498.14
20230125 15:25:09,171,10,9.43,17.82,76.13,537.61,14.6,-29,36,0,2.21,20.02,nan,8,10.39,541.72,-10.84,1041.52,612.79,1507.13,-0.14,100556.52,4095,nan,8.44,nan,2699,2742,23.97,-1.59,21.44,0,23.09,3.61,460.55
20230125 15:25:10,172,10,9.31,17.35,75.58,532.71,13.6,-8,32,0,2.15,20.02,nan,8,10.39,541.04,-10.84,1039.94,612.79,1503.61,-0.14,100556.52,4095,nan,8.38,nan,2700,2743,23.96,-1.59,21.48,0,22.6,3.61,441.75
20230125 15:25:11,173,10,9.07,17.35,75.58,532.71,13.6,31,34,0,2.15,20.02,nan,8,10.39,542.18,-10.95,1041.18,612.68,1506.8,-0.16,100556.52,4095,nan,8.44,nan,2700,2743,23.96,-1.7,21.45,0,22.97,3.04,498.14
20230125 15:25:12,174,10,9.19,17.35,77.46,530.9,13.6,3,37,0,2.15,20.02,nan,9,10.36,542.97,-10.74,1040.85,613.02,1506.69,-0.05,100556.52,4095,nan,8.44,nan,2701,2744,23.96,-0.89,21.48,0,22.69,3.61,516.94
20230125 15:25:13,175,10,9.07,17.35,77.46,530.9,13.6,7,37,0,2.21,20.02,nan,8,10.36,542.06,-10.95,1040.17,612.57,1506.14,-0.14,100556.52,4095,nan,8.5,nan,2701,2744,23.98,-1.57,21.43,0,23.12,4.17,498.14
20230125 15:25:14,176,10,8.95,17.82,77.02,528.63,13.6,-14,36,0,2.09,20.02,nan,8,10.36,541.61,-10.74,1041.3,612.79,1507.02,-0.08,100555.55,4095,nan,8.44,nan,2701,2744,23.95,-1.21,21.44,0,23.13,3.61,498.14
20230125 15:25:15,177,10,8.95,17.82,77.02,528.63,12.6,-5,36,0,2.09,20.02,nan,8,10.32,541.5,-10.84,1040.85,612.68,1507.02,-0.06,100555.55,4095,nan,8.5,nan,2701,2744,23.97,-1.02,21.41,0,23.37,3.61,479.35
20230125 15:25:16,178,10,8.82,17.35,75.14,525.55,12.6,21,38,0,2.09,20.02,nan,9,10.32,541.5,-10.84,1040.85,612.68,1506.14,-0.13,100556.52,4095,nan,8.44,nan,2701,2744,23.96,-1.49,21.44,0,23.04,3.61,460.55
20230125 15:25:17,179,10,8.7,16.89,75.14,525.55,12.6,-63,38,0,2.09,20.02,nan,8,10.32,542.97,-10.74,1041.41,612.91,1507.24,-0.12,100556.52,4095,nan,8.38,nan,2701,2744,23.97,-1.43,21.48,0,22.7,3.61,498.14
20230125 15:25:18,180,10,8.58,17.82,78.89,525.82,13.6,-8,36,0,2.09,20.02,nan,8,10.32,540.7,-10.63,1040.96,613.02,1507.02,-0.07,100555.55,4095,nan,8.38,nan,2702,2744,23.96,-1.1,21.41,0,23.54,3.61,498.14
20230125 15:25:19,181,10,8.46,17.35,78.89,525.82,12.6,-85,37,0,2.04,20.02,nan,8,10.32,542.86,-10.63,1041.07,613.02,1507.13,-0.08,100555.55,4095,nan,8.31,nan,2702,2745,23.97,-1.17,21.48,0,22.78,3.61,535.74
20230125 15:25:20,182,10,8.46,17.35,83.64,528.18,13.6,-25,37,0,2.04,20.02,nan,8,10.32,542.86,-10.74,1041.52,612.91,1508.23,-0.14,100556.52,4095,nan,8.44,nan,2702,2745,23.95,-1.57,21.45,0,23.06,3.61,498.14
20230125 15:25:21,183,10,8.46,17.35,83.64,528.18,12.6,44,35,0,1.98,20.02,nan,8,10.28,542.29,-10.74,1040.85,612.57,1507.02,-0.14,100556.52,4095,nan,8.31,nan,2701,2744,23.97,-1.54,21.44,0,23.05,3.61,535.74
20230125 15:25:22,184,10,8.34,17.35,84.97,528.09,13.6,-112,37,0,2.04,20.02,nan,9,10.28,543.09,-10.31,1041.75,612.91,1506.58,-0.14,100556.52,4095,nan,8.44,nan,2702,2746,23.96,-1.57,21.53,0,22.17,3.61,479.35
20230125 15:25:23,185,10,8.21,17.35,84.97,528.09,12.6,16,37,0,1.98,20.02,nan,8,10.28,541.95,-10.63,1041.41,613.02,1505.7,-0.07,100555.55,4095,nan,8.38,nan,2702,2745,23.98,-1.14,21.5,0,22.46,3.61,554.54
20230125 15:25:24,186,10,8.09,17.35,87.84,529.18,13.6,-51,38,0,1.92,20.02,nan,8,10.28,542.86,-10.74,1040.73,612.57,1507.46,-0.1,100555.55,4095,nan,8.38,nan,2702,2745,23.97,-1.34,21.44,0,23.05,3.61,498.14
20230125 15:25:25,187,10,8.09,17.35,87.84,529.18,12.6,-24,38,0,1.98,20.02,nan,8,10.24,542.86,-10.74,1041.86,613.02,1507.35,-0.12,100555.55,4095,nan,8.5,nan,2703,2746,23.98,-1.46,21.49,0,22.62,3.61,516.94
20230125 15:25:26,188,10,8.09,16.89,91.38,528.54,12.6,-132,34,0,1.98,20.02,nan,9,10.24,542.18,-10.41,1042.09,613.13,1507.79,-0.07,100556.52,4095,nan,8.38,nan,2703,2746,23.96,-1.1,21.48,0,22.83,3.61,479.35
20230125 15:25:27,189,10,7.97,17.35,91.38,528.54,12.6,62,35,0,1.92,20.02,nan,8,10.24,542.18,-10.74,1040.28,612.91,1507.57,-0.14,100554.57,4095,nan,8.44,nan,2704,2745,23.98,-1.57,21.41,0,23.5,3.61,516.94
20230125 15:25:28,190,10,7.85,16.89,92.59,527.27,12.6,-115,38,0,1.92,20.02,nan,9,10.24,541.72,-10.52,1041.97,612.68,1506.8,-0.15,100556.52,4095,nan,8.44,nan,2703,2745,23.96,-1.62,21.47,0,22.7,4.17,460.55
20230125 15:25:29,191,10,7.85,16.89,92.59,527.27,11.6,42,36,0,1.87,20.02,nan,9,10.24,541.27,-10.74,1041.3,612.68,1506.14,-0.12,100557.49,4095,nan,8.31,nan,2703,2746,23.97,-1.46,21.45,0,22.93,3.61,479.35
20230125 15:25:30,192,10,7.85,17.82,95.68,528.27,12.6,-129,38,0,1.92,20.02,nan,8,10.2,542.86,-10.74,1040.73,613.02,1506.25,-0.13,100556.52,4095,nan,8.38,nan,2703,2746,23.96,-1.51,21.49,0,22.61,3.61,460.55
20230125 15:25:31,193,10,7.61,17.35,95.68,528.27,10.6,92,34,0,1.87,20.02,nan,9,10.2,543.2,-10.95,1041.41,612.46,1506.25,-0.16,100555.55,4095,nan,8.44,nan,2703,2744,23.97,-1.67,21.5,0,22.35,3.61,498.14
20230125 15:25:32,194,10,7.48,17.35,96.9,525.91,11.6,-96,34,0,1.87,20.02,nan,8,10.2,541.95,-10.74,1041.64,612.68,1507.02,-0.14,100556.52,4095,nan,8.44,nan,2703,2746,23.97,-1.57,21.46,0,22.89,3.61,479.35
20230125 15:25:33,195,10,7.61,17.82,96.9,525.91,11.6,167,36,0,1.81,20.02,nan,8,10.2,541.27,-11.06,1040.51,612.34,1505.92,-0.08,100555.55,4095,nan,8.38,nan,2704,2746,23.97,-1.17,21.41,0,23.24,3.61,479.35
20230125 15:25:34,196,10,7.48,16.89,95.79,522.2,11.6,-40,36,0,1.87,20.02,nan,8,10.2,541.95,-10.74,1040.85,612.68,1506.14,-0.11,100556.52,4095,nan,8.44,nan,2704,2746,23.96,-1.37,21.46,0,22.85,3.61,479.35
20230125 15:25:35,197,10,7.48,16.89,95.79,522.2,11.6,65,35,0,1.81,20.02,nan,8,10.2,542.18,-10.84,1040.85,612.46,1507.13,-0.15,100555.55,4095,nan,8.44,nan,2704,2745,23.98,-1.62,21.42,0,23.17,3.61,460.55
20230125 15:25:36,198,10,7.48,17.35,98.56,521.11,11.6,-82,36,0,1.81,20.02,nan,9,10.17,543.54,-10.74,1040.51,612.79,1504.82,-0.14,100555.55,4095,nan,8.5,nan,2703,2746,23.96,-1.54,21.54,0,21.97,4.17,498.14
20230125 15:25:37,199,10,7.36,17.35,98.56,521.11,10.6,38,35,0,1.87,20.02,nan,9,10.17,542.63,-10.84,1041.18,612.68,1506.91,-0.11,100554.57,4095,nan,8.5,nan,2705,2746,23.97,-1.4,21.46,0,22.81,3.61,516.94
20230125 15:25:38,200,10,7.36,16.89,99.55,519.48,10.6,-46,34,0,1.75,20.02,nan,8,10.17,543.09,-10.74,1042.65,612.79,1507.68,-0.15,100554.57,4095,nan,8.38,nan,2704,2747,23.96,-1.65,21.51,0,22.4,3.61,535.74
20230125 15:25:39,201,10,7.24,17.35,99.55,519.48,11.6,56,34,0,1.81,20.02,nan,9,10.17,543.2,-10.74,1041.07,612.68,1505.59,-0.14,100556.52,4095,nan,8.38,nan,2704,2746,23.96,-1.59,21.52,0,22.16,3.61,516.94
20230125 15:25:40,202,10,7.12,17.35,101.76,518.57,10.6,46,36,0,1.81,20.02,nan,8,10.17,543.09,-10.84,1041.07,612.57,1506.8,-0.15,100553.59,4095,nan,8.38,nan,2705,2747,23.96,-1.62,21.47,0,22.65,3.61,479.35
20230125 15:25:41,203,10,7.12,17.35,101.76,518.57,11.6,69,35,0,1.75,20.02,nan,8,10.17,543.31,-11.06,1041.3,612.57,1507.24,-0.06,100552.62,4095,nan,8.5,nan,2704,2745,23.97,-1.02,21.47,0,22.73,3.61,498.14
20230125 15:25:42,204,10,7,17.35,109.71,518.75,10.6,-133,36,0,1.75,20.02,nan,9,10.17,541.95,-10.63,1040.4,612.57,1506.03,-0.14,100550.67,4095,nan,8.44,nan,2705,2747,23.96,-1.57,21.45,0,22.93,3.61,498.14
20230125 15:25:43,205,10,7,16.89,109.71,518.75,11.6,23,36,0,1.75,20.02,nan,8,10.14,542.29,-10.74,1041.18,612.68,1508.12,-0.08,100553.59,4095,nan,8.44,nan,2705,2748,23.97,-1.17,21.42,0,23.34,3.61,516.94
20230125 15:25:44,206,10,7.12,17.35,110.49,517.12,9.6,-130,37,0,1.7,20.02,nan,8,10.14,543.43,-10.63,1040.62,612.91,1507.68,-0.05,100544.81,4095,nan,8.5,nan,2705,2749,23.97,-0.98,21.46,0,22.94,3.61,516.94
20230125 15:25:45,207,10,6.87,16.89,110.49,517.12,10.6,93,36,0,1.7,20.02,nan,8,10.14,542.06,-10.74,1040.85,612.46,1506.14,-0.14,100551.64,4095,nan,8.44,nan,2704,2747,23.96,-1.59,21.46,0,22.81,3.61,479.35
20230125 15:25:46,208,10,7,16.89,101.65,513.49,11.6,-72,36,0,1.75,20.02,nan,8,10.14,541.5,-10.63,1042.09,612.79,1509.11,-0.09,100553.59,4095,nan,8.44,nan,2705,2748,23.97,-1.24,21.4,0,23.64,4.17,516.94
20230125 15:25:47,209,10,6.87,16.89,101.65,513.49,10.6,56,35,0,1.75,20.02,nan,9,10.14,543.09,-10.74,1041.07,612.46,1504.49,-0.13,100549.7,4095,nan,8.25,nan,2705,2747,23.96,-1.51,21.55,0,21.83,3.61,535.74
20230125 15:25:48,210,10,6.75,16.89,98.67,512.41,9.6,-108,37,0,1.7,20.02,nan,9,10.14,543.09,-10.74,1041.75,612.68,1506.03,-0.05,100554.57,4095,nan,8.38,nan,2706,2748,23.97,-0.89,21.53,0,22.13,3.61,498.14
20230125 15:25:49,211,10,6.75,16.89,98.67,512.41,9.6,23,36,0,1.7,20.02,nan,8,10.14,542.52,-10.84,1041.52,612.34,1508.45,-0.17,100552.62,4095,nan,8.5,nan,2705,2749,23.97,-1.74,21.41,0,23.3,3.61,498.14
20230125 15:25:50,212,10,6.75,16.89,99.66,510.32,9.6,-94,35,0,1.64,20.02,nan,8,10.1,542.06,-10.95,1040.17,612.79,1505.81,-0.12,100554.57,4095,nan,8.5,nan,2706,2747,23.96,-1.46,21.45,0,23,3.61,441.75
20230125 15:25:51,213,10,6.63,16.89,99.66,510.32,9.6,-12,36,0,1.7,20.02,nan,8,10.1,542.29,-10.74,1041.3,612.68,1506.69,-0.09,100548.72,4095,nan,8.38,nan,2706,2747,23.97,-1.24,21.47,0,22.77,3.04,516.94
20230125 15:25:52,214,10,6.63,16.89,96.68,507.33,11.6,-96,36,0,1.58,20.02,nan,9,10.1,542.74,-10.84,1041.97,612.79,1507.46,-0.15,100552.62,4095,nan,8.44,nan,2706,2749,23.97,-1.62,21.48,0,22.7,3.61,498.14
20230125 15:25:53,215,10,6.63,17.35,96.68,507.33,10.6,63,36,0,1.7,20.02,nan,9,10.1,541.5,-10.84,1040.06,612.57,1503.72,-0.13,100554.57,4095,nan,8.44,nan,2706,2748,23.98,-1.49,21.49,0,22.45,3.61,498.14
20230125 15:25:54,216,10,6.63,16.89,94.8,501.98,9.6,-48,37,0,1.64,20.02,nan,9,10.1,542.4,-10.95,1040.51,612.57,1506.25,-0.13,100554.57,4095,nan,8.38,nan,2706,2748,23.97,-1.51,21.45,0,22.92,3.61,479.35
20230125 15:25:55,217,10,6.51,17.35,94.8,501.98,9.6,56,38,0,1.58,20.02,nan,8,10.1,542.86,-10.95,1041.3,612.46,1507.68,-0.1,100554.57,4095,nan,8.5,nan,2706,2748,23.97,-1.34,21.44,0,23.01,3.61,554.54
20230125 15:25:56,218,10,6.63,17.35,95.35,498.54,10.6,-181,35,0,1.58,20.02,nan,8,10.1,542.4,-10.63,1040.4,612.91,1505.92,-0.06,100557.49,4095,nan,8.44,nan,2707,2748,23.97,-1.06,21.48,0,22.73,3.61,498.14
20230125 15:25:57,219,10,6.39,16.89,95.35,498.54,10.6,71,36,0,1.58,20.02,nan,8,10.1,542.63,-10.84,1040.51,612.57,1507.9,-0.11,100555.55,4095,nan,8.38,nan,2707,2749,23.97,-1.37,21.41,0,23.42,3.61,498.14
20230125 15:25:58,220,10,6.51,17.35,92.59,501.35,10.6,-128,37,0,1.58,20.02,nan,8,10.06,542.74,-10.95,1041.3,613.02,1506.58,-0.07,100556.52,4095,nan,8.5,nan,2707,2749,23.96,-1.14,21.49,0,22.65,3.61,498.14
20230125 15:25:59,221,10,6.39,16.89,92.59,501.35,10.6,95,39,0,1.52,20.02,nan,8,10.06,541.84,-10.95,1039.49,612.57,1503.06,-0.04,100557.49,4095,nan,8.44,nan,2707,2750,23.96,-0.84,21.5,0,22.33,3.61,479.35
20230125 15:26:00,222,10,6.39,17.35,84.64,501.89,10.6,-188,36,0,1.58,20.02,nan,9,10.06,543.09,-10.63,1041.75,612.91,1507.57,-0.1,100556.52,4095,nan,8.38,nan,2709,2749,23.97,-1.34,21.49,0,22.63,3.61,460.55
20230125 15:26:01,223,10,6.39,16.89,84.64,501.89,9.6,65,35,0,1.52,20.02,nan,8,10.06,543.43,-11.06,1039.83,612.46,1507.02,0,100555.55,4095,nan,8.5,nan,2707,2750,23.96,0.2,21.43,0,23.12,3.61,535.74
20230125 15:26:02,224,10,6.39,16.89,81.77,500.26,9.6,-108,36,0,1.52,20.02,nan,8,10.06,541.72,-11.06,1040.85,612.68,1508.45,-0.1,100555.55,4095,nan,8.44,nan,2708,2749,23.96,-1.34,21.37,0,23.92,3.61,498.14
20230125 15:26:03,225,10,6.39,16.89,81.77,500.26,9.6,87,36,0,1.52,20.02,nan,8,10.06,542.06,-11.06,1041.18,612.46,1508.78,-0.13,100555.55,4095,nan,8.44,nan,2707,2750,23.97,-1.49,21.37,0,23.8,3.61,554.54
20230125 15:26:04,226,10,6.26,16.89,81.77,499.99,10.6,-44,34,0,1.52,20.02,nan,8,10.06,541.61,-10.95,1041.41,612.57,1507.13,-0.14,100554.57,4095,nan,8.5,nan,2707,2750,23.97,-1.54,21.42,0,23.21,3.61,460.55
20230125 15:26:05,227,10,6.26,17.35,81.77,499.99,9.6,-7,38,0,1.52,20.02,nan,8,10.06,542.63,-10.84,1040.73,612.79,1505.15,-0.15,100553.59,4095,nan,8.44,nan,2708,2751,23.97,-1.62,21.51,0,22.34,3.61,460.55
20230125 15:26:06,228,10,6.14,16.89,80.99,501.89,9.6,-96,36,0,1.52,20.02,nan,9,10.06,542.74,-10.95,1041.3,612.79,1508.56,0.03,100552.62,4095,nan,8.5,nan,2708,2751,23.98,0.68,21.42,0,23.38,3.61,554.54
20230125 15:26:07,229,10,6.26,17.35,80.99,501.89,10.6,-81,34,0,1.52,20.02,nan,9,10.06,541.95,-10.74,1040.4,612.91,1509.22,-0.03,100540.91,4095,nan,8.5,nan,2708,2751,23.96,-0.74,21.36,0,24.19,3.61,479.35
20230125 15:26:08,230,10,6.26,16.89,80.11,500.71,9.6,-198,35,0,1.58,20.02,nan,8,10.02,541.95,-10.74,1040.51,613.13,1507.68,-0.11,100556.52,4095,nan,8.5,nan,2709,2751,23.98,-1.37,21.41,0,23.54,3.61,516.94
20230125 15:26:09,231,10,6.26,16.89,80.11,500.71,9.6,-6,37,0,1.47,20.02,nan,8,10.02,541.16,-10.74,1041.18,612.79,1509.22,-0.06,100555.55,4095,nan,8.5,nan,2709,2751,23.97,-1.06,21.35,0,24.19,3.61,516.94
20230125 15:26:10,232,10,6.14,16.89,76.24,498.26,8.6,-116,36,0,1.58,20.02,nan,9,10.02,541.27,-10.74,1041.41,613.13,1506.91,-0.04,100551.64,4095,nan,8.5,nan,2709,2751,23.98,-0.79,21.45,0,23.17,3.61,535.74
20230125 15:26:11,233,10,6.14,16.89,76.24,498.26,9.6,-63,37,0,1.52,20.02,nan,9,10.02,542.86,-10.74,1040.51,613.02,1509.55,0.03,100555.55,4095,nan,8.44,nan,2709,2751,23.96,0.68,21.38,0,23.93,3.61,441.75
20230125 15:26:12,234,10,6.02,16.89,75.91,498.72,9.6,-87,35,0,1.47,20.02,nan,8,10.02,543.2,-10.74,1041.52,612.79,1508.56,-0.13,100554.57,4095,nan,8.44,nan,2710,2751,23.98,-1.49,21.45,0,23.06,3.61,535.74
20230125 15:26:13,235,10,6.02,16.89,75.91,498.72,8.6,7,38,0,1.47,20.02,nan,8,10.02,541.04,-10.95,1040.85,612.57,1507.79,-0.02,100550.67,4095,nan,8.44,nan,2709,2752,23.96,-0.61,21.37,0,23.88,3.61,516.94
20230125 15:26:14,236,10,6.14,16.89,78.12,501.26,9.6,-69,38,0,1.47,20.02,nan,8,10.02,541.38,-10.84,1040.06,612.68,1508.01,-0.06,100553.59,4095,nan,8.5,nan,2709,2752,23.98,-1.06,21.35,0,24.1,3.61,554.54
20230125 15:26:15,237,10,6.02,17.35,78.12,501.26,9.6,4,36,0,1.41,20.02,nan,8,10.02,541.04,-11.17,1040.96,612.79,1508.78,-0.07,100549.7,4095,nan,8.5,nan,2709,2751,23.96,-1.1,21.34,0,24.31,4.17,535.74
20230125 15:26:16,238,10,6.02,16.89,78.67,503.16,8.6,-76,37,0,1.47,20.02,nan,8,10.02,541.04,-11.06,1039.94,612.79,1507.24,-0.09,100556.52,4095,nan,8.5,nan,2709,2752,23.98,-1.24,21.36,0,24.04,3.61,498.14
20230125 15:26:17,239,10,5.9,16.89,78.67,503.16,9.6,-122,38,0,1.47,20.02,nan,8,10.02,543.2,-10.74,1041.64,612.79,1508.67,-0.18,100542.87,4095,nan,8.44,nan,2711,2752,23.97,-1.77,21.45,0,23.06,3.61,479.35
20230125 15:26:18,240,10,6.02,16.89,80.11,505.88,8.6,-9,34,0,1.41,20.02,nan,9,10.02,541.16,-11.27,1040.96,612.46,1507.57,-0.01,100553.59,4095,nan,8.5,nan,2709,2751,23.97,-0.46,21.37,0,23.83,3.61,516.94
20230125 15:26:19,241,10,5.9,16.89,80.11,505.88,8.6,-3,37,0,1.41,20.02,nan,8,10.02,541.27,-11.27,1041.18,612.57,1508.34,0,100550.67,4095,nan,8.44,nan,2710,2752,23.96,-0.2,21.36,0,24,3.61,479.35
20230125 15:26:20,242,10,5.9,16.89,77.46,508.42,9.6,-165,39,0,1.41,20.02,nan,9,9.99,541.95,-11.06,1040.62,612.79,1508.67,-0.07,100549.7,4095,nan,8.5,nan,2710,2753,23.98,-1.14,21.37,0,24.01,4.17,535.74
20230125 15:26:21,243,10,5.78,16.89,77.46,508.42,9.6,-62,35,0,1.41,20.02,nan,9,9.99,541.38,-11.17,1040.28,612.79,1508.12,-0.05,100542.87,4095,nan,8.5,nan,2710,2752,23.96,-0.98,21.35,0,24.18,3.61,498.14
20230125 15:26:22,244,10,5.78,16.89,71.16,505.43,8.6,-97,36,0,1.41,20.02,nan,8,9.99,543.65,-11.27,1041.75,612.79,1506.58,-0.06,100550.67,4095,nan,8.5,nan,2710,2753,23.97,-1.06,21.52,0,22.3,3.61,516.94
20230125 15:26:23,245,10,5.78,17.35,71.16,505.43,8.6,-13,35,0,1.41,20.02,nan,8,10,542.63,-11.27,1040.51,612.57,1507.24,-0.01,100551.64,4095,nan,8.5,nan,2711,2753,23.96,-0.46,21.42,0,23.32,4.17,460.55
20230125 15:26:24,246,10,5.78,16.89,69.84,505.61,8.6,-88,35,0,1.41,20.02,nan,8,9.99,541.5,-11.38,1041.18,612.57,1507.79,0.02,100540.91,4095,nan,8.5,nan,2711,2752,23.98,0.54,21.38,0,23.74,3.61,516.94
20230125 15:26:25,247,10,5.78,16.89,69.84,505.61,8.6,-18,35,0,1.35,20.02,nan,8,10,542.63,-11.38,1040.96,612.68,1506.69,0,100535.06,4095,nan,8.5,nan,2711,2753,23.96,0.2,21.45,0,23,3.61,498.14
20230125 15:26:26,248,10,5.66,16.89,70.17,510.96,8.6,-19,37,0,1.41,20.02,nan,8,9.99,542.63,-11.59,1040.06,612.46,1509.55,-0.08,100549.7,4095,nan,8.5,nan,2710,2753,23.97,-1.21,21.31,0,24.53,3.61,535.74
20230125 15:26:27,249,10,5.66,17.35,70.17,510.96,8.6,-61,36,0,1.41,20.02,nan,8,10,542.4,-11.49,1041.41,612.79,1510.21,-0.07,100552.62,4095,nan,8.44,nan,2710,2754,23.96,-1.1,21.34,0,24.31,3.61,479.35
20230125 15:26:28,250,10,5.53,16.89,65.53,512.41,9.6,-59,39,0,1.41,20.02,nan,8,10,542.52,-11.59,1041.3,612.57,1506.03,-0.05,100544.81,4095,nan,8.5,nan,2710,2754,23.98,-0.94,21.47,0,22.75,3.61,479.35
20230125 15:26:29,251,10,5.66,16.89,65.53,512.41,8.6,-38,39,0,1.3,20.02,nan,9,10,541.95,-11.49,1040.73,612.46,1507.46,-0.06,100540.91,4095,nan,8.5,nan,2711,2754,23.96,-1.02,21.39,0,23.65,3.61,516.94
20230125 15:26:30,252,10,5.53,16.89,64.53,512.68,7.6,-22,34,0,1.35,20.02,nan,8,10,542.63,-11.49,1040.06,612.46,1508.45,-0.07,100533.11,4095,nan,8.5,nan,2712,2754,23.97,-1.14,21.36,0,24.04,3.61,498.14
20230125 15:26:31,253,10,5.78,16.89,64.53,512.68,9.6,-64,37,0,1.35,20.02,nan,8,9.99,543.65,-11.49,1041.3,612.68,1506.58,-0.06,100539.94,4095,nan,8.56,nan,2712,2754,23.95,-1.02,21.49,0,22.53,4.17,479.35
20230125 15:26:32,254,10,5.53,16.89,68.62,513.77,7.6,-96,35,0,1.35,20.02,nan,8,10,542.18,-11.49,1040.73,612.79,1508.45,-0.01,100541.89,4095,nan,8.5,nan,2711,2754,23.97,-0.35,21.37,0,23.95,3.61,516.94
20230125 15:26:33,255,10,5.53,16.89,68.62,513.77,7.6,-16,37,0,1.3,20.02,nan,8,9.96,543.2,-11.49,1041.18,612.68,1506.03,-0.03,100545.79,4095,nan,8.5,nan,2712,2753,23.97,-0.68,21.49,0,22.52,3.61,460.55
20230125 15:26:34,256,10,5.41,17.35,72.6,519.57,8.6,-89,38,0,1.35,20.02,nan,9,9.96,542.4,-11.38,1040.85,612.91,1509.11,-0.04,100553.59,4095,nan,8.5,nan,2712,2754,23.97,-0.79,21.37,0,24.05,3.61,460.55
20230125 15:26:35,257,10,5.53,16.89,72.6,519.57,7.6,-61,35,0,1.3,20.02,nan,8,9.96,541.61,-11.49,1040.62,612.68,1507.68,0,100551.64,4095,nan,8.5,nan,2712,2755,23.95,-0.2,21.37,0,23.91,3.61,498.14
20230125 15:26:36,258,10,5.53,16.89,75.03,524.74,8.6,-65,37,0,1.24,20.02,nan,8,9.96,542.63,-11.7,1040.06,612.57,1506.03,-0.06,100550.67,4095,nan,8.5,nan,2712,2755,23.97,-1.06,21.43,0,23.19,3.61,498.14
20230125 15:26:37,259,10,5.53,17.35,75.03,524.74,8.6,-75,35,0,1.24,20.02,nan,8,9.96,542.97,-11.59,1039.27,612.46,1509.44,-0.06,100547.74,4095,nan,8.5,nan,2712,2754,23.96,-1.02,21.3,0,24.66,3.61,516.94
20230125 15:26:38,260,10,5.41,16.89,70.61,523.65,8.6,-9,36,0,1.24,20.02,nan,8,9.96,541.95,-11.59,1041.07,612.46,1509,-0.08,100544.81,4095,nan,8.56,nan,2713,2755,23.97,-1.17,21.34,0,24.17,3.61,516.94
20230125 15:26:39,261,10,5.53,17.35,70.61,523.65,8.6,-70,35,0,1.24,20.02,nan,8,9.96,542.86,-11.7,1041.52,612.57,1506.91,-0.05,100539.94,4095,nan,8.44,nan,2712,2756,23.96,-0.94,21.45,0,22.91,3.61,479.35
20230125 15:26:40,262,10,5.53,16.89,67.29,522.47,8.6,-83,36,0,1.24,20.02,nan,8,9.96,542.86,-11.49,1040.62,612.91,1507.79,-0.07,100536.04,4095,nan,8.5,nan,2713,2755,23.97,-1.14,21.42,0,23.49,3.61,479.35
20230125 15:26:41,263,10,5.29,17.35,67.29,522.47,7.6,-82,35,0,1.3,20.02,nan,8,9.96,542.29,-11.7,1039.27,612.57,1509.99,0,100539.94,4095,nan,8.5,nan,2713,2755,23.96,0.2,21.27,0,25.22,3.61,460.55
20230125 15:26:42,264,10,5.41,16.89,67.29,523.1,7.6,-3,35,0,1.3,20.02,nan,8,9.96,542.97,-11.7,1040.85,612.46,1509.33,-0.06,100542.87,4095,nan,8.5,nan,2712,2756,23.97,-1.02,21.36,0,24.04,3.04,516.94
20230125 15:26:43,265,10,5.29,17.35,67.29,523.1,8.6,-143,36,0,1.3,20.02,nan,8,9.96,542.29,-11.49,1040.73,612.79,1508.89,-0.04,100552.62,4095,nan,8.5,nan,2714,2756,23.95,-0.79,21.36,0,24.09,3.61,498.14
20230125 15:26:44,266,10,5.29,17.35,65.75,524.1,7.6,-16,38,0,1.3,20.02,nan,8,9.96,542.06,-11.59,1040.96,612.68,1509.22,-0.07,100544.81,4095,nan,8.56,nan,2714,2755,23.98,-1.14,21.34,0,24.26,3.61,479.35
20230125 15:26:45,267,10,5.41,16.89,65.75,524.1,8.6,-160,36,0,1.3,20.02,nan,8,9.96,542.52,-11.38,1041.64,612.91,1508.78,-0.06,100542.87,4095,nan,8.5,nan,2714,2757,23.95,-1.06,21.41,0,23.58,3.61,460.55
20230125 15:26:46,268,10,5.17,17.35,65.2,527.73,7.6,-47,32,0,1.3,20.02,nan,9,9.96,542.06,-11.7,1039.72,612.46,1505.59,-0.05,100537.02,4095,nan,8.5,nan,2714,2756,23.97,-0.94,21.41,0,23.35,3.61,479.35
20230125 15:26:47,269,10,5.29,16.89,65.2,527.73,8.6,-141,38,0,1.3,20.02,nan,8,9.96,543.65,-11.49,1041.18,612.57,1506.69,-0.07,100545.79,4095,nan,8.5,nan,2715,2756,23.97,-1.14,21.48,0,22.6,3.61,535.74
20230125 15:26:48,270,10,5.29,16.89,65.09,533.53,8.6,-27,37,0,1.24,20.02,nan,8,9.96,542.18,-11.59,1041.07,612.57,1507.46,0.01,100549.7,4095,nan,8.5,nan,2714,2757,23.96,0.35,21.4,0,23.48,3.61,479.35
20230125 15:26:49,271,10,5.29,16.89,65.09,533.53,7.6,-150,35,0,1.24,20.02,nan,8,9.92,541.38,-11.49,1041.41,612.68,1508.56,-0.02,100535.06,4095,nan,8.44,nan,2715,2757,23.95,-0.54,21.36,0,24.04,3.61,479.35
20230125 15:26:50,272,10,5.41,17.35,66.63,536.61,7.6,3,35,0,1.24,20.02,nan,8,9.92,542.18,-11.7,1039.72,612.23,1507.79,-0.07,100549.7,4095,nan,8.5,nan,2714,2757,23.96,-1.1,21.33,0,24.16,3.61,479.35
20230125 15:26:51,273,10,5.17,16.89,66.63,536.61,8.6,-108,36,0,1.24,20.02,nan,8,9.92,542.18,-11.7,1040.62,612.57,1507.24,-0.05,100542.87,4095,nan,8.5,nan,2715,2758,23.96,-0.94,21.39,0,23.6,3.61,516.94
20230125 15:26:52,274,10,5.29,16.89,68.07,537.97,7.6,-22,35,0,1.18,20.02,nan,8,9.92,542.52,-11.7,1040.4,612.46,1509.11,0.01,100539.94,4095,nan,8.5,nan,2715,2757,23.96,0.35,21.33,0,24.3,3.61,498.14
20230125 15:26:53,275,10,5.29,17.35,68.07,537.97,8.6,-7,33,0,1.18,20.02,nan,8,9.92,543.2,-11.81,1040.62,612.46,1507.68,-0.05,100534.09,4095,nan,8.5,nan,2715,2757,23.96,-0.89,21.41,0,23.44,3.61,535.74
20230125 15:26:54,276,10,5.17,16.89,66.63,536.16,7.6,-53,37,0,1.18,20.02,nan,8,9.92,542.18,-11.59,1039.83,612.68,1507.02,-0.09,100534.09,4095,nan,8.5,nan,2715,2757,23.96,-1.24,21.38,0,23.77,3.61,479.35
20230125 15:26:55,277,10,5.29,16.89,66.63,536.16,7.6,-158,38,0,1.24,20.02,nan,8,9.92,542.06,-11.49,1040.62,612.79,1509.11,-0.07,100529.21,4095,nan,8.5,nan,2715,2758,23.96,-1.14,21.35,0,24.31,3.61,460.55
20230125 15:26:56,278,10,5.29,16.89,64.09,532.26,7.6,-18,37,0,1.18,20.02,nan,8,9.92,542.29,-11.59,1040.62,612.57,1508.01,0.02,100533.11,4095,nan,8.5,nan,2715,2757,23.96,0.61,21.38,0,23.82,3.61,516.94
20230125 15:26:57,279,10,5.17,16.89,64.09,532.26,7.6,-64,37,0,1.18,20.02,nan,8,9.92,541.84,-11.49,1040.73,612.68,1508.12,-0.09,100542.87,4095,nan,8.56,nan,2716,2758,23.96,-1.27,21.37,0,23.95,3.61,498.14
20230125 15:26:58,280,10,5.05,16.89,63.54,529.36,7.6,23,36,0,1.12,20.02,nan,8,9.92,543.09,-11.7,1039.94,612.34,1508.34,-0.05,100533.11,4095,nan,8.5,nan,2715,2757,23.97,-0.94,21.36,0,23.95,3.61,516.94
20230125 15:26:59,281,10,5.17,16.89,63.54,529.36,7.6,-107,38,0,1.18,20.02,nan,8,9.92,542.63,-11.59,1040.06,612.68,1507.9,-0.07,100537.02,4095,nan,8.62,nan,2716,2758,23.96,-1.14,21.38,0,23.86,3.61,479.35
20230125 15:27:00,282,10,5.05,16.89,66.85,523.65,7.6,-37,38,0,1.18,20.02,nan,9,9.92,541.95,-11.81,1040.73,612.01,1508.34,-0.06,100533.11,4095,nan,8.5,nan,2715,2757,23.95,-1.06,21.34,0,24.12,3.04,460.55
20230125 15:27:01,283,10,5.17,17.35,66.85,523.65,7.6,-182,38,0,1.24,20.02,nan,9,9.92,542.97,-11.38,1041.3,612.79,1508.56,-0.07,100528.23,4095,nan,8.5,nan,2717,2759,23.97,-1.1,21.42,0,23.45,3.61,535.74
20230125 15:27:02,284,10,5.05,17.35,69.06,520.84,7.6,7,38,0,1.18,20.02,nan,8,9.92,541.95,-11.7,1041.3,612.57,1507.57,-0.07,100526.28,4095,nan,8.5,nan,2716,2758,23.96,-1.1,21.4,0,23.57,3.61,516.94
20230125 15:27:03,285,10,5.17,16.89,69.06,520.84,8.6,-154,38,0,1.18,20.02,nan,9,9.92,543.43,-11.38,1039.38,612.79,1509,-0.06,100530.19,4095,nan,8.5,nan,2718,2758,23.96,-1.02,21.36,0,24.17,3.61,498.14
20230125 15:27:04,286,10,5.05,16.89,70.39,523.1,7.6,30,35,0,1.12,20.02,nan,9,9.92,542.52,-11.59,1040.28,612.12,1506.69,0,100537.98,4095,nan,8.5,nan,2716,2758,23.96,-0.2,21.4,0,23.35,3.04,498.14
20230125 15:27:05,287,10,5.17,16.42,70.39,523.1,7.6,-151,37,0,1.12,20.02,nan,8,9.92,541.84,-11.49,1039.49,612.91,1506.8,-0.07,100536.04,4095,nan,8.44,nan,2716,2758,23.97,-1.1,21.38,0,23.9,3.61,479.35
20230125 15:27:06,288,10,5.05,16.89,76.13,521.47,6.6,-5,37,0,1.12,20.02,nan,8,9.92,543.31,-11.59,1040.85,612.34,1507.57,-0.03,100536.04,4095,nan,8.44,nan,2717,2759,23.97,-0.68,21.42,0,23.2,3.61,535.74
20230125 15:27:07,289,10,5.05,16.89,76.13,521.47,7.6,-117,38,0,1.12,20.02,nan,8,9.88,542.86,-11.49,1040.06,612.68,1508.23,0.02,100537.02,4095,nan,8.5,nan,2717,2759,23.96,0.54,21.38,0,23.87,3.61,498.14
20230125 15:27:08,290,10,4.92,16.42,83.53,519.57,8.6,48,37,0,1.18,20.02,nan,9,9.88,541.38,-11.7,1039.72,612.23,1507.68,-0.05,100531.16,4095,nan,8.5,nan,2716,2760,23.96,-0.94,21.32,0,24.43,3.61,535.74
20230125 15:27:09,291,10,4.92,17.35,83.53,519.57,8.6,-73,36,0,1.12,20.02,nan,9,9.88,541.5,-11.49,1040.17,612.46,1507.9,-0.05,100530.19,4095,nan,8.5,nan,2717,2759,23.95,-0.89,21.34,0,24.21,3.61,498.14
20230125 15:27:10,292,10,5.05,16.89,88.28,523.74,6.6,45,37,0,1.07,20.02,nan,9,9.88,541.95,-11.59,1040.4,612.57,1506.58,-0.04,100535.06,4095,nan,8.5,nan,2717,2759,23.96,-0.84,21.4,0,23.48,3.61,460.55
20230125 15:27:11,293,10,5.05,16.89,88.28,523.74,7.6,-226,36,0,1.12,20.02,nan,9,9.88,543.09,-11.27,1040.28,612.79,1507.79,-0.07,100531.16,4095,nan,8.56,nan,2718,2760,23.97,-1.14,21.42,0,23.45,3.61,516.94
20230125 15:27:12,294,10,4.92,16.89,90.05,525.55,7.6,180,37,0,1.12,20.02,nan,8,9.88,541.61,-11.81,1039.61,612.12,1508.89,-0.03,100539.94,4095,nan,8.5,nan,2717,2760,23.97,-0.74,21.27,0,24.93,3.61,498.14
20230125 15:27:13,295,10,5.05,16.89,90.05,525.55,7.6,-87,37,0,1.07,20.02,nan,8,9.88,540.93,-11.49,1040.17,612.57,1507.13,0,100529.21,4095,nan,8.5,nan,2718,2759,23.96,0.2,21.35,0,24.12,3.61,498.14
20230125 15:27:14,296,10,4.8,16.42,89.17,525.01,6.6,32,34,0,1.07,20.02,nan,9,9.88,542.52,-11.59,1039.72,612.34,1509.66,0,100537.02,4095,nan,8.5,nan,2717,2760,23.96,0.2,21.3,0,24.76,3.61,498.14
20230125 15:27:15,297,10,4.92,16.89,89.17,525.01,6.6,-143,37,0,1.12,20.02,nan,9,9.88,542.18,-11.38,1039.83,612.34,1508.45,-0.07,100530.19,4095,nan,8.5,nan,2718,2761,23.96,-1.1,21.34,0,24.26,3.61,516.94
20230125 15:27:16,298,10,4.92,16.89,89.72,525.1,6.6,-10,36,0,1.12,20.02,nan,8,9.88,541.84,-11.59,1039.94,612.57,1506.58,-0.11,100539.94,4095,nan,8.5,nan,2718,2760,23.97,-1.37,21.39,0,23.69,3.61,498.14
20230125 15:27:17,299,10,4.92,16.89,89.72,525.1,7.6,-74,37,0,1.12,20.02,nan,9,9.88,543.54,-11.49,1039.49,612.57,1506.69,-0.1,100536.04,4095,nan,8.5,nan,2718,2760,23.97,-1.34,21.43,0,23.23,3.04,460.55
20230125 15:27:18,300,10,4.92,16.89,95.79,521.83,6.6,107,37,0,1.07,20.02,nan,8,9.88,542.06,-11.49,1039.38,612.01,1505.48,0,100534.09,4095,nan,8.5,nan,2718,2759,23.97,0.2,21.4,0,23.35,3.04,535.74
20230125 15:27:19,301,10,4.92,16.89,95.79,521.83,6.6,-115,37,0,1.07,20.02,nan,9,9.88,541.16,-11.27,1039.72,612.46,1507.02,-0.04,100538.96,4095,nan,8.5,nan,2718,2760,23.97,-0.79,21.35,0,24.08,3.61,516.94
20230125 15:27:20,302,10,4.92,16.89,98.67,519.3,7.6,-56,35,0,1.07,20.02,nan,9,9.88,542.97,-11.27,1040.51,612.57,1508.23,-0.07,100539.94,4095,nan,8.5,nan,2719,2761,23.96,-1.14,21.4,0,23.58,3.04,460.55
20230125 15:27:21,303,10,4.92,16.89,98.67,519.3,7.6,-65,36,0,1.01,20.02,nan,8,9.88,542.86,-11.38,1039.27,612.57,1508.12,-0.05,100532.13,4095,nan,8.56,nan,2720,2762,23.96,-0.98,21.36,0,24.08,3.61,516.94
20230125 15:27:22,304,10,4.8,16.89,93.92,517.39,7.6,19,36,0,1.07,20.02,nan,8,9.88,542.29,-11.59,1040.62,612.46,1505.92,-0.05,100536.04,4095,nan,8.56,nan,2719,2761,23.97,-0.98,21.44,0,23.03,3.61,479.35
20230125 15:27:23,305,10,4.8,16.42,93.92,517.39,6.6,-46,36,0,1.07,20.02,nan,8,9.88,543.2,-11.38,1039.72,612.57,1506.25,-0.09,100528.23,4095,nan,8.5,nan,2720,2761,23.96,-1.27,21.44,0,23.07,3.61,479.35
20230125 15:27:24,306,10,4.8,16.42,86.85,515.58,6.6,-63,35,0,1.12,20.02,nan,9,9.85,541.61,-11.27,1039.72,612.57,1507.35,-0.03,100526.28,4095,nan,8.5,nan,2719,2761,23.97,-0.68,21.36,0,24.04,3.61,479.35
20230125 15:27:25,307,10,4.8,16.89,86.85,515.58,6.6,-20,37,0,1.01,20.02,nan,9,9.85,541.84,-11.59,1040.96,612.57,1504.6,-0.05,100526.28,4095,nan,8.5,nan,2720,2761,23.96,-0.98,21.48,0,22.59,3.61,535.74
20230125 15:27:26,308,10,4.8,16.89,79.78,516.03,6.6,90,36,0,1.01,20.02,nan,8,9.85,542.52,-11.59,1039.27,612.46,1506.8,0,100529.21,4095,nan,8.5,nan,2719,2761,23.97,0.2,21.38,0,23.77,3.61,516.94
20230125 15:27:27,309,10,4.8,16.42,79.78,516.03,6.6,-93,34,0,1.07,20.02,nan,9,9.85,541.5,-11.38,1040.62,612.46,1506.91,-0.08,100529.21,4095,nan,8.5,nan,2721,2762,23.97,-1.17,21.39,0,23.61,3.61,535.74
20230125 15:27:28,310,10,4.8,16.89,77.35,515.22,6.6,25,37,0,1.01,20.02,nan,8,9.85,542.4,-11.49,1040.73,612.23,1504.38,0,100500.92,4095,nan,8.5,nan,2720,2762,23.96,0.2,21.5,0,22.36,3.61,535.74
20230125 15:27:29,311,10,4.8,16.42,77.35,515.22,6.6,-49,35,0,1.07,20.02,nan,8,9.85,542.06,-11.38,1039.04,612.46,1507.68,0.02,100529.21,4095,nan,8.5,nan,2719,2762,23.97,0.54,21.34,0,24.3,3.04,498.14
20230125 15:27:30,312,10,4.68,16.89,79.34,513.13,7.6,73,35,0,1.01,20.02,nan,9,9.85,541.72,-11.49,1039.49,612.46,1507.13,0.01,100533.11,4095,nan,8.56,nan,2720,2762,23.95,0.46,21.35,0,24.08,3.61,479.35
20230125 15:27:31,313,10,4.8,16.89,79.34,513.13,6.6,-37,35,0,1.01,20.02,nan,8,9.85,543.09,-11.38,1041.07,612.68,1507.57,-0.08,100527.26,4095,nan,8.5,nan,2721,2763,23.98,-1.17,21.44,0,23.12,3.61,498.14
20230125 15:27:32,314,10,4.68,16.89,79,513.68,7.6,33,37,0,1.07,20.02,nan,9,9.85,542.18,-11.59,1039.94,612.34,1508.12,-0.04,100529.21,4095,nan,8.5,nan,2719,2762,23.96,-0.79,21.34,0,24.17,3.61,516.94
20230125 15:27:33,315,10,4.68,16.42,79,513.68,7.6,-61,36,0,1.01,20.02,nan,9,9.85,541.61,-11.38,1040.17,612.12,1508.12,0.05,100527.26,4095,nan,8.5,nan,2721,2763,23.97,0.89,21.33,0,24.22,3.61,554.54
20230125 15:27:34,316,10,4.68,16.89,79.45,515.76,6.6,77,39,0,1.01,20.02,nan,9,9.85,541.72,-11.59,1040.85,612.12,1506.58,0.01,100527.26,4095,nan,8.5,nan,2720,2762,23.96,0.46,21.4,0,23.4,4.17,516.94
20230125 15:27:35,317,10,4.68,16.89,79.45,515.76,6.6,-70,35,0,1.01,20.02,nan,8,9.85,541.16,-11.49,1038.82,612.46,1508.34,0.01,100528.23,4095,nan,8.56,nan,2720,2762,23.97,0.46,21.28,0,25.08,3.61,498.14
20230125 15:27:36,318,10,4.68,16.89,83.75,517.57,7.6,22,36,0,0.95,20.02,nan,9,9.85,542.86,-11.49,1039.72,612.46,1507.46,-0.05,100529.21,4095,nan,8.62,nan,2721,2763,23.96,-0.98,21.39,0,23.69,3.61,460.55
20230125 15:27:37,319,10,4.68,17.35,83.75,517.57,6.6,-22,36,0,1.01,20.02,nan,9,9.85,542.06,-11.59,1041.18,612.68,1505.48,0.02,100510.68,4095,nan,8.5,nan,2721,2763,23.97,0.54,21.48,0,22.75,3.61,498.14
20230125 15:27:38,320,10,4.68,17.35,85.41,517.94,6.6,-10,36,0,0.95,20.02,nan,8,9.85,541.27,-11.38,1040.28,612.68,1508.45,-0.04,100526.28,4095,nan,8.56,nan,2720,2764,23.96,-0.79,21.33,0,24.44,3.61,535.74
20230125 15:27:39,321,10,4.68,16.42,85.41,517.94,6.6,-25,35,0,1.01,20.02,nan,8,9.85,542.06,-11.49,1040.85,612.23,1508.12,-0.09,100527.26,4095,nan,8.5,nan,2721,2762,23.97,-1.24,21.37,0,23.82,3.61,516.94
20230125 15:27:40,322,10,4.68,16.89,85.52,523.1,6.6,-41,35,0,0.95,20.02,nan,8,9.85,542.4,-11.49,1040.85,612.34,1507.24,-0.08,100531.16,4095,nan,8.56,nan,2721,2764,23.96,-1.17,21.41,0,23.36,3.04,479.35
20230125 15:27:41,323,10,4.68,16.42,85.52,523.1,6.6,-101,36,0,1.01,20.02,nan,9,9.85,541.27,-11.38,1040.28,612.57,1506.25,0.01,100528.23,4095,nan,8.5,nan,2722,2764,23.97,0.46,21.4,0,23.56,3.61,498.14
20230125 15:27:42,324,10,4.56,16.42,85.3,528.81,6.6,-10,39,0,1.01,20.02,nan,9,9.85,542.52,-11.38,1040.62,612.91,1505.59,-0.05,100526.28,4095,nan,8.5,nan,2721,2763,23.96,-0.98,21.48,0,22.75,3.04,516.94
20230125 15:27:43,325,10,4.68,16.89,85.3,528.81,7.6,24,36,0,1.01,20.02,nan,8,9.85,540.7,-11.49,1041.41,612.57,1506.25,-0.08,100527.26,4095,nan,8.5,nan,2722,2764,23.97,-1.21,21.41,0,23.4,3.04,498.14
20230125 15:27:44,326,10,4.56,16.89,82.65,525.01,6.6,50,38,0,1.01,20.02,nan,8,9.81,542.18,-11.38,1039.15,612.34,1505.15,-0.06,100526.28,4095,nan,8.56,nan,2721,2764,23.97,-1.02,21.42,0,23.23,3.61,460.55
20230125 15:27:45,327,10,4.68,16.42,82.65,525.01,6.6,-4,37,0,1.01,20.02,nan,9,9.81,542.06,-11.38,1039.94,612.34,1508.23,-0.03,100528.23,4095,nan,8.56,nan,2721,2764,23.98,-0.68,21.34,0,24.17,3.04,498.14
20230125 15:27:46,328,10,4.68,16.89,80.44,522.11,6.6,-113,38,0,1.07,20.02,nan,9,9.85,542.18,-11.38,1041.41,612.46,1506.47,-0.06,100527.26,4095,nan,8.56,nan,2723,2765,23.96,-1.06,21.45,0,22.92,3.04,498.14
20230125 15:27:47,329,10,4.68,16.42,80.44,522.11,7.6,14,33,0,0.9,20.02,nan,9,9.81,543.2,-11.38,1039.72,612.34,1507.24,-0.06,100529.21,4095,nan,8.56,nan,2721,2765,23.97,-1.02,21.4,0,23.44,3.04,535.74
20230125 15:27:48,330,10,4.68,16.89,80.66,524.37,6.6,2,36,0,0.95,20.02,nan,8,9.81,542.18,-11.49,1040.06,612.46,1506.14,-0.05,100527.26,4095,nan,8.56,nan,2722,2764,23.96,-0.98,21.42,0,23.31,3.61,516.94
20230125 15:27:49,331,10,4.68,16.42,80.66,524.37,6.6,57,35,0,0.95,20.02,nan,8,9.81,541.16,-11.7,1040.06,612.01,1507.24,0.02,100527.26,4095,nan,8.5,nan,2723,2764,23.97,0.61,21.33,0,24.21,3.61,554.54
20230125 15:27:50,332,10,4.68,16.89,80.44,520.84,6.6,-55,35,0,0.95,20.02,nan,8,9.81,542.52,-11.59,1039.61,612.46,1506.25,-0.07,100525.3,4095,nan,8.44,nan,2722,2764,23.96,-1.1,21.41,0,23.43,3.61,441.75
20230125 15:27:51,333,10,4.56,16.89,80.44,520.84,6.6,17,37,0,0.9,20.02,nan,9,9.81,541.72,-11.7,1039.49,612.23,1506.03,-0.04,100527.26,4095,nan,8.62,nan,2722,2764,23.97,-0.79,21.37,0,23.72,3.04,554.54
20230125 15:27:52,334,10,4.68,16.89,79.45,517.57,6.6,-69,36,0,0.95,20.02,nan,8,9.81,540.82,-11.59,1039.04,612.01,1506.47,-0.07,100526.28,4095,nan,8.5,nan,2723,2765,23.96,-1.1,21.31,0,24.38,3.61,498.14
20230125 15:27:53,335,10,4.56,16.89,79.45,517.57,6.6,-40,35,0,0.95,20.02,nan,8,9.81,541.27,-11.7,1039.72,612.01,1508.12,-0.07,100526.28,4095,nan,8.56,nan,2723,2765,23.98,-1.1,21.29,0,24.66,3.61,516.94
20230125 15:27:54,336,10,4.68,16.42,82.32,515.58,7.6,-44,36,0,0.95,20.02,nan,8,9.81,540.93,-11.49,1039.38,612.46,1506.14,-0.07,100526.28,4095,nan,8.56,nan,2723,2765,23.96,-1.1,21.36,0,24.03,3.61,479.35
20230125 15:27:55,337,10,4.56,16.42,82.32,515.58,6.6,133,36,0,0.95,20.02,nan,8,9.81,542.74,-11.81,1038.93,611.89,1507.02,-0.03,100526.28,4095,nan,8.5,nan,2722,2765,23.97,-0.68,21.34,0,23.98,3.04,516.94
20230125 15:27:56,338,10,4.56,16.89,83.86,512.86,7.6,-29,35,0,0.95,20.02,nan,9,9.81,541.5,-11.59,1038.59,612.34,1507.57,0,100526.28,4095,nan,8.62,nan,2723,2766,23.96,-0.2,21.3,0,24.75,3.61,479.35
20230125 15:27:57,339,10,4.56,16.89,83.86,512.86,6.6,-75,36,0,1.01,20.02,nan,9,9.81,541.72,-11.49,1040.06,612.57,1506.8,0.02,100524.34,4095,nan,8.62,nan,2724,2766,23.97,0.61,21.39,0,23.73,3.61,498.14
20230125 15:27:58,340,10,4.56,16.89,82.65,513.4,7.6,-35,36,0,0.9,20.02,nan,9,9.81,541.61,-11.49,1040.28,612.34,1507.46,-0.02,100527.26,4095,nan,8.56,nan,2724,2765,23.96,-0.61,21.36,0,23.95,3.61,498.14
20230125 15:27:59,341,10,4.56,16.89,82.65,513.4,6.6,3,38,0,0.95,20.02,nan,8,9.81,541.95,-11.59,1039.83,612.34,1506.47,-0.01,100527.26,4095,nan,8.56,nan,2724,2766,23.97,-0.46,21.38,0,23.64,3.61,479.35
20230125 15:28:00,342,10,4.68,16.89,86.07,509.05,6.6,-81,36,0,0.95,20.02,nan,8,9.81,542.06,-11.59,1039.61,612.46,1508.45,0.02,100525.3,4095,nan,8.62,nan,2724,2766,23.97,0.54,21.32,0,24.48,3.61,535.74
20230125 15:28:01,343,10,4.56,16.89,86.07,509.05,6.6,-81,35,0,0.95,20.02,nan,9,9.81,543.09,-11.27,1040.28,612.68,1507.35,-0.05,100524.34,4095,nan,8.56,nan,2725,2766,23.96,-0.89,21.43,0,23.28,3.61,535.74
20230125 15:28:02,344,10,4.56,16.42,91.27,504.52,6.6,-84,38,0,0.95,20.02,nan,8,9.81,540.82,-11.27,1040.06,612.68,1508.78,-0.06,100526.28,4095,nan,8.5,nan,2724,2767,23.97,-1.02,21.3,0,24.81,3.61,498.14
20230125 15:28:03,345,10,4.44,16.89,91.27,504.52,6.6,40,37,0,0.95,20.02,nan,8,9.81,541.61,-11.38,1040.51,612.91,1508.56,0,100525.3,4095,nan,8.62,nan,2725,2766,23.97,0.2,21.35,0,24.26,3.61,498.14
20230125 15:28:04,346,10,4.56,16.89,96.57,501.44,7.6,-84,36,0,0.9,20.02,nan,8,9.81,541.5,-11.38,1039.15,612.46,1507.24,-0.09,100524.34,4095,nan,8.62,nan,2725,2766,23.97,-1.27,21.34,0,24.3,3.61,498.14
20230125 15:28:05,347,10,4.44,16.89,96.57,501.44,6.6,94,36,0,0.9,20.02,nan,8,9.81,540.93,-11.49,1041.3,612.34,1507.35,-0.08,100526.28,4095,nan,8.62,nan,2725,2766,23.97,-1.21,21.37,0,23.78,3.61,516.94
20230125 15:28:06,348,10,4.56,16.89,98.34,494.09,6.6,-60,36,0,0.9,20.02,nan,8,9.81,542.63,-11.38,1039.72,612.68,1507.57,0.03,100524.34,4095,nan,8.62,nan,2725,2766,23.96,0.74,21.39,0,23.78,3.61,479.35
20230125 15:28:07,349,10,4.56,16.89,98.34,494.09,7.6,2,37,0,0.95,20.02,nan,8,9.78,542.29,-11.49,1040.28,612.79,1507.46,0.02,100526.28,4095,nan,8.56,nan,2725,2768,23.96,0.61,21.4,0,23.69,3.61,516.94
20230125 15:28:08,350,10,4.44,16.42,95.79,490.92,6.6,-75,36,0,0.9,20.02,nan,8,9.81,540.93,-11.38,1040.4,613.02,1507.35,-0.08,100524.34,4095,nan,8.56,nan,2725,2768,23.97,-1.17,21.37,0,24.08,3.04,516.94
20230125 15:28:09,351,10,4.56,16.42,95.79,490.92,6.6,70,37,0,0.9,20.02,nan,8,9.78,542.4,-11.38,1039.94,612.91,1508.34,0.03,100526.28,4095,nan,8.56,nan,2725,2767,23.97,0.68,21.37,0,24.09,3.04,535.74
20230125 15:28:10,352,10,4.56,16.89,94.8,490.01,6.6,-136,38,0,0.95,20.02,nan,8,9.78,542.86,-11.27,1039.94,612.91,1507.24,-0.06,100524.34,4095,nan,8.56,nan,2725,2768,23.98,-1.06,21.42,0,23.45,3.61,498.14
20230125 15:28:11,353,10,4.56,16.89,94.8,490.01,6.6,87,37,0,0.9,20.02,nan,8,9.78,541.5,-11.49,1039.94,612.57,1509.33,-0.03,100524.34,4095,nan,8.56,nan,2725,2768,23.97,-0.68,21.29,0,24.9,3.04,516.94
20230125 15:28:12,354,10,4.56,16.89,91.82,486.57,6.6,-122,38,0,0.95,20.02,nan,8,9.78,542.18,-11.27,1040.17,612.79,1506.36,0.03,100524.34,4095,nan,8.56,nan,2726,2768,23.97,0.74,21.43,0,23.28,3.61,479.35
20230125 15:28:13,355,10,4.44,16.42,91.82,486.57,6.6,-10,35,0,0.9,20.02,nan,8,9.78,541.61,-11.38,1039.72,612.34,1507.35,-0.07,100526.28,4095,nan,8.56,nan,2726,2768,23.97,-1.1,21.35,0,24.08,3.04,516.94
20230125 15:28:14,356,10,4.44,16.42,91.71,482.49,6.6,-24,36,0,0.9,20.02,nan,8,9.78,542.18,-11.59,1040.73,612.34,1508.34,0.03,100525.3,4095,nan,8.5,nan,2727,2768,23.97,0.74,21.36,0,23.95,3.04,498.14
20230125 15:28:15,357,10,4.31,16.89,91.71,482.49,5.6,75,38,0,0.84,20.02,nan,8,9.78,542.06,-11.81,1040.51,612.79,1506.8,0,100526.28,4095,nan,8.5,nan,2725,2767,23.98,-0.2,21.41,0,23.56,3.61,479.35
20230125 15:28:16,358,10,4.44,16.42,93.03,476.42,5.6,-61,39,0,0.95,20.02,nan,9,9.78,541.16,-11.7,1038.7,612.23,1506.47,-0.05,100525.3,4095,nan,8.56,nan,2726,2768,23.96,-0.98,21.32,0,24.42,3.61,535.74
20230125 15:28:17,359,10,4.44,16.89,93.03,476.42,6.6,83,36,0,0.9,20.02,nan,8,9.78,542.06,-11.81,1038.59,612.12,1507.13,-0.07,100527.26,4095,nan,8.62,nan,2726,2768,23.97,-1.1,21.31,0,24.42,3.04,535.74
20230125 15:28:18,360,10,4.44,16.89,91.49,473.61,5.6,-126,35,0,0.9,20.02,nan,9,9.78,542.52,-11.49,1040.73,612.46,1506.47,0.02,100525.3,4095,nan,8.62,nan,2727,2768,23.97,0.54,21.44,0,23.07,3.61,516.94
20230125 15:28:19,361,10,4.31,16.42,91.49,473.61,5.6,19,37,0,0.9,20.02,nan,8,9.78,542.06,-11.59,1038.82,612.23,1506.14,-0.08,100526.28,4095,nan,8.56,nan,2726,2769,23.97,-1.21,21.36,0,23.85,3.61,573.33
20230125 15:28:20,362,10,4.31,16.89,90.05,471.16,5.6,-6,36,0,0.84,20.02,nan,8,9.78,542.63,-11.7,1039.27,611.89,1507.02,-0.08,100525.3,4095,nan,8.56,nan,2726,2767,23.97,-1.21,21.35,0,23.85,3.04,535.74
20230125 15:28:21,363,10,4.31,16.89,90.05,466.99,5.6,17,35,0,0.84,20.02,nan,8,9.78,542.29,-11.59,1040.17,612.46,1506.36,-0.05,100520.43,4095,nan,8.62,nan,2726,2768,23.97,-0.98,21.41,0,23.35,3.61,498.14
20230125 15:28:22,364,10,4.19,16.42,88.72,466.99,6.6,-101,34,0,0.9,20.02,nan,8,9.78,542.52,-11.49,1038.59,612.46,1506.47,-0.06,100525.3,4095,nan,8.62,nan,2727,2769,23.96,-1.02,21.37,0,23.86,3.61,535.74
20230125 15:28:23,365,10,4.31,16.42,88.72,464.18,5.6,65,37,0,0.84,20.02,nan,8,9.78,540.93,-11.81,1040.28,612.23,1506.8,-0.04,100526.28,4095,nan,8.62,nan,2727,2768,23.96,-0.79,21.35,0,24.07,3.61,498.14
20230125 15:28:24,366,10,4.44,16.42,91.82,464.18,6.6,-20,36,0,0.84,20.02,nan,8,9.78,540.59,-11.7,1040.06,612.23,1505.04,-0.03,100525.3,4095,nan,8.56,nan,2727,2768,23.97,-0.74,21.39,0,23.55,3.04,535.74
20230125 15:28:25,367,10,4.44,16.42,91.82,461.91,5.6,87,38,0,0.9,20.02,nan,8,9.78,543.09,-11.81,1038.25,611.89,1502.84,0,100526.28,4095,nan,8.56,nan,2726,2768,23.97,-0.2,21.46,0,22.53,3.04,573.33
20230125 15:28:26,368,10,4.31,16.42,96.68,461.91,6.6,-160,37,0,0.95,20.02,nan,8,9.78,541.84,-11.7,1039.94,612.23,1507.35,-0.01,100524.34,4095,nan,8.56,nan,2727,2769,23.97,-0.46,21.35,0,24.03,3.61,498.14
20230125 15:28:27,369,10,4.19,16.42,96.68,457.74,5.6,-21,37,0,0.9,20.02,nan,8,9.78,540.36,-11.92,1039.83,612.12,1505.81,-0.06,100525.3,4095,nan,8.69,nan,2727,2768,23.97,-1.02,21.34,0,24.11,3.61,498.14
20230125 15:28:28,370,10,4.31,16.89,96.02,457.74,6.6,-93,36,0,0.84,20.02,nan,8,9.78,540.82,-11.7,1039.61,612.23,1506.47,0.01,100520.43,4095,nan,8.62,nan,2727,2769,23.96,0.35,21.34,0,24.2,3.61,498.14
20230125 15:28:29,371,10,4.31,16.89,96.02,455.47,6.6,7,34,0,0.9,20.02,nan,8,9.78,540.82,-11.81,1038.03,611.89,1503.39,-0.03,100519.45,4095,nan,8.62,nan,2728,2769,23.97,-0.74,21.37,0,23.62,3.04,535.74
20230125 15:28:30,372,10,4.19,16.42,91.49,455.47,6.6,-151,34,0,0.84,20.02,nan,9,9.78,542.06,-11.81,1038.37,612.34,1507.24,-0.04,100518.48,4095,nan,8.56,nan,2727,2770,23.96,-0.79,21.31,0,24.56,3.04,479.35
20230125 15:28:31,373,10,4.31,16.42,91.49,458.65,6.6,-36,35,0,0.9,20.02,nan,8,9.74,541.16,-11.81,1038.7,611.89,1506.91,-0.02,100523.36,4095,nan,8.62,nan,2727,2769,23.97,-0.54,21.29,0,24.65,3.61,498.14
20230125 15:28:32,374,10,4.44,16.42,92.15,458.65,6.6,-74,34,0,0.84,20.02,nan,8,9.74,540.7,-11.92,1039.27,612.23,1505.48,-0.05,100525.3,4095,nan,8.56,nan,2728,2770,23.96,-0.89,21.35,0,24.06,3.04,516.94
20230125 15:28:33,375,10,4.44,16.42,92.15,463.36,6.6,-23,37,0,0.78,20.02,nan,8,9.74,541.38,-11.81,1040.06,612.12,1506.14,0,100526.28,4095,nan,8.62,nan,2728,2770,23.96,-0.2,21.37,0,23.72,3.61,479.35
20230125 15:28:34,376,10,4.19,16.42,91.49,463.36,6.6,-59,35,0,0.84,20.02,nan,8,9.74,541.72,-11.7,1038.59,612.23,1506.14,0,100524.34,4095,nan,8.62,nan,2728,2770,23.96,-0.2,21.34,0,24.11,3.61,460.55
20230125 15:28:35,377,10,4.31,16.42,91.49,466.72,5.6,10,36,0,0.84,20.02,nan,8,9.74,540.82,-11.7,1040.17,612.12,1504.6,-0.02,100523.36,4095,nan,8.62,nan,2728,2770,23.95,-0.54,21.41,0,23.26,3.61,479.35
20230125 15:28:36,378,10,4.31,16.42,87.18,466.72,5.6,-61,33,0,0.9,20.02,nan,8,9.74,542.18,-11.81,1039.38,612.12,1505.81,-0.01,100524.34,4095,nan,8.62,nan,2728,2770,23.97,-0.46,21.39,0,23.55,3.61,460.55
20230125 15:28:37,379,10,4.31,16.42,87.18,467.8,6.6,44,38,0,0.84,20.02,nan,8,9.74,541.16,-11.7,1038.7,612.12,1508.23,-0.09,100524.34,4095,nan,8.62,nan,2729,2770,23.97,-1.27,21.26,0,25.17,3.61,479.35
20230125 15:28:38,380,10,4.31,16.42,84.09,467.8,5.6,-70,37,0,0.9,20.02,nan,8,9.74,542.29,-11.7,1040.51,612.12,1505.92,-0.01,100520.43,4095,nan,8.62,nan,2728,2770,23.95,-0.46,21.43,0,23.11,3.61,479.35
20230125 15:28:39,381,10,4.19,16.42,84.09,469.89,5.6,22,37,0,0.78,20.02,nan,8,9.74,540.7,-11.7,1038.37,612.12,1505.92,-0.03,100523.36,4095,nan,8.62,nan,2729,2771,23.96,-0.68,21.31,0,24.51,3.61,516.94
20230125 15:28:40,382,10,4.07,16.89,80.55,469.89,5.6,-89,36,0,0.84,20.02,nan,8,9.74,540.02,-11.7,1039.04,612.34,1507.02,-0.03,100521.41,4095,nan,8.62,nan,2730,2770,23.96,-0.68,21.28,0,24.98,3.61,535.74
20230125 15:28:41,383,10,4.19,16.89,80.55,473.51,5.6,37,36,0,0.84,20.02,nan,8,9.74,540.7,-11.81,1039.94,611.89,1504.27,0,100519.45,4095,nan,8.62,nan,2729,2771,23.96,-0.2,21.4,0,23.3,3.04,498.14
20230125 15:28:42,384,10,4.31,16.89,80.55,473.51,5.6,-93,36,0,0.84,20.02,nan,8,9.74,542.29,-11.49,1038.25,612.34,1505.59,-0.03,100524.34,4095,nan,8.69,nan,2730,2771,23.96,-0.68,21.38,0,23.72,3.61,498.14
20230125 15:28:43,385,10,4.31,16.42,80.55,477.23,5.6,-118,36,0,0.9,20.02,nan,8,9.74,541.5,-11.59,1039.15,612.34,1507.46,0.01,100524.34,4095,nan,8.62,nan,2729,2772,23.96,0.35,21.32,0,24.47,3.61,479.35
20230125 15:28:44,386,10,4.19,16.89,82.21,477.23,5.6,-192,33,0,0.84,20.02,nan,8,9.74,542.18,-11.27,1041.07,612.79,1507.24,0.01,100524.34,4095,nan,8.62,nan,2730,2772,23.96,0.35,21.43,0,23.28,3.61,498.14
20230125 15:28:45,387,10,4.31,16.89,82.21,478.95,5.6,38,35,0,0.84,20.02,nan,8,9.74,541.95,-11.38,1039.83,612.34,1508.01,-0.03,100525.3,4095,nan,8.62,nan,2729,2772,23.96,-0.68,21.34,0,24.17,3.61,498.14
20230125 15:28:46,388,10,4.19,16.42,86.52,478.95,5.6,-86,36,0,0.9,20.02,nan,8,9.74,541.72,-11.38,1039.61,612.68,1507.35,0.01,100523.36,4095,nan,8.62,nan,2730,2771,23.97,0.46,21.36,0,24.08,3.04,498.14
20230125 15:28:47,389,10,4.19,16.42,86.52,478.5,6.6,22,35,0,0.78,20.02,nan,9,9.74,541.16,-11.49,1039.94,612.23,1507.02,-0.01,100517.51,4095,nan,8.62,nan,2730,2772,23.97,-0.35,21.35,0,24.08,3.61,498.14
20230125 15:28:48,390,10,4.19,16.89,92.81,478.5,4.6,-153,37,0,0.78,20.02,nan,8,9.74,541.84,-11.38,1039.83,612.57,1507.35,-0.01,100523.36,4095,nan,8.69,nan,2730,2772,23.97,-0.46,21.37,0,23.95,3.61,441.75
20230125 15:28:49,391,10,4.19,16.89,92.81,482.22,6.6,34,39,0,0.84,20.02,nan,9,9.74,542.86,-11.7,1038.48,612.34,1507.46,-0.03,100512.62,4095,nan,8.62,nan,2730,2772,23.95,-0.74,21.34,0,24.25,3.61,460.55
20230125 15:28:50,392,10,4.31,16.42,92.15,482.22,5.6,-68,36,0,0.84,20.02,nan,9,9.74,542.18,-11.38,1039.94,612.46,1506.69,-0.03,100512.62,4095,nan,8.56,nan,2731,2772,23.97,-0.74,21.4,0,23.52,3.04,441.75
