CO_L1,ppm,30.962233254031563,0.0
CO_ECtemp_L1,degC,22.18228801515869,0.0
CO_hp,ppm,38.122962362212846,0.0
CO_ECtemp_hp,degC,25.326481281107988,0.0
CO_ECtemp_prebkg,degC,21.73170055452865,0.0
CO_ECtemp_L1,degC,22.18228801515869,0.0
CO_ECtemp_hp,degC,25.326481281107988,0.0
CO_ECtemp_lp,degC,29.523249835866874,0.0
CO_ECtemp_postbkg,degC,19.39722129783694,0.0
CO_lp,ppm,62.19134835980297,0.0
CO_ECtemp_lp,degC,29.523249835866874,0.0
CO2_L1,ppm,1407.5245939104295,0.0
CO2_hp,ppm,1399.602506199097,0.0
CO2_lp,ppm,504.22044649250813,0.0
PM_L1,Mm^-1,185.8682720824201,0.0
PM_hp,Mm^-1,66.2886729032973,0.0
PM_lp,Mm^-1,149.1645678568298,0.0
P_amb,Pa,98701.9,0.0
P_duct,Pa,98701.15,0.0
MSC_L1,m^2/g,0.06865241408142772,0.0
MCE_L1,mol/mol,0.978475831221156,0.0
MW_duct_L1,g/mol,29.0,
density_L1,gm^-3,1142.0466770833048,0.0
mass_flow_L1,g/sec,569.3039016359347,0.0
mole_flow_L1,mol/sec,19.631169021928766,0.0
vol_flow_L1,m^3/sec,0.49851141154648165,0.0
totvol_L1,m^3,1052.3575897746227,0.0
COmass_L1,gm^-3,0.03414025261405837,0.0
CO_total_mass_L1,g,35.93862839883939,0.0
CO_fuel_dry_mass_L1,g/kg,20.946913805376514,0.0
CO_end_water_mass_L1,g/kg,,
CO_fuel_energy_L1,g/MJ,0.7979912446377138,0.0
CO_fuel_energy_w_char_L1,g/MJ,1.5138284719973343,0.0
CO_useful_eng_deliver_L1,g/MJ,,
CO_mass_time_L1,g/min,1.0219515184504093,0.0
CO2mass_L1,gm^-3,2.433873653313019,0.0
CO2_total_mass_L1,g,2563.9858832987434,0.0
CO2_fuel_dry_mass_L1,g/kg,1494.425182275331,0.0
CO2_end_water_mass_L1,g/kg,,
CO2_fuel_energy_L1,g/MJ,56.9314516831468,0.0
CO2_fuel_energy_w_char_L1,g/MJ,108.00175201072004,0.0
CO2_useful_eng_deliver_L1,g/MJ,,
CO2_mass_time_L1,g/min,72.90955118385052,0.0
PMmass_L1,gm^-3,0.0027073814456395192,0.0
PM_total_mass_L1,g,2.8434046987732673,0.0
PM_fuel_dry_mass_L1,g/kg,1.6572850938554367,0.0
PM_end_water_mass_L1,g/kg,,
PM_fuel_energy_L1,g/MJ,0.06313574434176455,0.0
PM_fuel_energy_w_char_L1,g/MJ,0.1197715990338959,0.0
PM_useful_eng_deliver_L1,mg/MJ,,
PM_mass_time_L1,mg/min,80.85510991772324,0.0
PM_heat_mass_time_L1,g/hr,4.851306595063394,0.0
C_mass_time_L1,g/min,20.334659186614818,0.0
CO_EF_L1,g/kg_C,50.256633714476195,0.0
CO2_EF_L1,g/kg_C,3585.4818374257707,0.0
PM_EF_L1,g/kg_C,3.976221542525074,0.0
firepower_carbon_L1,W,13730.715920382056,0.0
PitotVel_L1,m/s,,
StackDensity_L1,g/m^3,,
StackFlow_L1,m^3/s,,
MassFlow_L1,g/s,,
EnergyFlow_L1,W,,
StackFirepower_L1,W,,
StackUsefulpower_L1,W,,
StackThermalEfficiency_L1,%,,
carbon_in_L1,g,585.6950000999999,
carbon_out_L1,g,717.6896796718381,0.0
C_Out_In_L1,g/g,1.225364190490446,0.0
MSC_hp,m^2/g,0.07163076007256323,0.0
MCE_hp,mol/mol,0.9734838373557079,0.0
MW_duct_hp,g/mol,29.0,
density_hp,gm^-3,1122.5871778751261,0.0
mass_flow_hp,g/sec,558.6900063569839,0.0
mole_flow_hp,mol/sec,19.265172632999423,0.0
vol_flow_hp,m^3/sec,0.4976841208798146,0.0
totvol_hp,m^3,2299.7983225856233,0.0
COmass_hp,gm^-3,0.04137036819338383,0.0
CO_total_mass_hp,g,95.07555277165145,0.0
CO_fuel_dry_mass_hp,g/kg,31.1183027050123,0.0
CO_end_water_mass_hp,g/kg,,
CO_fuel_energy_hp,g/MJ,1.607858928742279,0.0
CO_fuel_energy_w_char_hp,g/MJ,1.6889622707041616,0.0
CO_useful_eng_deliver_hp,g/MJ,,
CO_mass_time_hp,g/min,1.2347474385928758,0.0
CO2mass_hp,gm^-3,2.3843549795057233,0.0
CO2_total_mass_hp,g,5483.104560744526,0.0
CO2_fuel_dry_mass_hp,g/kg,1794.6244066998122,0.0
CO2_end_water_mass_hp,g/kg,,
CO2_fuel_energy_hp,g/MJ,92.72687213709548,0.0
CO2_fuel_energy_w_char_hp,g/MJ,97.40418498186936,0.0
CO2_useful_eng_deliver_hp,g/MJ,,
CO2_mass_time_hp,g/min,71.20915013953929,0.0
PMmass_hp,gm^-3,0.0009254218835057269,0.0
PM_total_mass_hp,g,2.1195920611272863,0.0
PM_fuel_dry_mass_hp,g/kg,0.6937441376514034,0.0
PM_end_water_mass_hp,g/kg,,
PM_fuel_energy_hp,g/MJ,0.03584522962448574,0.0
PM_fuel_energy_w_char_hp,g/MJ,0.03765332849682335,0.0
PM_useful_eng_deliver_hp,mg/MJ,,
PM_mass_time_hp,mg/min,27.527169625029693,0.0
PM_heat_mass_time_hp,g/hr,1.6516301775017814,0.0
C_mass_time_hp,g/min,19.961874116819725,0.0
CO_EF_hp,g/kg_C,61.855286300622794,0.0
CO2_EF_hp,g/kg_C,3567.257749588702,0.0
PM_EF_hp,g/kg_C,1.3789872365659046,0.0
firepower_carbon_hp,W,12555.171366011935,0.0
PitotVel_hp,m/s,,
StackDensity_hp,g/m^3,,
StackFlow_hp,m^3/s,,
MassFlow_hp,g/s,,
EnergyFlow_hp,W,,
StackFirepower_hp,W,,
StackUsefulpower_hp,W,,
StackThermalEfficiency_hp,%,,
carbon_in_hp,g,1491.3594669,
carbon_out_hp,g,1538.993135770745,0.0
C_Out_In_hp,g/g,1.0319397636371053,0.0
MSC_lp,m^2/g,0.143966012864972,0.0
MCE_lp,mol/mol,0.8902011770852706,0.0
MW_duct_lp,g/mol,29.0,
density_lp,gm^-3,1143.967093438505,0.0
mass_flow_lp,g/sec,569.197853262153,0.0
mole_flow_lp,mol/sec,19.62751218145349,0.0
vol_flow_lp,m^3/sec,0.4975773949579327,0.0
totvol_lp,m^3,9852.529997562026,0.0
COmass_lp,gm^-3,0.06875996481121813,0.0
CO_total_mass_lp,g,677.1184743996776,0.0
CO_fuel_dry_mass_lp,g/kg,168.33230519631974,0.0
CO_end_water_mass_lp,g/kg,,
CO_fuel_energy_lp,g/MJ,7.810842223153834,0.0
CO_fuel_energy_w_char_lp,g/MJ,9.923635970083485,0.0
CO_useful_eng_deliver_lp,g/MJ,,
CO_mass_time_lp,g/min,2.051874164847508,0.0
CO2mass_lp,gm^-3,0.870376549345956,0.0
CO2_total_mass_lp,g,8583.180659872834,0.0
CO2_fuel_dry_mass_lp,g/kg,2133.7869826603437,0.0
CO2_end_water_mass_lp,g/kg,,
CO2_fuel_energy_lp,g/MJ,99.01054607397971,0.0
CO2_fuel_energy_w_char_lp,g/MJ,125.7924034779216,0.0
CO2_useful_eng_deliver_lp,g/MJ,,
CO2_mass_time_lp,g/min,26.009638363251014,0.0
PMmass_lp,gm^-3,0.0010361095989846912,0.0
PM_total_mass_lp,g,10.211800535002588,0.0
PM_fuel_dry_mass_lp,g/kg,2.5386634529297307,0.0
PM_end_water_mass_lp,g/kg,,
PM_fuel_energy_lp,g/MJ,0.1177973512891367,0.0
PM_fuel_energy_w_char_lp,g/MJ,0.14966094552111325,0.0
PM_useful_eng_deliver_lp,mg/MJ,,
PM_mass_time_lp,mg/min,30.944850106068447,0.0
PM_heat_mass_time_lp,g/hr,1.8566910063641069,0.0
C_mass_time_lp,g/min,7.977629114768789,0.0
CO_EF_lp,g/kg_C,257.2035043655919,0.0
CO2_EF_lp,g/kg_C,3260.3218310939033,0.0
PM_EF_lp,g/kg_C,3.878953215408448,0.0
firepower_carbon_lp,W,5109.770020769504,0.0
PitotVel_lp,m/s,,
StackDensity_lp,g/m^3,,
StackFlow_lp,m^3/s,,
MassFlow_lp,g/s,,
EnergyFlow_lp,W,,
StackFirepower_lp,W,,
StackUsefulpower_lp,W,,
StackThermalEfficiency_lp,%,,
carbon_in_lp,g,1775.3874374999998,
carbon_out_lp,g,2641.9103463605525,0.0
C_Out_In_lp,g/g,1.4880753860017963,0.0
CO_useful_eng_deliver_weighted,g/MJ,0.0,0.0
PM_useful_eng_deliver_weighted,mg/MJ,0.0,0.0
PM_mass_time_weighted,mg/min,46.442376549607125,0.0
PM_heat_mass_time_weighted,g/hr,2.7865425929764274,0.0
CO_mass_time_weighted,g/min,1.4361910406302643,0.0
firepower_carbon_total,W,7091.976958696474,0.0
PM_total_mass_total,g,15.174797294903142,0.0
CO_total_mass_total,g,808.1326555701684,0.0
PM_heat_mass_time_total,g/hr,2.059150782572609,0.0
PM_mass_time_total,mg/min,34.319179709543484,0.0
CO_mass_time_total,g/min,1.8276652594877538,0.0
PM_useful_eng_deliver_total,mg/MJd,,
CO_useful_eng_deliver_total,g/MJd,,
PM_fuel_dry_mass_total,g/kg,1.7256825315553939,0.0
PM_heat_mass_time_total,g/hr,2.059150782572609,0.0
PM_mass_time_total,mg/min,34.319179709543484,0.0
CO_mass_time_total,g/min,1.8276652594877538,0.0
PM_useful_eng_deliver_total,mg/MJd,,
CO_useful_eng_deliver_total,g/MJd,,
PM_fuel_dry_mass_total,g/kg,1.7256825315553939,0.0
