variable_name,units,value,uncertainty
fuel_type_1,--,df dry,
fuel_source_1,--,,
fuel_dimensions_1,cmxcmxcm,,
fuel_mc_1,%,17.5,
fuel_higher_heating_value_1,kJ/kg,20634,
fuel_Cfrac_db_1,g/g,0.5,
fuel_type_2,--,char,
fuel_source_2,--,,
fuel_dimensions_2,cmxcmxcm,,
fuel_mc_2,%,0,
fuel_higher_heating_value_2,kJ/kg,32500,
fuel_Cfrac_db_2,g/g,0.9,
fuel_type_3,--,maple,
fuel_source_3,--,,
fuel_dimensions_3,cmxcmxcm,,
fuel_mc_3,%,22,
fuel_higher_heating_value_3,kJ/kg,20634,
fuel_Cfrac_db_3,g/g,0.5,
char_higher_heating_value,kJ/kg,32500,
boil_temp,C,99.2986735287634,
pot1_dry_mass,lb,0,
pot2_dry_mass,kg,-,
pot3_dry_mass,kg,,
pot4_dry_mass,kg,,
initial_air_temp,ºC,19,
initial_RH,%,64.7,
initial_pressure,in Hg,29.18,
initial_wind_velocity,m/s,0,
start_time_L1,hh:mm:ss,20260702 14:35:50,
initial_fuel_mass_1_L1,lb,6.403,
initial_fuel_mass_2_L1,lb,0,
initial_fuel_mass_3_L1,lb,0,
initial_water_temp_pot1_L1,ºC,,
initial_water_temp_pot2_L1,ºC,,
initial_water_temp_pot3_L1,ºC,,
initial_water_temp_pot4_L1,ºC,,
initial_pot1_mass_L1,lb,,
initial_pot2_mass_L1,kg,,
initial_pot3_mass_L1,kg,,
initial_pot4_mass_L1,kg,,
initial_char_mass_L1,lb,,
fire_start_material_L1,--,,
boil_time_L1,hh:mm:ss,,
weight_L1,,1,
weight_hp,,1,
weight_mp,,0,
weight_lp,,1,
weight_L5,,0,
weight_total,,3,
final_air_temp,ºC,24,
final_RH,%,23.6,
final_pressure,in Hg,29.12,
final_wind_velocity,m/s,0,
end_time_L1,hh:mm:ss,20260702 15:11:00,
final_fuel_mass_1_L1,lb,0,
final_fuel_mass_2_L1,lb,1.5,
final_fuel_mass_3_L1,lb,0,
max_water_temp_pot1_L1,ºC,,
max_water_temp_pot2_L1,ºC,,
max_water_temp_pot3_L1,ºC,,
max_water_temp_pot4_L1,ºC,,
final_pot1_mass_L1,lb,,
final_pot2_mass_L1,kg,,
final_pot3_mass_L1,kg,,
final_pot4_mass_L1,kg,,
final_char_mass_L1,lb,,
start_time_hp,hh:mm:ss,20260702 15:11:00,
initial_fuel_mass_1_hp,lb,8.407,
initial_fuel_mass_2_hp,lb,1.5,
initial_fuel_mass_3_hp,lb,0,
initial_water_temp_pot1_hp,ºC,,
initial_water_temp_pot2_hp,ºC,,
initial_water_temp_pot3_hp,ºC,,
initial_water_temp_pot4_hp,ºC,,
initial_pot1_mass_hp,lb,,
initial_pot2_mass_hp,kg,,
initial_pot3_mass_hp,kg,,
initial_pot4_mass_hp,kg,,
init+J58:K59ial_char_mass_hp,lb,,
fire_start_material_hp,--,,
boil_time_hp,hh:mm:ss,,
end_time_hp,hh:mm:ss,20260702 16:28:00,
final_fuel_mass_1_hp,lb,0,
final_fuel_mass_2_hp,lb,1.7,
final_fuel_mass_3_hp,lb,0,
max_water_temp_pot1_hp,ºC,,
max_water_temp_pot2_hp,ºC,,
max_water_temp_pot3_hp,ºC,,
max_water_temp_pot4_hp,ºC,,
final_pot1_mass_hp,lb,,
final_pot2_mass_hp,kg,,
final_pot3_mass_hp,kg,,
final_pot4_mass_hp,kg,,
final_char_mass_hp,lb,,
start_time_mp,hh:mm:ss,,
initial_fuel_mass_1_mp,lb,0,
initial_fuel_mass_2_mp,lb,0,
initial_fuel_mass_3_mp,lb,0,
initial_water_temp_pot1_mp,ºC,,
initial_water_temp_pot2_mp,ºC,,
initial_water_temp_pot3_mp,ºC,,
initial_water_temp_pot4_mp,ºC,,
initial_pot1_mass_mp,lb,,
initial_pot2_mass_mp,kg,,
initial_pot3_mass_mp,kg,,
initial_pot4_mass_mp,kg,,
initial_char_mass_mp,lb,,
fire_start_material_mp,--,,
boil_time_mp,hh:mm:ss,,
end_time_mp,hh:mm:ss,,
final_fuel_mass_1_mp,lb,0,
final_fuel_mass_2_mp,lb,0,
final_fuel_mass_3_mp,lb,0,
max_water_temp_pot1_mp,ºC,,
max_water_temp_pot2_mp,ºC,,
max_water_temp_pot3_mp,ºC,,
max_water_temp_pot4_mp,ºC,,
final_pot1_mass_mp,lb,,
final_pot2_mass_mp,kg,,
final_pot3_mass_mp,kg,,
final_pot4_mass_mp,kg,,
final_char_mass_mp,lb,,
start_time_lp,hh:mm:ss,20260702 16:28:00,
initial_fuel_mass_1_lp,lb,12.325000000000001,
initial_fuel_mass_2_lp,lb,1.7,
initial_fuel_mass_3_lp,lb,0,
initial_water_temp_pot1_lp,ºC,,
initial_water_temp_pot2_lp,ºC,,
initial_water_temp_pot3_lp,ºC,,
initial_water_temp_pot4_lp,ºC,,
initial_pot1_mass_lp,lb,,
initial_pot2_mass_lp,kg,,
initial_pot3_mass_lp,kg,,
initial_pot4_mass_lp,kg,,
initial_char_mass_lp,lb,,
fire_start_material_lp,--,,
boil_time_lp,hh:mm:ss,,
end_time_lp,hh:mm:ss,20260702 21:58:00,
final_fuel_mass_1_lp,lb,0,
final_fuel_mass_2_lp,lb,3,
final_fuel_mass_3_lp,lb,0,
max_water_temp_pot1_lp,ºC,,
max_water_temp_pot2_lp,ºC,,
max_water_temp_pot3_lp,ºC,,
max_water_temp_pot4_lp,ºC,,
final_pot1_mass_lp,lb,,
final_pot2_mass_lp,kg,,
final_pot3_mass_lp,kg,,
final_pot4_mass_lp,kg,,
final_char_mass_lp,lb,,
start_time_L5,hh:mm:ss,,
initial_fuel_mass_1_L5,lb,,
initial_fuel_mass_2_L5,lb,,
initial_fuel_mass_3_L5,lb,,
initial_water_temp_pot1_L5,ºC,,
initial_water_temp_pot2_L5,ºC,,
initial_water_temp_pot3_L5,ºC,,
initial_water_temp_pot4_L5,ºC,,
initial_pot1_mass_L5,lb,,
initial_pot2_mass_L5,kg,,
initial_pot3_mass_L5,kg,,
initial_pot4_mass_L5,kg,,
initial_char_mass_L5,lb,,
fire_start_material_L5,--,,
boil_time_L5,hh:mm:ss,,
end_time_L5,hh:mm:ss,,
final_fuel_mass_1_L5,lb,,
final_fuel_mass_2_L5,lb,,
final_fuel_mass_3_L5,lb,,
max_water_temp_pot1_L5,ºC,,
max_water_temp_pot2_L5,ºC,,
max_water_temp_pot3_L5,ºC,,
max_water_temp_pot4_L5,ºC,,
final_pot1_mass_L5,lb,,
final_pot2_mass_L5,kg,,
final_pot3_mass_L5,kg,,
final_pot4_mass_L5,kg,,
final_char_mass_L5,lb,,
fuel_mass_lb_L1_1,lb,6.403,0.0
fuel_mass_L1_1,kg,2.904349576,0.0
fuel_mass_lb_hp_1,lb,8.407,0.0
fuel_mass_hp_1,kg,3.8133479439999998,0.0
fuel_mass_lb_mp_1,lb,0.0,0.0
fuel_mass_mp_1,kg,0.0,0.0
fuel_mass_lb_lp_1,lb,12.325000000000001,0.0
fuel_mass_lp_1,kg,5.5905214,0.0
fuel_mass_lb_L5_1,lb,,
fuel_mass_L5_1,kg,,
fuel_dry_mass_L1_1,kg,2.3960884002,0.0
fuel_dry_mass_hp_1,kg,3.1460120538,0.0
fuel_dry_mass_mp_1,kg,0.0,0.0
fuel_dry_mass_lp_1,kg,4.612180155,0.0
fuel_dry_mass_L5_1,kg,,
fuel_Cfrac_1,g/g,0.4125,0.0
energy_consumed_L1_1,kJ,49440.888049726804,0.0
energy_consumed_hp_1,kJ,64914.8127181092,0.0
energy_consumed_mp_1,kJ,0.0,0.0
energy_consumed_lp_1,kJ,95167.72531827,0.0
energy_consumed_L5_1,kJ,,
fuel_net_calorific_value_1,kJ/kg,19314.0,0.0
fuel_effective_calorific_value_1,kJ/kg,15506.525,0.0
fuel_mass_lb_L1_2,lb,-1.5,0.0
fuel_mass_L1_2,kg,-0.680388,0.0
fuel_mass_lb_hp_2,lb,-0.19999999999999996,0.0
fuel_mass_hp_2,kg,-0.09071839999999998,0.0
fuel_mass_lb_mp_2,lb,0.0,0.0
fuel_mass_mp_2,kg,0.0,0.0
fuel_mass_lb_lp_2,lb,-1.3,0.0
fuel_mass_lp_2,kg,-0.5896696,0.0
fuel_mass_lb_L5_2,lb,,
fuel_mass_L5_2,kg,,
fuel_dry_mass_L1_2,kg,-0.680388,0.0
fuel_dry_mass_hp_2,kg,-0.09071839999999998,0.0
fuel_dry_mass_mp_2,kg,0.0,0.0
fuel_dry_mass_lp_2,kg,-0.5896696,0.0
fuel_dry_mass_L5_2,kg,,
fuel_Cfrac_2,g/g,0.9,0.0
energy_consumed_L1_2,kJ,-22112.61,0.0
energy_consumed_hp_2,kJ,-2948.347999999999,0.0
energy_consumed_mp_2,kJ,0.0,0.0
energy_consumed_lp_2,kJ,-19164.262,0.0
energy_consumed_L5_2,kJ,,
fuel_net_calorific_value_2,kJ/kg,31300.0,0.0
fuel_effective_calorific_value_2,kJ/kg,31300.0,0.0
fuel_mass_lb_L1_3,lb,0.0,0.0
fuel_mass_L1_3,kg,0.0,0.0
fuel_mass_lb_hp_3,lb,0.0,0.0
fuel_mass_hp_3,kg,0.0,0.0
fuel_mass_lb_mp_3,lb,0.0,0.0
fuel_mass_mp_3,kg,0.0,0.0
fuel_mass_lb_lp_3,lb,0.0,0.0
fuel_mass_lp_3,kg,0.0,0.0
fuel_mass_lb_L5_3,lb,,
fuel_mass_L5_3,kg,,
fuel_dry_mass_L1_3,kg,0.0,0.0
fuel_dry_mass_hp_3,kg,0.0,0.0
fuel_dry_mass_mp_3,kg,0.0,0.0
fuel_dry_mass_lp_3,kg,0.0,0.0
fuel_dry_mass_L5_3,kg,,
fuel_Cfrac_3,g/g,0.39,0.0
energy_consumed_L1_3,kJ,0.0,0.0
energy_consumed_hp_3,kJ,0.0,0.0
energy_consumed_mp_3,kJ,0.0,0.0
energy_consumed_lp_3,kJ,0.0,0.0
energy_consumed_L5_3,kJ,,
fuel_net_calorific_value_3,kJ/kg,19314.0,0.0
fuel_effective_calorific_value_3,kJ/kg,14527.46,0.0
p_ambient,Pa,98803.48,0.0
boil_temp,C,99.2986735287634,
Hvap,kJ/kg,2261.2527826978226,
char_lower_heating_value,kJ/kg,31300.0,0.0
phase_time_L1,min,35.166666666666664,
time_to_boil_L1,min,,
fuel_mass_L1,kg,2.2239615759999998,0.0
fuel_mass_wo_char_L1,kg,2.904349576,0.0
fuel_dry_mass_wo_char_L1,kg,2.3960884002,0.0
fuel_dry_mass_L1,kg,1.7157004002,0.0
char_mass_lb_L1,lb,,
char_mass_L1,kg,0.680388,0.0
energy_consumed_L1,kJ,27328.278049726803,0.0
fuel_net_calorific_value_L1,kJ/kg,15647.061390985113,0.0
fuel_EHV_L1,kJ/kg,10674.745987150724,0.0
fuel_EHV_wo_char_L1,kJ/kg,15506.525,0.0
fuel_Cfrac_L1,g/g,0.26335661839689983,0.0
initial_water_mass_pot1_L1,kg,,
final_water_mass_pot1_L1,kg,,
useful_energy_delivered_pot1_L1,kJ,,
initial_water_mass_pot2_L1,kg,,
final_water_mass_pot2_L1,kg,,
useful_energy_delivered_pot2_L1,kJ,,
initial_water_mass_pot3_L1,kg,,
final_water_mass_pot3_L1,kg,,
useful_energy_delivered_pot3_L1,kJ,,
initial_water_mass_pot4_L1,kg,,
final_water_mass_pot4_L1,kg,,
useful_energy_delivered_pot4_L1,kJ,,
useful_energy_delivered_L1,kJ,,
cooking_power_L1,kW,,
eff_wo_char_L1,%,,
eff_w_char_L1,%,,
EHV_char_L1,kJ/kg,31300.000000000004,0.0
char_energy_productivity_L1,%,89.7048974120774,0.0
char_mass_productivity_L1,%,23.426518819303453,0.0
burn_rate_L1,g/min,82.58813960189575,0.0
burn_rate_dry_L1,g/min,68.13521517156398,0.0
firepower_w_char_L1,kW,1.1583319947788606,0.0
phase_time_hp,min,77.0,
time_to_boil_hp,min,,
fuel_mass_hp,kg,3.7226295439999997,0.0
fuel_mass_wo_char_hp,kg,3.8133479439999998,0.0
fuel_dry_mass_wo_char_hp,kg,3.1460120538,0.0
fuel_dry_mass_hp,kg,3.0552936537999997,0.0
char_mass_lb_hp,lb,,
char_mass_hp,kg,0.09071839999999998,0.0
energy_consumed_hp,kJ,61966.4647181092,0.0
fuel_net_calorific_value_hp,kJ/kg,19021.90788351407,0.0
fuel_EHV_hp,kJ/kg,15121.646847203609,0.0
fuel_EHV_wo_char_hp,kJ/kg,15506.525,0.0
fuel_Cfrac_hp,g/g,0.400619897648349,0.0
initial_water_mass_pot1_hp,kg,,
final_water_mass_pot1_hp,kg,,
useful_energy_delivered_pot1_hp,kJ,,
initial_water_mass_pot2_hp,kg,,
final_water_mass_pot2_hp,kg,,
useful_energy_delivered_pot2_hp,kJ,,
initial_water_mass_pot3_hp,kg,,
final_water_mass_pot3_hp,kg,,
useful_energy_delivered_pot3_hp,kJ,,
initial_water_mass_pot4_hp,kg,,
final_water_mass_pot4_hp,kg,,
useful_energy_delivered_pot4_hp,kJ,,
useful_energy_delivered_hp,kJ,,
cooking_power_hp,kW,,
eff_wo_char_hp,%,,
eff_w_char_hp,%,,
EHV_char_hp,kJ/kg,31300.0,0.0
char_energy_productivity_hp,%,5.044182702354634,0.0
char_mass_productivity_hp,%,2.3789699060306884,0.0
burn_rate_hp,g/min,49.52399927272727,0.0
burn_rate_dry_hp,g/min,40.857299399999995,0.0
firepower_w_char_hp,kW,11.569870863059437,0.0
phase_time_mp,min,,
time_to_boil_mp,min,,
fuel_mass_mp,kg,0.0,0.0
fuel_mass_wo_char_mp,kg,0.0,0.0
fuel_dry_mass_wo_char_mp,kg,0.0,0.0
fuel_dry_mass_mp,kg,0.0,0.0
char_mass_lb_mp,lb,,
char_mass_mp,kg,0.0,0.0
energy_consumed_mp,kJ,0.0,0.0
fuel_net_calorific_value_mp,kJ/kg,,
fuel_EHV_mp,kJ/kg,,
fuel_EHV_wo_char_mp,kJ/kg,,
fuel_Cfrac_mp,g/g,,
initial_water_mass_pot1_mp,kg,,
final_water_mass_pot1_mp,kg,,
useful_energy_delivered_pot1_mp,kJ,,
initial_water_mass_pot2_mp,kg,,
final_water_mass_pot2_mp,kg,,
useful_energy_delivered_pot2_mp,kJ,,
initial_water_mass_pot3_mp,kg,,
final_water_mass_pot3_mp,kg,,
useful_energy_delivered_pot3_mp,kJ,,
initial_water_mass_pot4_mp,kg,,
final_water_mass_pot4_mp,kg,,
useful_energy_delivered_pot4_mp,kJ,,
useful_energy_delivered_mp,kJ,,
cooking_power_mp,kW,,
eff_wo_char_mp,%,,
eff_w_char_mp,%,,
EHV_char_mp,kJ/kg,,
char_energy_productivity_mp,%,,
char_mass_productivity_mp,%,,
burn_rate_mp,g/min,,
burn_rate_dry_mp,g/min,,
firepower_w_char_mp,kW,,
phase_time_lp,min,330.0,
time_to_boil_lp,min,,
fuel_mass_lp,kg,5.0008518,0.0
fuel_mass_wo_char_lp,kg,5.5905214,0.0
fuel_dry_mass_wo_char_lp,kg,4.612180155,0.0
fuel_dry_mass_lp,kg,4.022510555,0.0
char_mass_lb_lp,lb,,
char_mass_lp,kg,0.5896696,0.0
energy_consumed_lp,kJ,76003.46331826999,0.0
fuel_net_calorific_value_lp,kJ/kg,17900.684807256235,0.0
fuel_EHV_lp,kJ/kg,13644.255839002264,0.0
fuel_EHV_wo_char_lp,kJ/kg,15506.525,0.0
fuel_Cfrac_lp,g/g,0.355017006802721,0.0
initial_water_mass_pot1_lp,kg,,
final_water_mass_pot1_lp,kg,,
useful_energy_delivered_pot1_lp,kJ,,
initial_water_mass_pot2_lp,kg,,
final_water_mass_pot2_lp,kg,,
useful_energy_delivered_pot2_lp,kJ,,
initial_water_mass_pot3_lp,kg,,
final_water_mass_pot3_lp,kg,,
useful_energy_delivered_pot3_lp,kJ,,
initial_water_mass_pot4_lp,kg,,
final_water_mass_pot4_lp,kg,,
useful_energy_delivered_pot4_lp,kJ,,
useful_energy_delivered_lp,kJ,,
cooking_power_lp,kW,,
eff_wo_char_lp,%,,
eff_w_char_lp,%,,
EHV_char_lp,kJ/kg,31300.000000000004,0.0
char_energy_productivity_lp,%,27.04949974109902,0.0
char_mass_productivity_lp,%,10.547667342799189,0.0
burn_rate_lp,g/min,16.94097393939394,0.0
burn_rate_dry_lp,g/min,13.9763035,0.0
firepower_w_char_lp,kW,2.513951661218939,0.0
phase_time_L5,min,,
time_to_boil_L5,min,,
fuel_mass_L5,kg,,
fuel_mass_wo_char_L5,kg,,
fuel_dry_mass_wo_char_L5,kg,,
fuel_dry_mass_L5,kg,,
char_mass_lb_L5,lb,,
char_mass_L5,kg,,
energy_consumed_L5,kJ,,
fuel_net_calorific_value_L5,kJ/kg,,
fuel_EHV_L5,kJ/kg,,
fuel_EHV_wo_char_L5,kJ/kg,,
fuel_Cfrac_L5,g/g,,
initial_water_mass_pot1_L5,kg,,
final_water_mass_pot1_L5,kg,,
useful_energy_delivered_pot1_L5,kJ,,
initial_water_mass_pot2_L5,kg,,
final_water_mass_pot2_L5,kg,,
useful_energy_delivered_pot2_L5,kJ,,
initial_water_mass_pot3_L5,kg,,
final_water_mass_pot3_L5,kg,,
useful_energy_delivered_pot3_L5,kJ,,
initial_water_mass_pot4_L5,kg,,
final_water_mass_pot4_L5,kg,,
useful_energy_delivered_pot4_L5,kJ,,
useful_energy_delivered_L5,kJ,,
cooking_power_L5,kW,,
eff_wo_char_L5,%,,
eff_w_char_L5,%,,
EHV_char_L5,kJ/kg,,
char_energy_productivity_L5,%,,
char_mass_productivity_L5,%,,
burn_rate_L5,g/min,,
burn_rate_dry_L5,g/min,,
firepower_w_char_L5,kW,,
eff_wo_char_weighted,%,0.0,0.0
eff_w_char_weighted,%,0.0,0.0
char_energy_productivity_weighted,%,40.59952661851035,0.0
char_mass_productivity_weighted,%,12.117718689377778,0.0
cooking_power_weighted,kW,0.0,0.0
burn_rate_weighted,g/min,49.68437093800566,0.0
phase_time_total,min,442.16666666666663,0.0
fuel_dry_mass_total,kg,8.793504609,0.0
