average,units,VG2020 Dry Doug Fir,VG2020 Auto Damper LP,VG2020 Fan + AD,2469E ARC dev natural draft,USStove Auto-Control,Princess Baseline,princess zones updraft gasifier ignitor,princess chimney control,Dauntless insulated 2ft insulated chimney,sirocco baseline dry fir,Sirocco 12 mm holes,average,Percent Change,Percent Change High,Percent Change Low
Emissions Outputs Cut Periods,units,average,average,average,average,average,average,average,average,average,average,average,nan,nan,nan,nan
test_code,,1B,1R1,1R2,2B,2R,3B,3R1,3R2,4R,5B,5R,,,,
time,#units:,nan,nan,nan,nan,nan,nan,nan,nan,nan,nan,nan,nan,nan,nan,nan
seconds,s,10937.333,10608.75,8380.333,6991,8294,34267,8036.5,13035.25,12435.5,15688.75,17268.375,13267.526,nan,nan,nan
CO,ppm,72.677,64.335,55.805,144.76,189.939,414.267,243.115,85.426,98.44,59.388,27.538,132.335,nan,nan,nan
CO2,ppm,821.716,980.575,1054.465,1621.76,2922.055,1784.643,5915.534,2371.15,2255.394,548.817,462.392,1885.318,nan,nan,nan
CObkg,,1.812,,,0.963,,,,,,1.955,1.583,1.578,nan,nan,nan
COhi,,3894.507,,,3058.607,,,,,,4452.52,1686.144,3272.945,nan,nan,nan
PM,Mm^-1,362.456,454.664,100.461,1880.126,35.372,3482.995,332.369,1.266,91.99,209.905,86.009,639.783,nan,nan,nan
CO2bkg,,-204.397,,,-204.987,,,,,,-204.018,-204.195,-204.399,nan,nan,nan
CO2hi,,67676.12,,,55674.545,,,,,,118566.101,86474.022,82097.697,nan,nan,nan
O2,,11.618,,,13.401,,,,,,8.031,10.082,10.783,nan,nan,nan
Flow,mmH2O,6.329,6.919,6.048,5.817,10.964,12.401,11.82,12.119,16.424,6.559,6.989,9.308,nan,nan,nan
dP2,mmH2O,0.14,,0.124,0.317,1.049,0.822,0.276,0.138,0.195,0.147,0.158,0.337,nan,nan,nan
DilFlow,,971.586,,,1448.315,,,,,,2053.186,2007.092,1620.045,nan,nan,nan
FiltFlow,,1078.041,,,507.774,,,,,,5.373,7.005,399.548,nan,nan,nan
SampFlow,,1925.754,,,2087.73,,,,,,2352.795,2441.869,2202.037,nan,nan,nan
USampFlow,,1015.49,,,713.018,,,,,,883.675,743.747,838.982,nan,nan,nan
FLUEtemp,degC,31.058,23.255,39.16,42.438,31.305,31.018,46.875,26.489,30.854,26.5,25.988,32.267,nan,nan,nan
AmbPres,,985.728,,,,nan,989.996,nan,nan,nan,985.596,2291.739,1313.265,nan,nan,nan
H2Otemp,degC,21898.944,65535,168.555,65535,23.99,26.047,22.704,13.846,72.982,16452.675,65535,21389.522,nan,nan,nan
RH,%,45.163,51.602,38.442,39.24,55.398,43.322,65.659,64.622,55.766,52.135,51.583,51.176,nan,nan,nan
TCnoz,,61.722,,,185.265,,,,,,218.662,19.471,121.28,nan,nan,nan
TC4,,18.623,,,291.108,329.944,nan,nan,360.39,nan,580.549,14.568,265.864,nan,nan,nan
TC5,,18.39,,,16.53,361.87,28.963,nan,nan,nan,377.915,14.453,136.353,nan,nan,nan
TC6,,18.282,,,16.29,299.928,27.248,-40.979,-47.698,-44.456,14.44,14.389,28.605,nan,nan,nan
TC7,,18.765,,,16.564,nan,26.891,nan,nan,nan,14.94,14.666,18.365,nan,nan,nan
TC8,,18.67,,,16.624,nan,29.881,nan,nan,nan,14.94,14.621,18.947,nan,nan,nan
COtemp,,29.527,,,36.433,25.641,31.461,25.366,20.401,23.3,21.788,25.172,26.565,nan,nan,nan
BattV,,12.168,,,12.174,,,,,,12.16,12.163,12.166,nan,nan,nan
StakVel,,35.712,,,102.384,,,,,,12.149,15.117,41.34,nan,nan,nan
NozVel,,8281.161,,,10968.212,,,,,,4.319,808.724,5015.604,nan,nan,nan
CO_ECtemp,degC,32.561,21.949,34.811,,,,,,22.792,26.255,,27.674,nan,nan,nan
DilRat,,0.497,,,1.271,,,,,,6.737,5.591,3.524,nan,nan,nan
datenumbers,date,20325.032,20409.633,20671.005,20252.136,19871.618,19571.868,19962.358,20173.113,20533.124,20481.212,20240.262,20226.487,nan,nan,nan
phase,text,nan,nan,nan,nan,nan,nan,nan,nan,nan,nan,nan,nan,nan,nan,nan
COmass,gm^-3,0.08,0.07,0.06,0.151,0.209,0.451,0.254,0.095,0.108,0.066,0.03,0.143,nan,nan,nan
CO2mass,gm^-3,1.407,1.68,1.759,2.655,,3.053,,,1.612,0.954,0.776,1.737,nan,nan,nan
PMmass,gm^-3,0.003,0.003,0.001,0.018,0.001,0.029,0.007,0.004,0.001,0.001,0.001,0.006,nan,nan,nan
Cmass,gm^-3,0.418,0.489,0.506,0.789,1.344,1.026,2.463,1.065,1.011,0.289,0.225,0.875,nan,nan,nan
MCE,mol/mol,0.886,0.914,0.932,0.907,0.934,0.813,0.955,0.961,0.952,0.909,0.962,0.92,nan,nan,nan
MW_duct,g/mol,29,29,29,29,29,29,29,29,29,29,29,29,nan,nan,nan
density,gm^-3,1133.945,1130.745,1102.419,1077.786,1136.645,1135.625,1080.366,1149.059,1132.804,1147.545,1111.757,1121.7,nan,nan,nan
Flow_smooth,mmH2O,6.329,6.919,6.048,5.817,,,,12.123,16.424,6.558,6.989,8.401,nan,nan,nan
DuctFlow,,10.438,,,10.186,,,,,,11.146,9.98,10.438,nan,nan,nan
vol_flow_ASTM,,0.743,,,0.725,,,,,,0.793,0.71,0.743,nan,nan,nan
mass_flow_ASTM,,848.834,,,798.486,,,,,,900.895,788.036,834.063,nan,nan,nan
mole_flow_ASTM,,29.27,,,27.534,,,,,,31.065,27.174,28.761,nan,nan,nan
totvol_ASTM,,4544.414,,,2515.977,,,,,,2371.603,6184.206,3904.05,nan,nan,nan
CO_ER_ASTM,,0.066,,,0.115,,,,,,0.049,0.021,0.063,nan,nan,nan
CO2_ER_ASTM,,1.024,,,2.22,,,,,,0.944,0.533,1.18,nan,nan,nan
PM_ER_ASTM,,0.002,,,0.01,,,,,,0.001,0,0.003,nan,nan,nan
C_ER_ASTM,,0.308,,,0.655,,,,,,0.278,0.155,0.349,nan,nan,nan
CO_ER_min_ASTM,,3.967,,,6.89,,,,,,2.921,1.255,3.758,nan,nan,nan
CO2_ER_min_ASTM,,61.449,,,133.174,,,,,,56.618,32.008,70.812,nan,nan,nan
PM_ER_min_ASTM,,0.123,,,0.581,,,,,,0.047,0.03,0.195,nan,nan,nan
CO_ER_hr_ASTM,,238.039,,,413.375,,,,,,175.247,75.329,225.498,nan,nan,nan
CO2_ER_hr_ASTM,,3686.94,,,7990.413,,,,,,3397.078,1920.493,4248.731,nan,nan,nan
PM_ER_hr_ASTM,,7.356,,,34.883,,,,,,2.805,1.775,11.705,nan,nan,nan
CO_EF_ASTM,,304.8,,,190.543,,,,,,206.185,89.682,197.803,nan,nan,nan
CO2_EF_ASTM,,3185.537,,,3365.06,,,,,,3340.484,3523.536,3353.654,nan,nan,nan
PM_EF_ASTM,,9.289,,,19.068,,,,,,3.404,2.11,8.468,nan,nan,nan
mass_flow,g/sec,563.859,590.093,544.744,528.185,181.439,192.597,183.634,191.804,292.364,578.465,587.213,403.127,nan,nan,nan
vol_flow,m^3/sec,0.497,0.522,0.494,0.49,0.16,0.17,0.17,0.167,0.257,0.504,0.531,0.36,nan,nan,nan
mole_flow,mol/sec,19.443,20.348,18.784,18.213,6.257,6.641,6.332,6.614,10.082,19.947,20.249,13.901,nan,nan,nan
totvol,m^3,2734.792,2767.068,2071.537,1708.306,664.646,3412.219,707.76,1143.525,1658.888,3911.804,4548.378,2302.629,nan,nan,nan
CO_ER,g/sec,0.026,0.022,0.014,0.069,0.033,0.061,0.033,0.013,0.018,0.013,0.009,0.028,nan,nan,nan
CO2_ER,g/sec,0.686,0.876,0.869,1.3,,0.516,,,0.809,0.483,0.41,0.744,nan,nan,nan
PM_ER,g/sec,0.002,0.001,0.001,0.009,0,0.005,0.001,0.001,0,0.001,0,0.002,nan,nan,nan
C_ER,g/sec,0.129,0.183,0.109,0.364,0.189,0.139,0.258,0.087,0.131,0.065,0.072,0.157,nan,nan,nan
CO_ER_min,g/min,1.567,1.299,0.846,4.126,2.007,3.685,2,0.791,1.091,0.757,0.549,1.702,nan,nan,nan
CO2_ER_min,g/min,41.152,52.574,52.16,78.022,,30.966,,,48.516,28.988,24.581,44.62,nan,nan,nan
PM_ER_min,g/min,0.032,0.039,0.01,0.35,0.008,0.262,0.036,0.016,0.008,0.014,0.013,0.072,nan,nan,nan
CO_ER_hr,g/hr,94.004,77.927,50.738,247.533,120.433,221.099,119.976,47.452,65.44,45.445,32.966,102.092,nan,nan,nan
CO2_ER_hr,g/hr,2469.119,3154.454,3129.618,4681.334,,1857.976,,,2910.968,1739.278,1474.874,2677.203,nan,nan,nan
PM_ER_hr,g/hr,1.921,2.338,0.578,21.015,0.452,15.736,2.147,0.987,0.499,0.843,0.797,4.301,nan,nan,nan
CO_EF,g/kg_C,219.59,134.146,132.023,200.035,170.021,328.487,105.77,146.388,127.369,89.813,57.596,155.567,nan,nan,nan
CO2_EF,g/kg_C,3248.29,3348.47,3416.356,3324.478,,2978.457,,,3451.465,3329.222,3523.536,3327.534,nan,nan,nan
PM_EF,g/kg_C,3.09,3.328,0.739,18.9,0.606,15.248,1.761,0.308,0.652,1.588,1.23,4.314,nan,nan,nan
firepower_carbon,W,7738.687,9486.039,9253.497,14589.433,8050.85,6714.366,15676.995,6677.272,8661.977,5458.278,4484.898,8799.299,nan,nan,nan
CO_totmass,g,208.743,173.369,127.762,296.537,115.693,1561.127,170.179,124.996,145.444,223.565,159.135,300.595,nan,nan,nan
CO2_totmass,g,4403.517,5443.399,4449.445,4158.79,,10792.901,,,5160.483,3530.258,3819.575,5219.796,nan,nan,nan
PitotVel,,1.63,,,2.34,,4.421,,1.605,,,1.429,2.285,nan,nan,nan
StackDensity,,953.089,,789.804,750.684,,972.996,,762.066,nan,971.343,1055.921,893.7,nan,nan,nan
Re,,12761.848,,,,,,,,,,13883.402,13322.625,nan,nan,nan
Viscocity,,0,,,,,,,,,,0,0,nan,nan,nan
Cprofile,,0.809,,,,,,,,,,0.811,0.81,nan,nan,nan
StackFlow,,0.024,,,0.034,,0.065,,0.023,,,0.021,0.033,nan,nan,nan
MassFlow,,22.519,,,25.553,,62.63,,18.109,,,22.306,30.223,nan,nan,nan
EnergyFlow,,1438.911,,,3957.477,,3238.529,,2810.053,,,523.848,2393.764,nan,nan,nan
StackUsefulpower,,4842.28,,,12577.942,,3369.288,,3684.499,,,3582.284,5611.259,nan,nan,nan
StackThermalEfficiency,,80.139,,,75.96,,49.926,,56.7,,,86.02,69.749,nan,nan,nan
PM_totmass,g,11.194,13.331,4.284,44.686,1.075,119.961,8.983,8.238,1.985,3.806,3.951,20.136,nan,nan,nan
File Index,,1,,,1,,,,,,,1,1,nan,nan,nan
Sample #,,260.5,,,233,,,,,,,150,214.5,nan,nan,nan
11.5,,229.808,,,1671.118,,,,,,,112.946,671.291,nan,nan,nan
15.4,,228.671,,,5488.003,,,,,,,311.42,2009.365,nan,nan,nan
20.5,,357.014,,,12309.819,,,,,,,484.292,4383.708,nan,nan,nan
27.4,,1491.138,,,26680.746,,,,,,,897.156,9689.68,nan,nan,nan
36.5,,2973.584,,,33951.174,,,,,,,1106.784,12677.181,nan,nan,nan
48.7,,5128.421,,,34509.607,,,,,,,1204.463,13614.164,nan,nan,nan
64.9,,7063.713,,,31244.743,,,,,,,1290.409,13199.622,nan,nan,nan
86.6,,7758.091,,,27207.117,,,,,,,1382.67,12115.959,nan,nan,nan
115.5,,6726.519,,,20459.677,,,,,,,1300.835,9495.677,nan,nan,nan
154,,4243.555,,,10954.839,,,,,,,952.444,5383.613,nan,nan,nan
205.4,,1945.138,,,3001.834,,,,,,,457.007,1801.326,nan,nan,nan
273.8,,1069.252,,,1364.931,,,,,,,70.794,834.992,nan,nan,nan
365.2,,429.226,,,398.236,,,,,,,0.72,276.061,nan,nan,nan
Total Conc,,39644.129,,,209241.844,,,,,,,9571.941,86152.638,nan,nan,nan
Median (nm),,122.524,,,68.957,,,,,,,72.076,87.852,nan,nan,nan
Mean (nm),,127.21,,,77.108,,,,,,,83.885,96.068,nan,nan,nan
Geo Mean (nm),,111.561,,,65.514,,,,,,,67.716,81.597,nan,nan,nan
Mode (nm),,135.725,,,72.58,,,,,,,83.845,97.383,nan,nan,nan
GSD,,1.695,,,1.784,,,,,,,2.002,1.827,nan,nan,nan
Particle Density (g/cc),,1.2,,,1.2,,,,,,,1.2,1.2,nan,nan,nan
Firmware Version,,1.4,,,1.4,,,,,,,1.4,1.4,nan,nan,nan
ID,NAN,2668,4001,4001,4001,4001,4003,4001,4001,4001,3001.25,4001,3789.114,nan,nan,nan
PWM1,10_bit_PWM,121.957,162.807,,nan,81.131,,168.503,142.172,4.981,236.324,5.403,115.41,nan,nan,nan
PWM2,10_bit_PWM,198.186,1000,,nan,166.783,,261.147,142.185,81.672,nan,208.136,294.016,nan,nan,nan
Flow1,,17.416,999,14.621,-0.068,12.43,,26.885,17.745,0.741,,11.743,122.279,nan,nan,nan
Flow2,,5.599,999,,-0.102,23.3,,35.817,14.718,21.607,,58.554,144.812,nan,nan,nan
Flow3,,5.049,999,,,22.809,,34.434,13.011,0.034,,,179.056,nan,nan,nan
Flow4,,68.445,999,,,0.001,,38.769,nan,10.478,,,223.339,nan,nan,nan
Flow5,SLPM,500.016,999,,,4.526,,23.058,nan,462.99,34.693,,337.381,nan,nan,nan
Flow6,SLPM,499.969,999,,,26.411,,8.101,nan,476.837,52.244,,343.76,nan,nan,nan
Flow7,SLPM,999,,,,5.12,,108.773,22.593,469.592,-0.005,,267.512,nan,nan,nan
preCAT_T,degC,525.142,,,,,,,,,438.411,,481.777,nan,nan,nan
PostCAT_T,degC,618.639,,,,,,,,,416.313,,517.476,nan,nan,nan
diff_T,degC,173.872,,,,,,,,124.043,36.112,,111.342,nan,nan,nan
body_T,degC,406.919,,,,,,,,328.927,277.855,,337.9,nan,nan,nan
body_T threshold,degC,400,,,,,,,,400,400,,400,nan,nan,nan
snorkel_T threshold,degC,680,,,,,,,,668.13,680,,676.043,nan,nan,nan
deltaP1,Pa,-7.72,-0.02,15.409,-5.844,-16.907,,14.557,17.083,-13.845,0.047,7.066,0.983,nan,nan,nan
deltaP2,Pa,-7.092,-17.075,14.183,-19.284,-15.891,,2,17.086,-8.538,-11.056,-1.824,-4.749,nan,nan,nan
deltaP3,Pa,0.009,,,,,,,,-13.889,-8.464,,-7.448,nan,nan,nan
Lambda,Lambda,79.817,2.866,,4.269,4.142,,1.435,1.304,144.073,165.149,5.613,45.408,nan,nan,nan
Kp2,,4,2,,,,,,,,,,3,-50,8.825,-108.825
Ki2,,1.699,1,,,,,,,,,,1.349,-41.142,56.572,-138.856
Kd2,,2,nan,,,,,,,,,,2,nan,nan,nan
o2Setpoint,Lambda,125,,,,,,,,125,125,,125,nan,nan,nan
Scale1,Scale,42,42,42,42,42,,35.647,42,41.832,1,41.764,37.224,nan,nan,nan
Scale2,Scale,21.5,1,42,42,42,,30.641,42,4.727,42,6.205,27.407,nan,nan,nan
mode1,mode,1,1,,nan,2.216,,nan,1.989,0.045,1,0.092,1.049,nan,nan,nan
mode2,mode,2,2,,nan,1.114,,nan,1.989,4,nan,0.869,1.995,nan,nan,nan
state_press,state,1,1,,nan,,,,,0.045,1,0.843,0.778,nan,nan,nan
state_temp,state,nan,,,nan,,,,,4.028,nan,0.046,2.037,nan,nan,nan
prev_state_temp,state,nan,,,,,,,,3.412,1,,2.206,nan,nan,nan
Kp1,P,5,2,,,,,,,6,6,,4.75,nan,nan,nan
Ki1,I,0.875,1,,,,,,,0.5,0.5,,0.719,nan,nan,nan
Kd1,D,2,nan,,,,,,,2,2,,2,nan,nan,nan
Op,P,0.5,,,,,,4,6,4,0.5,,3,nan,nan,nan
Oi,I,0.04,,,,,,1,1,0.745,0.04,,0.565,nan,nan,nan
Od,D,0.05,,,,,,nan,0.81,0.601,0.05,,0.378,nan,nan,nan
press_offset,Pa,nan,nan,,5,,,,,-16.349,nan,-4.814,-5.388,nan,nan,nan
PRESSURE_T,Pa,-1,,,,,,,,-0.955,-1,,-0.985,nan,nan,nan
PRESSURE_D,Pa,nan,,,,,,,,-0.512,nan,,-0.512,nan,nan,nan
Tp,P,1.25,10.8,10.8,2,,,,,1.318,4.333,1.763,4.609,nan,nan,nan
Ti,I,0.025,0.58,0.58,0.01,,,,,0.038,0.03,0.014,0.182,nan,nan,nan
Td,D,0.05,nan,nan,nan,,,,,0.062,0.05,0.314,0.119,nan,nan,nan
temp_set,degC,500,,,500,,,,,581.995,550,459.465,518.292,nan,nan,nan
temp_set_start,degC,70,,,,,,,,639.204,46.063,,251.756,nan,nan,nan
temp_set_low,degC,380,,,,,,,,511.307,380,,423.769,nan,nan,nan
temp_control,val,7,nan,,nan,,,,,7.39,7,nan,7.13,nan,nan,nan
DelayTime,min,0.1,,,,,,,,14.994,0.1,,5.065,nan,nan,nan
cooledDown,flag,nan,,,,,,,,0.947,nan,,0.947,nan,nan,nan
PrimaryFlow,SLPM,28.065,5994,14.621,-0.17,113.424,,,81.421,82.992,86.932,72.46,719.305,nan,nan,nan
SecondaryFlow,SLPM,70.415,nan,nan,nan,nan,,,nan,18.744,nan,nan,44.58,nan,nan,nan
TotalFlow,SLPM,98.48,nan,14.621,-0.17,113.424,,249.203,81.421,91.912,86.932,62.978,88.756,nan,nan,nan
SenO2Percent,%,13.908,12.085,,15.694,15.576,,,4.516,20.805,20.821,16.867,15.034,nan,nan,nan
PWM3,,,960.215,,,175.213,,278.939,142.175,196.435,nan,,350.595,nan,nan,nan
Setpointt,,,404.237,363.136,,,,,,,,,383.687,nan,nan,nan
temp_auto,,,0.232,,,,,,,,,,0.232,nan,nan,nan
autoRoutineStage,,,2.47,,,,,,,,,,2.47,nan,nan,nan
autoTimeCounter,,,24.485,,,,,,,,,,24.485,nan,nan,nan
PWMl,,,,1170.131,,,,,,,,,1170.131,nan,nan,nan
PWMf,,,,71.236,,,,,,,,,71.236,nan,nan,nan
lambda,,,,161.499,,,,,,,,,161.499,nan,nan,nan
linmode,,,,0.478,,,,,,,,,0.478,nan,nan,nan
fanmode,,,,1.936,,,,,,,,,1.936,nan,nan,nan
linstate,,,,19.67,,,,,,,,,19.67,nan,nan,nan
fanstate,,,,3.615,,,,,,,,,3.615,nan,nan,nan
dampercount,,,,10.809,,,,,,,,,10.809,nan,nan,nan
stepcount,,,,3.079,,,,,,,,,3.079,nan,nan,nan
400count,,,,306.714,,,,,,,,,306.714,nan,nan,nan
500count,,,,37.184,,,,,,,,,37.184,nan,nan,nan
400timer,,,,0.916,,,,,,,,,0.916,nan,nan,nan
500timer,,,,0.875,,,,,,,,,0.875,nan,nan,nan
reload,,,,0,,0.143,,,,,,,0.071,nan,nan,nan
dooropen,,,,0.006,,,,,,,,,0.006,nan,nan,nan
pressurecounter,,,,0.208,,,,,,,,,0.208,nan,nan,nan
reloads,,,,7.327,,,,,,,,,7.327,nan,nan,nan
pot_val,,,,906.017,,,,,,,,,906.017,nan,nan,nan
powerlevel,,,,1.055,,,,,,,,,1.055,nan,nan,nan
load,,,,1,,,,,,,,,1,nan,nan,nan
auto,,,,1,,,,,,,,,1,nan,nan,nan
weight,,,,,12.639,300.644,,,10.232,11.741,,182.951,103.641,nan,nan,nan
tmoStatusCondition_0,,,,,10625684.02,,,,,,,,10625684.02,nan,nan,nan
tmoOperatingMode_0,,,,,4,,,,,,,,4,nan,nan,nan
tmoCaseHeatTemp_0,,,,,33.085,,,,,,,,33.085,nan,nan,nan
tmoCapHeatTemp_0,,,,,33.262,,,,,,,,33.262,nan,nan,nan
tmoTEOMAFlowMass_0,,,,,1.459,,,,,,,,1.459,nan,nan,nan
tmoTEOMAAirTubeHeatTemp_0,,,,,33.421,,,,,,,,33.421,nan,nan,nan
tmoTEOMAFilterLoad_0,,,,,8.407,,,,,,,,8.407,nan,nan,nan
tmoTEOMAFilterPressure_0,,,,,0.936,,,,,,,,0.936,nan,nan,nan
tmoTEOMANoise_0,,,,,2.667,,,,,,,,2.667,nan,nan,nan
tmoTEOMAFrequency_0,,,,,261.509,,,,,,,,261.509,nan,nan,nan
tmoTEOMBFlowMass_0,,,,,0.972,,,,,,,,0.972,nan,nan,nan
tmoTEOMBAirTubeHeatTemp_0,,,,,33.329,,,,,,,,33.329,nan,nan,nan
tmoTEOMBFilterLoad_0,,,,,5.372,,,,,,,,5.372,nan,nan,nan
tmoTEOMBFrequency_0,,,,,274.559,,,,,,,,274.559,nan,nan,nan
tmoTEOMBNoise_0,,,,,0.05,,,,,,,,0.05,nan,nan,nan
tmoVacPumpPressure_0,,,,,0.121,,,,,,,,0.121,nan,nan,nan
tmoTEOMAMCRaw_0,,,,,1958.686,,,,,,,,1958.686,nan,nan,nan
tmoTEOMBMCRaw_0,,,,,4.733,,,,,,,,4.733,nan,nan,nan
tmoTEOMATotalMass_0,,,,,-69.458,,,,,,,,-69.458,nan,nan,nan
tmoTEOMBTotalMass_0,,,,,16.927,,,,,,,,16.927,nan,nan,nan
Kp,,,,,2,3.25,,4,4.225,,,4.611,3.617,nan,nan,nan
Ki,,,,,0.1,1.75,,1,0.303,,,0.397,0.71,nan,nan,nan
Kd,,,,,nan,nan,,nan,17.691,,,1.384,9.537,nan,nan,nan
Bin 1,,,,,7871.362,,,,,,,0.001,3935.682,nan,nan,nan
Bin 2,,,,,4137.317,,,,,,,0,2068.659,nan,nan,nan
Bin 3,,,,,2759.623,,,,,,,0,1379.812,nan,nan,nan
Bin 4,,,,,1107.195,,,,,,,0,553.597,nan,nan,nan
Bin 5,,,,,839.031,,,,,,,nan,839.031,nan,nan,nan
Bin 6,,,,,592.065,,,,,,,0,296.033,nan,nan,nan
Bin 7,,,,,67.85,,,,,,,nan,67.85,nan,nan,nan
Bin 8,,,,,15.134,,,,,,,0,7.567,nan,nan,nan
Bin 9,,,,,1.793,,,,,,,0,0.896,nan,nan,nan
Bin 10,,,,,0.427,,,,,,,nan,0.427,nan,nan,nan
Bin 11,,,,,0.196,,,,,,,0,0.098,nan,nan,nan
Bin 12,,,,,0.106,,,,,,,nan,0.106,nan,nan,nan
Bin 13,,,,,0.052,,,,,,,nan,0.052,nan,nan,nan
Bin 14,,,,,0.033,,,,,,,0,0.017,nan,nan,nan
Bin 15,,,,,0.017,,,,,,,nan,0.017,nan,nan,nan
Bin 16,,,,,0.007,,,,,,,nan,0.007,nan,nan,nan
Bin 17,,,,,0.002,,,,,,,nan,0.002,nan,nan,nan
Deadtime (s),,,,,0.152,,,,,,,0,0.076,nan,nan,nan
Temperature (C),,,,,44.202,,,,,,,33.199,38.7,nan,nan,nan
Humidity (%),,,,,nan,,,,,,,nan,nan,nan,nan,nan
Ambient Pressure (kPa),,,,,99.494,,,,,,,99.726,99.61,nan,nan,nan
GravFlo1,,,,,,0,0.02,0.003,0.01,16.848,,,3.376,nan,nan,nan
GravFlo2,,,,,,16.133,15.907,16.105,16.249,16.958,,,16.27,nan,nan,nan
VOC,,,,,,1.452,27.187,5.002,0.696,2.278,,,7.323,nan,nan,nan
CH4,,,,,,-353.033,857.841,326.99,-410.505,-477.462,,,-11.234,nan,nan,nan
CH4temp,,,,,,26.431,30.769,26.78,20.698,23.566,,,25.649,nan,nan,nan
Ctemp1,,,,,,28.588,33.586,28.889,23.133,25.78,,,27.995,nan,nan,nan
Ctemp2,,,,,,28.248,33.241,28.599,22.811,25.409,,,27.662,nan,nan,nan
Ctemp3,,,,,,27.985,32.955,28.409,22.594,25.253,,,27.439,nan,nan,nan
TC1,,,,,,240.872,73.328,nan,nan,nan,,,157.1,nan,nan,nan
TC2,,,,,,nan,29.241,nan,182.309,nan,,,105.775,nan,nan,nan
TC3,,,,,,nan,141.348,nan,nan,nan,,,141.348,nan,nan,nan
AmbTemp,,,,,,nan,29.063,nan,nan,nan,,,29.063,nan,nan,nan
AmbRH,,,,,,nan,30.504,nan,nan,nan,,,30.504,nan,nan,nan
AS1_415nm,,,,,,5.849,nan,2.491,1.505,nan,,,3.282,nan,nan,nan
AS1_445nm,,,,,,11.203,nan,5.578,5.419,nan,,,7.4,nan,nan,nan
AS1_480nm,,,,,,13.001,nan,6.294,5.565,nan,,,8.287,nan,nan,nan
AS1_515nm,,,,,,17.151,nan,8.952,8.021,nan,,,11.375,nan,nan,nan
AS1_555nm,,,,,,22.051,nan,11.257,11.236,nan,,,14.848,nan,nan,nan
AS1_590nm,,,,,,25.495,nan,12.848,12.215,nan,,,16.853,nan,nan,nan
AS1_630nm,,,,,,22.972,nan,12.042,10.691,nan,,,15.235,nan,nan,nan
AS1_680nm,,,,,,18.809,nan,9.272,6.174,nan,,,11.418,nan,nan,nan
AS1_CLEAR,,,,,,106.948,nan,26.857,42.078,nan,,,58.628,nan,nan,nan
AS1_NIR,,,,,,79.063,nan,15.799,18.454,nan,,,37.772,nan,nan,nan
AS2_415nm,,,,,,0.883,nan,1.17,1.983,nan,,,1.345,nan,nan,nan
AS2_445nm,,,,,,0.999,nan,1.969,13.288,nan,,,5.419,nan,nan,nan
AS2_480nm,,,,,,1.794,nan,2.68,12.336,nan,,,5.603,nan,nan,nan
AS2_515nm,,,,,,3.749,nan,3.63,17.794,nan,,,8.391,nan,nan,nan
AS2_555nm,,,,,,2.754,nan,3.505,23.767,nan,,,10.009,nan,nan,nan
AS2_590nm,,,,,,2.283,nan,4.96,28.999,nan,,,12.081,nan,nan,nan
AS2_630nm,,,,,,2.235,nan,4.715,23.804,nan,,,10.251,nan,nan,nan
AS2_680nm,,,,,,1.555,nan,3.449,11.353,nan,,,5.452,nan,nan,nan
AS2_CLEAR,,,,,,19.027,nan,23.606,89.779,nan,,,44.137,nan,nan,nan
AS2_NIR,,,,,,16.692,nan,12.889,15.786,nan,,,15.122,nan,nan,nan
AS3_415nm,,,,,,0.323,nan,1,0,nan,,,0.441,nan,nan,nan
AS3_445nm,,,,,,0.998,nan,1.333,0.75,nan,,,1.027,nan,nan,nan
AS3_480nm,,,,,,0.994,nan,1.78,1,nan,,,1.258,nan,nan,nan
AS3_515nm,,,,,,1,nan,3.333,0.88,nan,,,1.738,nan,nan,nan
AS3_555nm,,,,,,0.751,nan,3.667,0.999,nan,,,1.806,nan,nan,nan
AS3_590nm,,,,,,0.851,nan,3.669,1,nan,,,1.84,nan,nan,nan
AS3_630nm,,,,,,0.751,nan,3.472,0.991,nan,,,1.738,nan,nan,nan
AS3_680nm,,,,,,0.987,nan,2.333,0.744,nan,,,1.355,nan,nan,nan
AS3_CLEAR,,,,,,2.296,nan,11.405,2.883,nan,,,5.528,nan,nan,nan
AS3_NIR,,,,,,1.318,nan,4.495,1.295,nan,,,2.369,nan,nan,nan
O2_1,,,,,,4.166,4.94,1.181,1.326,0.461,,,2.415,nan,nan,nan
O2_2,,,,,,0.465,0.019,0.465,0.465,0.465,,,0.376,nan,nan,nan
O2_3,,,,,,0.002,0.036,0.002,0.002,0.002,,,0.009,nan,nan,nan
CO2v,,,,,,2665.383,,5283.781,2151.947,2296.588,,,3099.425,nan,nan,nan
O2_ave,,,,,,1.544,1.249,0.549,0.597,0.309,,,0.85,nan,nan,nan
O2_1_per,,,,,,15.606,,,4.791,-21.297,,,-0.3,nan,nan,nan
O2_2_per,,,,,,-20.969,,,-20.969,-20.969,,,-20.969,nan,nan,nan
O2_3_per,,,,,,-289.821,,,-291.823,-291.07,,,-290.905,nan,nan,nan
O2_ave_per,,,,,,6.944,,,-12.769,-38.189,,,-14.671,nan,nan,nan
CO2vmass,,,,,,4.596,,8.627,3.752,3.919,,,5.224,nan,nan,nan
VOCmass,,,,,,0.003,0.059,0.01,0.002,0.005,,,0.016,nan,nan,nan
CO2v_ER,,,,,,0.734,,1.466,0.626,0.814,,,0.91,nan,nan,nan
VOC_ER,,,,,,0,0.008,0.001,0,0.001,,,0.002,nan,nan,nan
CO2v_ER_min,,,,,,38.491,,53.505,17.918,27.493,,,34.352,nan,nan,nan
VOC_ER_min,,,,,,0.024,0.46,0.062,0.008,0.038,,,0.118,nan,nan,nan
CO2v_ER_hr,,,,,,2309.465,,3210.283,1075.092,1649.577,,,2061.104,nan,nan,nan
VOC_ER_hr,,,,,,1.445,27.618,3.745,0.483,2.259,,,7.11,nan,nan,nan
CO2v_EF,,,,,,3111.276,,2228.526,2036.76,2130.7,,,2376.815,nan,nan,nan
VOC_EF,,,,,,1.869,34.187,2.706,1.071,3.216,,,8.61,nan,nan,nan
CO2v_totmass,,,,,,3149.144,,6380.343,4475.736,5511.221,,,4879.111,nan,nan,nan
VOC_totmass,,,,,,1.612,245.069,8.467,1.537,7.183,,,52.774,nan,nan,nan
PWM4,,,,,,52.739,,163.05,nan,,,,107.895,nan,nan,nan
PWM5,,,,,,43.196,,116.2,nan,,,,79.698,nan,nan,nan
PWM6,,,,,,410.449,,7.275,nan,,,,208.862,nan,nan,nan
PWM7,,,,,,nan,,588.807,113.054,,,,350.93,nan,nan,nan
PWM8,,,,,,1023,,53.695,108.18,,,,394.958,nan,nan,nan
Flow8,,,,,,18.827,,17.038,13.354,,,,16.406,nan,nan,nan
Scale3,,,,,,42,,27.032,42,1.417,,,28.112,nan,nan,nan
Scale4,,,,,,42,,42,1.26,,,,28.42,nan,nan,nan
Scale5,,,,,,42,,42,42,,,,42,nan,nan,nan
Scale6,,,,,,42,,42,1.223,,,,28.408,nan,nan,nan
Scale7,,,,,,42,,42,42,,,,42,nan,nan,nan
Scale8,,,,,,1.006,,42,42,,,,28.335,nan,nan,nan
mode3,,,,,,0.742,,nan,1.989,1.989,,,1.573,nan,nan,nan
mode4,,,,,,0.536,,nan,nan,,,,0.536,nan,nan,nan
mode5,,,,,,0.426,,nan,nan,,,,0.426,nan,nan,nan
mode6,,,,,,6.999,,nan,nan,,,,6.999,nan,nan,nan
mode7,,,,,,nan,,nan,5.714,,,,5.714,nan,nan,nan
mode8,,,,,,8,,nan,4.786,,,,6.393,nan,nan,nan
O2_set,,,,,,2635.56,,,,,,,2635.56,nan,nan,nan
state,,,,,,7.091,,,3.015,,,1,3.702,nan,nan,nan
 controlfan,,,,,,1.731,,,,,,,1.731,nan,nan,nan
O2_4,,,,,,,-0.001,,,,,,-0.001,nan,nan,nan
o2set,,,,,,,,110,125,,,,117.5,nan,nan,nan
Ignitor,,,,,,,,0.988,nan,,,,0.988,nan,nan,nan
TotalPrimaryFlow,,,,,,,,205.941,,,,,205.941,nan,nan,nan
TotalSecondaryFlow,,,,,,,,86.524,,,,,86.524,nan,nan,nan
snorkel_T,,,,,,,,,778.969,685.34,381.402,,615.237,nan,nan,nan
chimney_T,,,,,,,,,475.536,,,,475.536,nan,nan,nan
Lp,,,,,,,,,1.267,,,,1.267,nan,nan,nan
Li,,,,,,,,,0.033,,,,0.033,nan,nan,nan
Ld,,,,,,,,,2.33,,,,2.33,nan,nan,nan
Cp,,,,,,,,,0.75,,,,0.75,nan,nan,nan
Ci,,,,,,,,,0.5,,,,0.5,nan,nan,nan
Cd,,,,,,,,,1,,,,1,nan,nan,nan
8speed,,,,,,,,,425,,,,425,nan,nan,nan
Step,,,,,,,,,100,,,,100,nan,nan,nan
Zone,,,,,,,,,1,,,,1,nan,nan,nan
Charcoal_Detected,,,,,,,,,nan,,,,nan,nan,nan,nan
gain,,,,,,,,,nan,,,,nan,nan,nan,nan
Flow1_velocity,,,,,,,,,13.336,,,,13.336,nan,nan,nan
Flow2_velocity,,,,,,,,,9.581,,,,9.581,nan,nan,nan
Flow3_velocity,,,,,,,,,8.619,,,,8.619,nan,nan,nan
Flow4_velocity,,,,,,,,,nan,,,,nan,nan,nan,nan
Flow6_velocity,,,,,,,,,nan,,,,nan,nan,nan,nan
Flow8_velocity,,,,,,,,,0.208,,,,0.208,nan,nan,nan
Chimney_T,,,,,,,,,,558.66,386.991,,472.825,nan,nan,nan
snorkel-chim,,,,,,,,,,124.043,,,124.043,nan,nan,nan
body_temp,,,,,,,,,,329.336,,,329.336,nan,nan,nan
ave_temp,,,,,,,,,,529.436,,,529.436,nan,nan,nan
weight1,,,,,,,,,,,,259.138,259.138,nan,nan,nan
weight2,,,,,,,,,,,,10.79,10.79,nan,nan,nan
STC1,,,,,,,,,,,,364.018,364.018,nan,nan,nan
STC2,,,,,,,,,,,,204.411,204.411,nan,nan,nan
STC3,,,,,,,,,,,,310.428,310.428,nan,nan,nan
STC4,,,,,,,,,,,,420.159,420.159,nan,nan,nan
confidence,units,VG2020 Dry Doug Fir,VG2020 Auto Damper LP,VG2020 Fan + AD,2469E ARC dev natural draft,USStove Auto-Control,Princess Baseline,princess zones updraft gasifier ignitor,princess chimney control,Dauntless insulated 2ft insulated chimney,sirocco baseline dry fir,Sirocco 12 mm holes,average,Percent Change,Percent Change High,Percent Change Low
Emissions Outputs Cut Periods,units,Interval,Interval,Interval,Interval,Interval,Interval,Interval,Interval,Interval,Interval,Interval,nan,nan,nan,nan
time,#units:,nan,nan,nan,nan,nan,nan,nan,nan,nan,nan,nan,nan,nan,nan,nan
seconds,s,2071.438,894.592,975.832,132.587,1333.482,11667.814,981.84,2452.721,957.57,8675.867,4322.445,3133.29,nan,nan,nan
CO,ppm,14.469,17.34,13.888,24.724,88.658,261.392,84.389,6.288,21.018,33.315,14.618,52.736,nan,nan,nan
CO2,ppm,210.438,125.51,149.11,1340.019,117.273,754.942,784.265,65.019,390.327,198.531,56.131,381.051,nan,nan,nan
CObkg,,0.865,,,2.299,,,,,,nan,0.643,1.269,nan,nan,nan
COhi,,585.816,,,828.472,,,,,,nan,738.38,717.556,nan,nan,nan
PM,Mm^-1,196.297,327.402,106.541,4299.94,54.678,9962.292,146.816,1.641,102.72,227.02,60.244,1407.781,nan,nan,nan
CO2bkg,,0.386,,,0.08,,,,,,nan,0.218,0.228,nan,nan,nan
CO2hi,,10823.403,,,29987.885,,,,,,nan,16852.266,19221.185,nan,nan,nan
O2,,1.784,,,4.344,,,,,,nan,0.994,2.374,nan,nan,nan
Flow,mmH2O,0.748,0.088,0.084,0.125,0.102,8.197,0.625,0.175,2.385,0.524,0.261,1.21,nan,nan,nan
dP2,mmH2O,0.056,,0.013,0.125,1.123,3.491,0.005,0.027,0.076,0.004,nan,0.547,nan,nan,nan
DilFlow,,138.785,,,1900.786,,,,,,nan,247.705,762.425,nan,nan,nan
FiltFlow,,1465.349,,,3161.198,,,,,,nan,2.031,1542.859,nan,nan,nan
SampFlow,,630.348,,,303.095,,,,,,nan,74.785,336.076,nan,nan,nan
USampFlow,,881.621,,,15.251,,,,,,nan,119.348,338.74,nan,nan,nan
FLUEtemp,degC,3.459,2.901,1.423,19.671,0.986,1.326,5.16,2.906,2.526,2.776,3.014,4.195,nan,nan,nan
AmbPres,,5.773,,,,nan,8.545,nan,nan,nan,nan,2525.859,846.726,nan,nan,nan
H2Otemp,degC,27805.551,0,6.111,0,1.478,4.259,2.21,3.242,65.999,38502.853,0,6035.609,nan,nan,nan
RH,%,3.584,6.252,1.684,7.924,4.548,21.358,6.606,8.56,3.498,7.333,4.722,6.915,nan,nan,nan
TCnoz,,47.372,,,15.961,,,,,,nan,9.29,24.208,nan,nan,nan
TC4,,5.054,,,95.116,20.342,nan,nan,15.893,nan,nan,1.57,27.595,nan,nan,nan
TC5,,4.602,,,12.818,17.71,0.621,nan,nan,nan,nan,1.545,7.459,nan,nan,nan
TC6,,4.688,,,12.514,26.526,2.871,2.622,4.394,1.512,nan,1.523,7.081,nan,nan,nan
TC7,,5.24,,,13.005,nan,3.46,nan,nan,nan,nan,1.557,5.816,nan,nan,nan
TC8,,5.163,,,12.724,nan,1.107,nan,nan,nan,nan,1.551,5.136,nan,nan,nan
COtemp,,2.978,,,24.492,0.965,0.732,2.187,3.468,1.417,nan,3.052,4.911,nan,nan,nan
BattV,,0.005,,,0.071,,,,,,nan,0.009,0.028,nan,nan,nan
StakVel,,37.077,,,19.729,,,,,,nan,11.301,22.702,nan,nan,nan
NozVel,,11249.116,,,9489.993,,,,,,nan,1527.774,7422.294,nan,nan,nan
CO_ECtemp,degC,15.786,1.511,1.065,,,,,,7.599,1.246,,5.441,nan,nan,nan
DilRat,,0.109,,,0.103,,,,,,nan,1.265,0.492,nan,nan,nan
datenumbers,date,242.717,2.61,2.689,22.055,6.282,6.599,21.884,5.881,7.775,212.931,22.257,50.335,nan,nan,nan
phase,text,nan,nan,nan,nan,nan,nan,nan,nan,nan,nan,nan,nan,nan,nan,nan
COmass,gm^-3,0.016,0.02,0.015,0.049,0.098,0.281,0.089,0.007,0.023,0.036,0.016,0.059,nan,nan,nan
CO2mass,gm^-3,0.358,0.215,0.243,2.576,,1.339,,,1.268,0.341,0.096,0.804,nan,nan,nan
PMmass,gm^-3,0.001,0.001,0,0.027,0.001,0.121,0.004,0.007,0.001,0.001,0.001,0.015,nan,nan,nan
Cmass,gm^-3,0.094,0.053,0.067,0.723,0.048,0.246,0.197,0.06,0.144,0.102,0.027,0.16,nan,nan,nan
MCE,mol/mol,0.046,0.036,0.013,0.071,0.027,0.179,0.022,0.005,0.011,0.047,0.023,0.044,nan,nan,nan
MW_duct,g/mol,0,0,0,0,0,0,0,0,0,0,0,0,nan,nan,nan
density,gm^-3,13.513,15.34,5.061,152.199,3.674,4.344,19.043,11.095,9.592,12.791,72.248,28.991,nan,nan,nan
Flow_smooth,mmH2O,0.748,0.088,0.084,0.129,,,,nan,2.385,0.524,0.261,0.603,nan,nan,nan
DuctFlow,,1.144,,,nan,,,,,,nan,1.815,1.479,nan,nan,nan
vol_flow_ASTM,,0.081,,,nan,,,,,,nan,0.129,0.105,nan,nan,nan
mass_flow_ASTM,,98.507,,,nan,,,,,,nan,152.958,125.733,nan,nan,nan
mole_flow_ASTM,,3.397,,,nan,,,,,,nan,5.274,4.335,nan,nan,nan
totvol_ASTM,,1292.319,,,nan,,,,,,nan,1998.566,1645.443,nan,nan,nan
CO_ER_ASTM,,0.022,,,nan,,,,,,nan,0.013,0.017,nan,nan,nan
CO2_ER_ASTM,,0.344,,,nan,,,,,,nan,0.096,0.22,nan,nan,nan
PM_ER_ASTM,,0.001,,,nan,,,,,,nan,0,0.001,nan,nan,nan
C_ER_ASTM,,0.086,,,nan,,,,,,nan,0.027,0.056,nan,nan,nan
CO_ER_min_ASTM,,1.312,,,nan,,,,,,nan,0.783,1.048,nan,nan,nan
CO2_ER_min_ASTM,,20.607,,,nan,,,,,,nan,5.761,13.184,nan,nan,nan
PM_ER_min_ASTM,,0.093,,,nan,,,,,,nan,0.019,0.056,nan,nan,nan
CO_ER_hr_ASTM,,78.728,,,nan,,,,,,nan,46.985,62.856,nan,nan,nan
CO2_ER_hr_ASTM,,1236.402,,,nan,,,,,,nan,345.689,791.046,nan,nan,nan
PM_ER_hr_ASTM,,5.609,,,nan,,,,,,nan,1.159,3.384,nan,nan,nan
CO_EF_ASTM,,172.123,,,nan,,,,,,nan,52.434,112.278,nan,nan,nan
CO2_EF_ASTM,,270.444,,,nan,,,,,,nan,82.385,176.415,nan,nan,nan
PM_EF_ASTM,,8.51,,,nan,,,,,,nan,1.393,4.952,nan,nan,nan
mass_flow,g/sec,36.524,5.992,4.818,43.109,1.051,63.423,5.277,2.198,70.762,20.651,23.358,25.197,nan,nan,nan
vol_flow,m^3/sec,0.03,0.005,0.003,0.031,0.001,0.058,0.005,0.001,0.059,0.022,0.022,0.022,nan,nan,nan
mole_flow,mol/sec,1.259,0.207,0.167,1.487,0.036,2.188,0.182,0.075,2.44,0.712,0.805,0.869,nan,nan,nan
totvol,m^3,626.446,243.095,251.344,142.145,106.409,1213.276,111.687,216.612,372.032,2095.638,1092.05,588.249,nan,nan,nan
CO_ER,g/sec,0.004,0.006,0.003,0.009,0.009,0.027,0.018,0.002,0.004,0.007,0.006,0.009,nan,nan,nan
CO2_ER,g/sec,0.124,0.111,0.116,1.179,,0.054,,,0.656,0.184,0.045,0.309,nan,nan,nan
PM_ER,g/sec,0.001,0.001,0,0.013,0,0.018,0.001,0.001,0,0,0,0.003,nan,nan,nan
C_ER,g/sec,0.03,0.005,0.007,0.232,0.022,0.018,0.104,0.011,0.026,0.026,0.006,0.044,nan,nan,nan
CO_ER_min,g/min,0.265,0.349,0.172,0.554,0.581,1.527,1.047,0.124,0.207,0.449,0.37,0.513,nan,nan,nan
CO2_ER_min,g/min,7.43,6.662,6.946,70.767,,3.134,,,39.386,11.024,2.705,18.507,nan,nan,nan
PM_ER_min,g/min,0.015,0.018,0.008,0.536,0.006,0.969,0.022,0.034,0.006,0.013,0.009,0.149,nan,nan,nan
CO_ER_hr,g/hr,15.898,20.994,10.27,33.26,34.856,91.674,62.838,7.379,12.428,26.95,22.242,30.799,nan,nan,nan
CO2_ER_hr,g/hr,445.808,399.714,416.71,4246.129,,187.987,,,2363.143,661.434,162.326,1110.406,nan,nan,nan
PM_ER_hr,g/hr,0.867,1.074,0.521,32.104,0.386,58.23,1.364,2.025,0.388,0.78,0.524,8.933,nan,nan,nan
CO_EF,g/kg_C,39.501,35.713,36.929,119.211,49.925,116.8,15.935,10.525,17.644,52.759,37.118,48.369,nan,nan,nan
CO2_EF,g/kg_C,167.495,134.801,52.403,256.226,,656.102,,,465.946,174.119,82.385,248.685,nan,nan,nan
PM_EF,g/kg_C,1.494,1.89,0.465,40.68,0.412,62.552,1.145,0.212,0.28,1.803,0.909,10.167,nan,nan,nan
firepower_carbon,W,1152.955,980.031,1172.734,12286.477,282.807,672.728,1184.984,365.137,539.15,2039.105,465.426,1921.958,nan,nan,nan
CO_totmass,g,81.863,63.062,42.113,165.218,32.141,642.28,58.056,24.946,38.19,179.38,112.787,130.912,nan,nan,nan
CO2_totmass,g,863.614,316.792,219.379,5389.821,,5049.868,,,63.132,1168.879,761.848,1729.167,nan,nan,nan
PitotVel,,0.058,,,nan,,nan,,0.487,,,nan,0.273,nan,nan,nan
StackDensity,,31.68,,15.579,nan,,nan,,33.523,nan,44.23,nan,31.253,nan,nan,nan
Re,,908.387,,,,,,,,,,nan,908.387,nan,nan,nan
Viscocity,,0,,,,,,,,,,nan,0,nan,nan,nan
Cprofile,,0.004,,,,,,,,,,nan,0.004,nan,nan,nan
StackFlow,,0,,,nan,,nan,,0.009,,,nan,0.004,nan,nan,nan
MassFlow,,1.665,,,nan,,nan,,5.924,,,nan,3.795,nan,nan,nan
EnergyFlow,,88.937,,,nan,,nan,,608.216,,,nan,348.577,nan,nan,nan
StackUsefulpower,,281.308,,,nan,,nan,,686.689,,,nan,483.998,nan,nan,nan
StackThermalEfficiency,,10.393,,,nan,,nan,,10.304,,,nan,10.349,nan,nan,nan
PM_totmass,g,5.467,7.075,3.874,43.81,0.606,460.29,4.642,18.312,2.45,4.104,2.989,50.329,nan,nan,nan
File Index,,0,,,nan,,,,,,,nan,0,nan,nan,nan
Sample #,,53.668,,,nan,,,,,,,nan,53.668,nan,nan,nan
11.5,,407.658,,,nan,,,,,,,nan,407.658,nan,nan,nan
15.4,,1053.264,,,nan,,,,,,,nan,1053.264,nan,nan,nan
20.5,,863.585,,,nan,,,,,,,nan,863.585,nan,nan,nan
27.4,,2158.874,,,nan,,,,,,,nan,2158.874,nan,nan,nan
36.5,,7079.174,,,nan,,,,,,,nan,7079.174,nan,nan,nan
48.7,,16477.97,,,nan,,,,,,,nan,16477.97,nan,nan,nan
64.9,,23208.069,,,nan,,,,,,,nan,23208.069,nan,nan,nan
86.6,,21746.437,,,nan,,,,,,,nan,21746.437,nan,nan,nan
115.5,,13863.61,,,nan,,,,,,,nan,13863.61,nan,nan,nan
154,,3096.405,,,nan,,,,,,,nan,3096.405,nan,nan,nan
205.4,,2854.648,,,nan,,,,,,,nan,2854.648,nan,nan,nan
273.8,,1188.878,,,nan,,,,,,,nan,1188.878,nan,nan,nan
365.2,,383.188,,,nan,,,,,,,nan,383.188,nan,nan,nan
Total Conc,,86294.713,,,nan,,,,,,,nan,86294.713,nan,nan,nan
Median (nm),,63.851,,,nan,,,,,,,nan,63.851,nan,nan,nan
Mean (nm),,61.275,,,nan,,,,,,,nan,61.275,nan,nan,nan
Geo Mean (nm),,59.4,,,nan,,,,,,,nan,59.4,nan,nan,nan
Mode (nm),,58.172,,,nan,,,,,,,nan,58.172,nan,nan,nan
GSD,,0.076,,,nan,,,,,,,nan,0.076,nan,nan,nan
Particle Density (g/cc),,0,,,nan,,,,,,,nan,0,nan,nan,nan
Firmware Version,,0,,,nan,,,,,,,nan,0,nan,nan,nan
ID,NAN,1698.813,0,0,0,0,0,0,0,0,2352.775,0,368.326,nan,nan,nan
PWM1,10_bit_PWM,9.603,121.041,,nan,62.524,,89.804,9.204,nan,14.321,31.698,48.314,nan,nan,nan
PWM2,10_bit_PWM,22.117,0,,nan,110.415,,72.248,9.232,9.664,nan,35.31,36.998,nan,nan,nan
Flow1,,7.036,0,1.61,0.094,8.586,,16.211,5.883,nan,,5.615,5.629,nan,nan,nan
Flow2,,9.942,0,,0.103,10.825,,9.018,2.642,nan,,12.879,6.487,nan,nan,nan
Flow3,,9.661,0,,,12.362,,8.272,2.572,nan,,,6.573,nan,nan,nan
Flow4,,11.331,0,,,0,,nan,nan,nan,,,3.777,nan,nan,nan
Flow5,SLPM,677.977,0,,,3.935,,10.728,nan,280.455,18.514,,165.268,nan,nan,nan
Flow6,SLPM,678.042,0,,,3.467,,nan,nan,273.254,6.845,,192.322,nan,nan,nan
Flow7,SLPM,0,,,,3.881,,27.217,3.574,277.019,0.013,,51.951,nan,nan,nan
preCAT_T,degC,191.705,,,,,,,,,93.348,,142.526,nan,nan,nan
PostCAT_T,degC,3.156,,,,,,,,,29.814,,16.485,nan,nan,nan
diff_T,degC,90.692,,,,,,,,21.631,60.996,,57.773,nan,nan,nan
body_T,degC,125.926,,,,,,,,16.514,65.205,,69.215,nan,nan,nan
body_T threshold,degC,0,,,,,,,,0,0,,0,nan,nan,nan
snorkel_T threshold,degC,0,,,,,,,,32.389,0,,10.796,nan,nan,nan
deltaP1,Pa,10.534,0.054,0.786,49.118,0.287,,2.571,0.613,0.977,0.019,3.888,6.885,nan,nan,nan
deltaP2,Pa,9.67,1.831,0.676,7.152,0.542,,0,0.605,3.964,3.284,3.491,3.122,nan,nan,nan
deltaP3,Pa,0.009,,,,,,,,0.883,1.917,,0.936,nan,nan,nan
Lambda,Lambda,106.673,0.516,,0.138,0.305,,0.673,0.009,5.576,22.494,nan,17.048,nan,nan,nan
Kp2,,12.626,0,,,,,,,,,,6.313,-50,8.825,-108.825
Ki2,,7.567,0,,,,,,,,,,3.784,-41.142,56.572,-138.856
Kd2,,nan,nan,,,,,,,,,,nan,nan,nan,nan
o2Setpoint,Lambda,0,,,,,,,,0,0,,0,nan,nan,nan
Scale1,Scale,0,0,0,0,0,,14.951,0,0.304,0,0.447,1.57,nan,nan,nan
Scale2,Scale,27.853,0,0,0,0,,15.648,0,6.756,0,8.797,5.905,nan,nan,nan
mode1,mode,0,0,,nan,2.157,,nan,0.02,nan,0,nan,0.435,nan,nan,nan
mode2,mode,0,0,,nan,0.495,,nan,0.02,0,nan,0.263,0.13,nan,nan,nan
state_press,state,0,0,,nan,,,,,nan,0,0.334,0.084,nan,nan,nan
state_temp,state,nan,,,nan,,,,,0.26,nan,nan,0.26,nan,nan,nan
prev_state_temp,state,nan,,,,,,,,0.563,nan,,0.563,nan,nan,nan
Kp1,P,2.353,0,,,,,,,0,0,,0.588,nan,nan,nan
Ki1,I,0.883,0,,,,,,,0,0,,0.221,nan,nan,nan
Kd1,D,0,nan,,,,,,,0,0,,0,nan,nan,nan
Op,P,0,,,,,,0,0,1.263,0,,0.253,nan,nan,nan
Oi,I,0,,,,,,0,0,0.239,0,,0.048,nan,nan,nan
Od,D,0,,,,,,nan,0.024,0.187,0,,0.053,nan,nan,nan
press_offset,Pa,nan,nan,,0,,,,,3.069,nan,3.174,2.081,nan,nan,nan
PRESSURE_T,Pa,0,,,,,,,,0.431,0,,0.144,nan,nan,nan
PRESSURE_D,Pa,nan,,,,,,,,0.664,nan,,0.664,nan,nan,nan
Tp,P,1.019,0,0,0,,,,,0.379,11.194,0.506,1.871,nan,nan,nan
Ti,I,0.02,0,0,0,,,,,0.014,0.029,0.01,0.01,nan,nan,nan
Td,D,0,nan,nan,nan,,,,,0.009,0,nan,0.003,nan,nan,nan
temp_set,degC,0,,,0,,,,,30.199,146,86.413,52.522,nan,nan,nan
temp_set_start,degC,0,,,,,,,,15.289,69.896,,28.395,nan,nan,nan
temp_set_low,degC,0,,,,,,,,43.689,0,,14.563,nan,nan,nan
temp_control,val,0,nan,,nan,,,,,0.792,0,nan,0.264,nan,nan,nan
DelayTime,min,0,,,,,,,,5.941,0,,1.98,nan,nan,nan
cooledDown,flag,nan,,,,,,,,0.092,nan,,0.092,nan,nan,nan
PrimaryFlow,SLPM,12.563,0,1.61,0.196,8.626,,,12.012,7.18,25.322,13.725,9.026,nan,nan,nan
SecondaryFlow,SLPM,11.206,nan,nan,nan,nan,,,nan,12.757,nan,nan,11.982,nan,nan,nan
TotalFlow,SLPM,1.362,nan,1.61,0.196,8.626,,40.954,12.012,10.624,25.322,17.156,13.096,nan,nan,nan
SenO2Percent,%,9.392,1.664,,0.415,0.382,,,0.17,0.005,0.02,nan,1.721,nan,nan,nan
PWM3,,,55.092,,,111.396,,84.583,9.211,22.982,nan,,56.653,nan,nan,nan
Setpointt,,,18.986,17.664,,,,,,,,,18.325,nan,nan,nan
temp_auto,,,0.094,,,,,,,,,,0.094,nan,nan,nan
autoRoutineStage,,,2.067,,,,,,,,,,2.067,nan,nan,nan
autoTimeCounter,,,11.521,,,,,,,,,,11.521,nan,nan,nan
PWMl,,,,79.105,,,,,,,,,79.105,nan,nan,nan
PWMf,,,,16.309,,,,,,,,,16.309,nan,nan,nan
lambda,,,,26.669,,,,,,,,,26.669,nan,nan,nan
linmode,,,,0.362,,,,,,,,,0.362,nan,nan,nan
fanmode,,,,0.184,,,,,,,,,0.184,nan,nan,nan
linstate,,,,1.886,,,,,,,,,1.886,nan,nan,nan
fanstate,,,,0.094,,,,,,,,,0.094,nan,nan,nan
dampercount,,,,1.295,,,,,,,,,1.295,nan,nan,nan
stepcount,,,,0.416,,,,,,,,,0.416,nan,nan,nan
400count,,,,124.755,,,,,,,,,124.755,nan,nan,nan
500count,,,,5.922,,,,,,,,,5.922,nan,nan,nan
400timer,,,,0.032,,,,,,,,,0.032,nan,nan,nan
500timer,,,,0.061,,,,,,,,,0.061,nan,nan,nan
reload,,,,0,,0.244,,,,,,,0.122,nan,nan,nan
dooropen,,,,0.005,,,,,,,,,0.005,nan,nan,nan
pressurecounter,,,,0.329,,,,,,,,,0.329,nan,nan,nan
reloads,,,,0.976,,,,,,,,,0.976,nan,nan,nan
pot_val,,,,61.625,,,,,,,,,61.625,nan,nan,nan
powerlevel,,,,0.158,,,,,,,,,0.158,nan,nan,nan
load,,,,0,,,,,,,,,0,nan,nan,nan
auto,,,,0,,,,,,,,,0,nan,nan,nan
weight,,,,,0.254,1.271,,,1.221,0.619,,111.042,22.881,nan,nan,nan
tmoStatusCondition_0,,,,,nan,,,,,,,,nan,nan,nan,nan
tmoOperatingMode_0,,,,,nan,,,,,,,,nan,nan,nan,nan
tmoCaseHeatTemp_0,,,,,nan,,,,,,,,nan,nan,nan,nan
tmoCapHeatTemp_0,,,,,nan,,,,,,,,nan,nan,nan,nan
tmoTEOMAFlowMass_0,,,,,nan,,,,,,,,nan,nan,nan,nan
tmoTEOMAAirTubeHeatTemp_0,,,,,nan,,,,,,,,nan,nan,nan,nan
tmoTEOMAFilterLoad_0,,,,,nan,,,,,,,,nan,nan,nan,nan
tmoTEOMAFilterPressure_0,,,,,nan,,,,,,,,nan,nan,nan,nan
tmoTEOMANoise_0,,,,,nan,,,,,,,,nan,nan,nan,nan
tmoTEOMAFrequency_0,,,,,nan,,,,,,,,nan,nan,nan,nan
tmoTEOMBFlowMass_0,,,,,nan,,,,,,,,nan,nan,nan,nan
tmoTEOMBAirTubeHeatTemp_0,,,,,nan,,,,,,,,nan,nan,nan,nan
tmoTEOMBFilterLoad_0,,,,,nan,,,,,,,,nan,nan,nan,nan
tmoTEOMBFrequency_0,,,,,nan,,,,,,,,nan,nan,nan,nan
tmoTEOMBNoise_0,,,,,nan,,,,,,,,nan,nan,nan,nan
tmoVacPumpPressure_0,,,,,nan,,,,,,,,nan,nan,nan,nan
tmoTEOMAMCRaw_0,,,,,nan,,,,,,,,nan,nan,nan,nan
tmoTEOMBMCRaw_0,,,,,nan,,,,,,,,nan,nan,nan,nan
tmoTEOMATotalMass_0,,,,,nan,,,,,,,,nan,nan,nan,nan
tmoTEOMBTotalMass_0,,,,,nan,,,,,,,,nan,nan,nan,nan
Kp,,,,,0,1.765,,0,2.53,,,4.171,1.693,nan,nan,nan
Ki,,,,,0,1.765,,0,0.229,,,0.285,0.456,nan,nan,nan
Kd,,,,,nan,nan,,nan,18.077,,,0.502,9.29,nan,nan,nan
Bin 1,,,,,nan,,,,,,,nan,nan,nan,nan,nan
Bin 2,,,,,nan,,,,,,,nan,nan,nan,nan,nan
Bin 3,,,,,nan,,,,,,,nan,nan,nan,nan,nan
Bin 4,,,,,nan,,,,,,,nan,nan,nan,nan,nan
Bin 5,,,,,nan,,,,,,,nan,nan,nan,nan,nan
Bin 6,,,,,nan,,,,,,,nan,nan,nan,nan,nan
Bin 7,,,,,nan,,,,,,,nan,nan,nan,nan,nan
Bin 8,,,,,nan,,,,,,,nan,nan,nan,nan,nan
Bin 9,,,,,nan,,,,,,,nan,nan,nan,nan,nan
Bin 10,,,,,nan,,,,,,,nan,nan,nan,nan,nan
Bin 11,,,,,nan,,,,,,,nan,nan,nan,nan,nan
Bin 12,,,,,nan,,,,,,,nan,nan,nan,nan,nan
Bin 13,,,,,nan,,,,,,,nan,nan,nan,nan,nan
Bin 14,,,,,nan,,,,,,,nan,nan,nan,nan,nan
Bin 15,,,,,nan,,,,,,,nan,nan,nan,nan,nan
Bin 16,,,,,nan,,,,,,,nan,nan,nan,nan,nan
Bin 17,,,,,nan,,,,,,,nan,nan,nan,nan,nan
Deadtime (s),,,,,nan,,,,,,,nan,nan,nan,nan,nan
Temperature (C),,,,,nan,,,,,,,nan,nan,nan,nan,nan
Humidity (%),,,,,nan,,,,,,,nan,nan,nan,nan,nan
Ambient Pressure (kPa),,,,,nan,,,,,,,nan,nan,nan,nan,nan
GravFlo1,,,,,,0.001,0.013,0.007,0,0.09,,,0.022,nan,nan,nan
GravFlo2,,,,,,0.073,3.045,0.068,0.184,0.087,,,0.691,nan,nan,nan
VOC,,,,,,0.871,1.357,2.427,0.577,0.723,,,1.191,nan,nan,nan
CH4,,,,,,253.677,6853.841,246.632,445.058,122.561,,,1584.354,nan,nan,nan
CH4temp,,,,,,0.768,0.085,2.118,4.016,1.38,,,1.673,nan,nan,nan
Ctemp1,,,,,,0.867,0.464,2.271,3.655,1.316,,,1.715,nan,nan,nan
Ctemp2,,,,,,0.827,0.29,2.278,3.644,1.311,,,1.67,nan,nan,nan
Ctemp3,,,,,,0.801,0.183,2.298,3.655,1.307,,,1.649,nan,nan,nan
TC1,,,,,,4.171,64.958,nan,nan,nan,,,34.565,nan,nan,nan
TC2,,,,,,nan,1.585,nan,13.893,nan,,,7.739,nan,nan,nan
TC3,,,,,,nan,324.341,nan,nan,nan,,,324.341,nan,nan,nan
AmbTemp,,,,,,nan,1.299,nan,nan,nan,,,1.299,nan,nan,nan
AmbRH,,,,,,nan,19.345,nan,nan,nan,,,19.345,nan,nan,nan
AS1_415nm,,,,,,1.952,nan,0.839,0.685,nan,,,1.159,nan,nan,nan
AS1_445nm,,,,,,4.747,nan,3.164,1.393,nan,,,3.101,nan,nan,nan
AS1_480nm,,,,,,5.369,nan,3.668,1.596,nan,,,3.544,nan,nan,nan
AS1_515nm,,,,,,6.924,nan,5.076,2.142,nan,,,4.714,nan,nan,nan
AS1_555nm,,,,,,9.852,nan,7.092,2.935,nan,,,6.626,nan,nan,nan
AS1_590nm,,,,,,11.454,nan,7.859,3.302,nan,,,7.538,nan,nan,nan
AS1_630nm,,,,,,10.355,nan,7.075,3.092,nan,,,6.841,nan,nan,nan
AS1_680nm,,,,,,6.375,nan,4.381,2.287,nan,,,4.348,nan,nan,nan
AS1_CLEAR,,,,,,34.374,nan,13.253,17.58,nan,,,21.736,nan,nan,nan
AS1_NIR,,,,,,27.519,nan,9.545,13.611,nan,,,16.892,nan,nan,nan
AS2_415nm,,,,,,0.072,nan,0.679,0.995,nan,,,0.582,nan,nan,nan
AS2_445nm,,,,,,0.002,nan,0.903,5.547,nan,,,2.151,nan,nan,nan
AS2_480nm,,,,,,0.633,nan,1.481,4.388,nan,,,2.167,nan,nan,nan
AS2_515nm,,,,,,0.587,nan,2.466,6.119,nan,,,3.057,nan,nan,nan
AS2_555nm,,,,,,0.878,nan,2.204,9.492,nan,,,4.191,nan,nan,nan
AS2_590nm,,,,,,1.166,nan,2.686,11.286,nan,,,5.046,nan,nan,nan
AS2_630nm,,,,,,1.108,nan,2.691,8.344,nan,,,4.048,nan,nan,nan
AS2_680nm,,,,,,0.687,nan,1.611,3.49,nan,,,1.929,nan,nan,nan
AS2_CLEAR,,,,,,8.431,nan,21.149,30.843,nan,,,20.141,nan,nan,nan
AS2_NIR,,,,,,7.507,nan,8.895,9.897,nan,,,8.766,nan,nan,nan
AS3_415nm,,,,,,nan,nan,0,nan,nan,,,0,nan,nan,nan
AS3_445nm,,,,,,0.005,nan,0.973,0.588,nan,,,0.522,nan,nan,nan
AS3_480nm,,,,,,0.017,nan,0.642,0,nan,,,0.22,nan,nan,nan
AS3_515nm,,,,,,0.002,nan,0.974,0.281,nan,,,0.419,nan,nan,nan
AS3_555nm,,,,,,0.587,nan,1.947,0.004,nan,,,0.846,nan,nan,nan
AS3_590nm,,,,,,0.351,nan,0.978,0,nan,,,0.443,nan,nan,nan
AS3_630nm,,,,,,0.585,nan,0.848,0.021,nan,,,0.485,nan,nan,nan
AS3_680nm,,,,,,0.035,nan,0.973,0.584,nan,,,0.531,nan,nan,nan
AS3_CLEAR,,,,,,1.583,nan,10.136,0.974,nan,,,4.231,nan,nan,nan
AS3_NIR,,,,,,0.561,nan,4.348,0.594,nan,,,1.834,nan,nan,nan
O2_1,,,,,,0.302,0.433,0.075,0.009,0.002,,,0.164,nan,nan,nan
O2_2,,,,,,0,0,0,0,0,,,0,nan,nan,nan
O2_3,,,,,,0,0,0.001,0,0,,,0,nan,nan,nan
CO2v,,,,,,71.863,,566.844,118.116,168.588,,,231.353,nan,nan,nan
O2_ave,,,,,,0.101,0.107,0.025,0.004,0.001,,,0.048,nan,nan,nan
O2_1_per,,,,,,0.372,,,0.188,0.172,,,0.244,nan,nan,nan
O2_2_per,,,,,,0,,,0,0,,,0,nan,nan,nan
O2_3_per,,,,,,1.118,,,3.938,0,,,1.685,nan,nan,nan
O2_ave_per,,,,,,0.852,,,0.299,0.112,,,0.421,nan,nan,nan
CO2vmass,,,,,,0.112,,0.843,0.227,0.278,,,0.365,nan,nan,nan
VOCmass,,,,,,0.002,0.004,0.005,0.001,0.002,,,0.003,nan,nan,nan
CO2v_ER,,,,,,0.018,,0.119,0.036,0.059,,,0.058,nan,nan,nan
VOC_ER,,,,,,0,0,0,0,0,,,0,nan,nan,nan
CO2v_ER_min,,,,,,5.373,,21.073,2.072,6.98,,,8.875,nan,nan,nan
VOC_ER_min,,,,,,0.011,0.045,0.028,0.006,0.017,,,0.021,nan,nan,nan
CO2v_ER_hr,,,,,,322.384,,1264.39,124.353,418.789,,,532.479,nan,nan,nan
VOC_ER_hr,,,,,,0.602,2.647,1.726,0.354,0.998,,,1.265,nan,nan,nan
CO2v_EF,,,,,,326.588,,837.234,199.71,373.073,,,434.151,nan,nan,nan
VOC_EF,,,,,,0.757,3.527,1.091,0.806,1.225,,,1.481,nan,nan,nan
CO2v_totmass,,,,,,506.849,,732.483,679.184,520.693,,,609.802,nan,nan,nan
VOC_totmass,,,,,,0.562,39.413,4.024,1.36,3.415,,,9.755,nan,nan,nan
PWM4,,,,,,21.313,,73.041,nan,,,,47.177,nan,nan,nan
PWM5,,,,,,40.383,,nan,nan,,,,40.383,nan,nan,nan
PWM6,,,,,,63.037,,nan,nan,,,,63.037,nan,nan,nan
PWM7,,,,,,nan,,219.213,13.912,,,,116.562,nan,nan,nan
PWM8,,,,,,nan,,159.07,1.363,,,,80.216,nan,nan,nan
Flow8,,,,,,0.294,,43.931,1.986,,,,15.404,nan,nan,nan
Scale3,,,,,,0,,15.952,0,0.738,,,4.173,nan,nan,nan
Scale4,,,,,,0,,0,0.395,,,,0.132,nan,nan,nan
Scale5,,,,,,0,,0,0,,,,0,nan,nan,nan
Scale6,,,,,,0,,0,0.398,,,,0.133,nan,nan,nan
Scale7,,,,,,0,,0,0,,,,0,nan,nan,nan
Scale8,,,,,,0.006,,0,0,,,,0.002,nan,nan,nan
mode3,,,,,,0.6,,nan,0.02,0.027,,,0.216,nan,nan,nan
mode4,,,,,,0.598,,nan,nan,,,,0.598,nan,nan,nan
mode5,,,,,,0.654,,nan,nan,,,,0.654,nan,nan,nan
mode6,,,,,,0.002,,nan,nan,,,,0.002,nan,nan,nan
mode7,,,,,,nan,,nan,0.594,,,,0.594,nan,nan,nan
mode8,,,,,,0,,nan,0.639,,,,0.32,nan,nan,nan
O2_set,,,,,,1271.829,,,,,,,1271.829,nan,nan,nan
state,,,,,,1.529,,,0.061,,,nan,0.795,nan,nan,nan
 controlfan,,,,,,1.044,,,,,,,1.044,nan,nan,nan
O2_4,,,,,,,0,,,,,,0,nan,nan,nan
o2set,,,,,,,,0,0,,,,0,nan,nan,nan
Ignitor,,,,,,,,0.02,nan,,,,0.02,nan,nan,nan
TotalPrimaryFlow,,,,,,,,81.758,,,,,81.758,nan,nan,nan
TotalSecondaryFlow,,,,,,,,343.637,,,,,343.637,nan,nan,nan
snorkel_T,,,,,,,,,13.984,25.608,nan,,19.796,nan,nan,nan
chimney_T,,,,,,,,,23.654,,,,23.654,nan,nan,nan
Lp,,,,,,,,,0.572,,,,0.572,nan,nan,nan
Li,,,,,,,,,0.049,,,,0.049,nan,nan,nan
Ld,,,,,,,,,13.376,,,,13.376,nan,nan,nan
Cp,,,,,,,,,0,,,,0,nan,nan,nan
Ci,,,,,,,,,0,,,,0,nan,nan,nan
Cd,,,,,,,,,0,,,,0,nan,nan,nan
8speed,,,,,,,,,58.834,,,,58.834,nan,nan,nan
Step,,,,,,,,,0,,,,0,nan,nan,nan
Zone,,,,,,,,,0,,,,0,nan,nan,nan
Charcoal_Detected,,,,,,,,,nan,,,,nan,nan,nan,nan
gain,,,,,,,,,nan,,,,nan,nan,nan,nan
Flow1_velocity,,,,,,,,,nan,,,,nan,nan,nan,nan
Flow2_velocity,,,,,,,,,nan,,,,nan,nan,nan,nan
Flow3_velocity,,,,,,,,,nan,,,,nan,nan,nan,nan
Flow4_velocity,,,,,,,,,nan,,,,nan,nan,nan,nan
Flow6_velocity,,,,,,,,,nan,,,,nan,nan,nan,nan
Flow8_velocity,,,,,,,,,nan,,,,nan,nan,nan,nan
Chimney_T,,,,,,,,,,15.762,nan,,15.762,nan,nan,nan
snorkel-chim,,,,,,,,,,21.631,,,21.631,nan,nan,nan
body_temp,,,,,,,,,,11.62,,,11.62,nan,nan,nan
ave_temp,,,,,,,,,,17.474,,,17.474,nan,nan,nan
weight1,,,,,,,,,,,,3.377,3.377,nan,nan,nan
weight2,,,,,,,,,,,,8.863,8.863,nan,nan,nan
STC1,,,,,,,,,,,,nan,nan,nan,nan,nan
STC2,,,,,,,,,,,,nan,nan,nan,nan,nan
STC3,,,,,,,,,,,,nan,nan,nan,nan,nan
STC4,,,,,,,,,,,,nan,nan,nan,nan,nan
N,units,VG2020 Dry Doug Fir,VG2020 Auto Damper LP,VG2020 Fan + AD,2469E ARC dev natural draft,USStove Auto-Control,Princess Baseline,princess zones updraft gasifier ignitor,princess chimney control,Dauntless insulated 2ft insulated chimney,sirocco baseline dry fir,Sirocco 12 mm holes,average,Percent Change,Percent Change High,Percent Change Low
Emissions Outputs Cut Periods,units,N,N,N,N,N,N,N,N,N,N,N,nan,nan,nan,nan
time,#units:,0,0,0,0,0,0,0,0,0,0,0,0,nan,nan,nan
seconds,s,6,4,3,2,4,2,4,4,12,4,8,4.818,nan,nan,nan
CO,ppm,6,4,3,2,4,2,4,4,12,4,8,4.818,nan,nan,nan
CO2,ppm,6,4,3,2,4,2,4,4,12,4,8,4.818,nan,nan,nan
CObkg,,4,,,2,,,,,,1,8,3.75,nan,nan,nan
COhi,,4,,,2,,,,,,1,8,3.75,nan,nan,nan
PM,Mm^-1,6,4,3,2,4,2,4,4,12,4,8,4.818,nan,nan,nan
CO2bkg,,4,,,2,,,,,,1,8,3.75,nan,nan,nan
CO2hi,,4,,,2,,,,,,1,8,3.75,nan,nan,nan
O2,,4,,,2,,,,,,1,8,3.75,nan,nan,nan
Flow,mmH2O,6,4,3,2,4,2,4,4,12,4,8,4.818,nan,nan,nan
dP2,mmH2O,4,,3,2,4,2,4,4,10,2,1,3.6,nan,nan,nan
DilFlow,,4,,,2,,,,,,1,8,3.75,nan,nan,nan
FiltFlow,,4,,,2,,,,,,1,8,3.75,nan,nan,nan
SampFlow,,4,,,2,,,,,,1,8,3.75,nan,nan,nan
USampFlow,,4,,,2,,,,,,1,8,3.75,nan,nan,nan
FLUEtemp,degC,6,4,3,2,4,2,4,4,12,4,8,4.818,nan,nan,nan
AmbPres,,2,,,,4,2,4,4,10,1,7,4.25,nan,nan,nan
H2Otemp,degC,6,4,3,2,4,2,4,4,12,4,8,4.818,nan,nan,nan
RH,%,6,4,3,2,4,2,4,4,12,4,8,4.818,nan,nan,nan
TCnoz,,4,,,2,,,,,,1,8,3.75,nan,nan,nan
TC4,,4,,,2,4,2,4,4,10,1,8,4.333,nan,nan,nan
TC5,,4,,,2,4,2,4,4,10,1,8,4.333,nan,nan,nan
TC6,,4,,,2,4,2,4,4,10,1,8,4.333,nan,nan,nan
TC7,,4,,,2,4,2,4,4,10,1,8,4.333,nan,nan,nan
TC8,,4,,,2,4,2,4,4,10,1,8,4.333,nan,nan,nan
COtemp,,4,,,2,4,2,4,4,10,1,8,4.333,nan,nan,nan
BattV,,4,,,2,,,,,,1,8,3.75,nan,nan,nan
StakVel,,4,,,2,,,,,,1,8,3.75,nan,nan,nan
NozVel,,4,,,2,,,,,,1,8,3.75,nan,nan,nan
CO_ECtemp,degC,2,4,3,,,,,,2,3,,2.8,nan,nan,nan
DilRat,,4,,,2,,,,,,1,8,3.75,nan,nan,nan
datenumbers,date,6,4,3,2,4,2,4,4,12,4,8,4.818,nan,nan,nan
phase,text,0,0,0,0,0,0,0,0,0,0,0,0,nan,nan,nan
COmass,gm^-3,6,4,3,2,4,2,4,4,12,4,8,4.818,nan,nan,nan
CO2mass,gm^-3,6,4,3,2,,2,,,2,4,8,3.875,nan,nan,nan
PMmass,gm^-3,6,4,3,2,4,2,4,4,12,4,8,4.818,nan,nan,nan
Cmass,gm^-3,6,4,3,2,4,2,4,4,12,4,8,4.818,nan,nan,nan
MCE,mol/mol,6,4,3,2,4,2,4,4,12,4,8,4.818,nan,nan,nan
MW_duct,g/mol,6,4,3,2,4,2,4,4,12,4,8,4.818,nan,nan,nan
density,gm^-3,6,4,3,2,4,2,4,4,12,4,8,4.818,nan,nan,nan
Flow_smooth,mmH2O,6,4,3,2,,,,1,12,4,8,5,nan,nan,nan
DuctFlow,,4,,,1,,,,,,1,8,3.5,nan,nan,nan
vol_flow_ASTM,,4,,,1,,,,,,1,8,3.5,nan,nan,nan
mass_flow_ASTM,,4,,,1,,,,,,1,8,3.5,nan,nan,nan
mole_flow_ASTM,,4,,,1,,,,,,1,8,3.5,nan,nan,nan
totvol_ASTM,,4,,,1,,,,,,1,8,3.5,nan,nan,nan
CO_ER_ASTM,,4,,,1,,,,,,1,8,3.5,nan,nan,nan
CO2_ER_ASTM,,4,,,1,,,,,,1,8,3.5,nan,nan,nan
PM_ER_ASTM,,4,,,1,,,,,,1,8,3.5,nan,nan,nan
C_ER_ASTM,,4,,,1,,,,,,1,8,3.5,nan,nan,nan
CO_ER_min_ASTM,,4,,,1,,,,,,1,8,3.5,nan,nan,nan
CO2_ER_min_ASTM,,4,,,1,,,,,,1,8,3.5,nan,nan,nan
PM_ER_min_ASTM,,4,,,1,,,,,,1,8,3.5,nan,nan,nan
CO_ER_hr_ASTM,,4,,,1,,,,,,1,8,3.5,nan,nan,nan
CO2_ER_hr_ASTM,,4,,,1,,,,,,1,8,3.5,nan,nan,nan
PM_ER_hr_ASTM,,4,,,1,,,,,,1,8,3.5,nan,nan,nan
CO_EF_ASTM,,4,,,1,,,,,,1,8,3.5,nan,nan,nan
CO2_EF_ASTM,,4,,,1,,,,,,1,8,3.5,nan,nan,nan
PM_EF_ASTM,,4,,,1,,,,,,1,8,3.5,nan,nan,nan
mass_flow,g/sec,6,4,3,2,4,2,4,4,12,4,8,4.818,nan,nan,nan
vol_flow,m^3/sec,6,4,3,2,4,2,4,4,12,4,8,4.818,nan,nan,nan
mole_flow,mol/sec,6,4,3,2,4,2,4,4,12,4,8,4.818,nan,nan,nan
totvol,m^3,6,4,3,2,4,2,4,4,12,4,8,4.818,nan,nan,nan
CO_ER,g/sec,6,4,3,2,4,2,4,4,12,4,8,4.818,nan,nan,nan
CO2_ER,g/sec,6,4,3,2,,2,,,2,4,8,3.875,nan,nan,nan
PM_ER,g/sec,6,4,3,2,4,2,4,4,12,4,8,4.818,nan,nan,nan
C_ER,g/sec,6,4,3,2,4,2,4,4,12,4,8,4.818,nan,nan,nan
CO_ER_min,g/min,6,4,3,2,4,2,4,4,12,4,8,4.818,nan,nan,nan
CO2_ER_min,g/min,6,4,3,2,,2,,,2,4,8,3.875,nan,nan,nan
PM_ER_min,g/min,6,4,3,2,4,2,4,4,12,4,8,4.818,nan,nan,nan
CO_ER_hr,g/hr,6,4,3,2,4,2,4,4,12,4,8,4.818,nan,nan,nan
CO2_ER_hr,g/hr,6,4,3,2,,2,,,2,4,8,3.875,nan,nan,nan
PM_ER_hr,g/hr,6,4,3,2,4,2,4,4,12,4,8,4.818,nan,nan,nan
CO_EF,g/kg_C,6,4,3,2,4,2,4,4,12,4,8,4.818,nan,nan,nan
CO2_EF,g/kg_C,6,4,3,2,,2,,,2,4,8,3.875,nan,nan,nan
PM_EF,g/kg_C,6,4,3,2,4,2,4,4,12,4,8,4.818,nan,nan,nan
firepower_carbon,W,6,4,3,2,4,2,4,4,12,4,8,4.818,nan,nan,nan
CO_totmass,g,6,4,3,2,4,2,4,4,12,4,8,4.818,nan,nan,nan
CO2_totmass,g,6,4,3,2,,2,,,2,4,8,3.875,nan,nan,nan
PitotVel,,2,,,1,,1,,2,,,1,1.4,nan,nan,nan
StackDensity,,2,,3,1,,1,,3,10,2,1,2.875,nan,nan,nan
Re,,2,,,,,,,,,,1,1.5,nan,nan,nan
Viscocity,,2,,,,,,,,,,1,1.5,nan,nan,nan
Cprofile,,2,,,,,,,,,,1,1.5,nan,nan,nan
StackFlow,,2,,,1,,1,,2,,,1,1.4,nan,nan,nan
MassFlow,,2,,,1,,1,,2,,,1,1.4,nan,nan,nan
EnergyFlow,,2,,,1,,1,,2,,,1,1.4,nan,nan,nan
StackUsefulpower,,2,,,1,,1,,2,,,1,1.4,nan,nan,nan
StackThermalEfficiency,,2,,,1,,1,,2,,,1,1.4,nan,nan,nan
PM_totmass,g,6,4,3,2,4,2,4,4,12,4,8,4.818,nan,nan,nan
File Index,,2,,,1,,,,,,,1,1.333,nan,nan,nan
Sample #,,2,,,1,,,,,,,1,1.333,nan,nan,nan
11.5,,2,,,1,,,,,,,1,1.333,nan,nan,nan
15.4,,2,,,1,,,,,,,1,1.333,nan,nan,nan
20.5,,2,,,1,,,,,,,1,1.333,nan,nan,nan
27.4,,2,,,1,,,,,,,1,1.333,nan,nan,nan
36.5,,2,,,1,,,,,,,1,1.333,nan,nan,nan
48.7,,2,,,1,,,,,,,1,1.333,nan,nan,nan
64.9,,2,,,1,,,,,,,1,1.333,nan,nan,nan
86.6,,2,,,1,,,,,,,1,1.333,nan,nan,nan
115.5,,2,,,1,,,,,,,1,1.333,nan,nan,nan
154,,2,,,1,,,,,,,1,1.333,nan,nan,nan
205.4,,2,,,1,,,,,,,1,1.333,nan,nan,nan
273.8,,2,,,1,,,,,,,1,1.333,nan,nan,nan
365.2,,2,,,1,,,,,,,1,1.333,nan,nan,nan
Total Conc,,2,,,1,,,,,,,1,1.333,nan,nan,nan
Median (nm),,2,,,1,,,,,,,1,1.333,nan,nan,nan
Mean (nm),,2,,,1,,,,,,,1,1.333,nan,nan,nan
Geo Mean (nm),,2,,,1,,,,,,,1,1.333,nan,nan,nan
Mode (nm),,2,,,1,,,,,,,1,1.333,nan,nan,nan
GSD,,2,,,1,,,,,,,1,1.333,nan,nan,nan
Particle Density (g/cc),,2,,,1,,,,,,,1,1.333,nan,nan,nan
Firmware Version,,2,,,1,,,,,,,1,1.333,nan,nan,nan
ID,NAN,6,3,3,2,4,2,4,4,11,4,8,4.636,nan,nan,nan
PWM1,10_bit_PWM,2,3,,0,4,,4,4,1,3,2,2.556,nan,nan,nan
PWM2,10_bit_PWM,2,3,,0,4,,4,4,10,0,7,3.778,nan,nan,nan
Flow1,,2,3,3,2,4,,4,4,1,,8,3.444,nan,nan,nan
Flow2,,2,3,,2,4,,4,4,1,,7,3.375,nan,nan,nan
Flow3,,2,3,,,4,,4,4,1,,,3,nan,nan,nan
Flow4,,2,3,,,2,,1,0,1,,,1.5,nan,nan,nan
Flow5,SLPM,4,3,,,4,,4,0,11,3,,4.143,nan,nan,nan
Flow6,SLPM,4,3,,,4,,1,0,11,3,,3.714,nan,nan,nan
Flow7,SLPM,2,,,,4,,4,4,11,3,,4.667,nan,nan,nan
preCAT_T,degC,2,,,,,,,,,2,,2,nan,nan,nan
PostCAT_T,degC,2,,,,,,,,,2,,2,nan,nan,nan
diff_T,degC,2,,,,,,,,5,3,,3.333,nan,nan,nan
body_T,degC,2,,,,,,,,4,3,,3,nan,nan,nan
body_T threshold,degC,2,,,,,,,,4,3,,3,nan,nan,nan
snorkel_T threshold,degC,2,,,,,,,,3,3,,2.667,nan,nan,nan
deltaP1,Pa,4,3,3,2,4,,3,4,11,3,8,4.5,nan,nan,nan
deltaP2,Pa,4,3,3,2,4,,3,4,11,3,7,4.4,nan,nan,nan
deltaP3,Pa,2,,,,,,,,11,3,,5.333,nan,nan,nan
Lambda,Lambda,4,3,,2,4,,4,4,11,3,1,4,nan,nan,nan
Kp2,,2,3,,,,,,,,,,2.5,-50,8.825,-108.825
Ki2,,2,3,,,,,,,,,,2.5,-41.142,56.572,-138.856
Kd2,,1,0,,,,,,,,,,0.5,nan,nan,nan
o2Setpoint,Lambda,2,,,,,,,,11,3,,5.333,nan,nan,nan
Scale1,Scale,4,3,3,2,4,,4,4,11,3,8,4.6,nan,nan,nan
Scale2,Scale,4,3,3,2,4,,4,4,11,3,7,4.5,nan,nan,nan
mode1,mode,2,3,,0,4,,0,4,1,3,1,2,nan,nan,nan
mode2,mode,2,3,,0,4,,0,4,10,0,6,3.222,nan,nan,nan
state_press,state,2,3,,0,,,,,1,3,5,2.333,nan,nan,nan
state_temp,state,0,,,0,,,,,11,0,1,2.4,nan,nan,nan
prev_state_temp,state,0,,,,,,,,10,1,,3.667,nan,nan,nan
Kp1,P,4,3,,,,,,,11,3,,5.25,nan,nan,nan
Ki1,I,4,3,,,,,,,11,3,,5.25,nan,nan,nan
Kd1,D,3,0,,,,,,,11,3,,4.25,nan,nan,nan
Op,P,2,,,,,,3,4,11,3,,4.6,nan,nan,nan
Oi,I,2,,,,,,3,4,11,3,,4.6,nan,nan,nan
Od,D,2,,,,,,0,4,11,3,,4,nan,nan,nan
press_offset,Pa,0,0,,2,,,,,9,0,4,2.5,nan,nan,nan
PRESSURE_T,Pa,2,,,,,,,,11,3,,5.333,nan,nan,nan
PRESSURE_D,Pa,0,,,,,,,,4,0,,1.333,nan,nan,nan
Tp,P,4,3,3,2,,,,,11,3,5,4.429,nan,nan,nan
Ti,I,4,3,3,2,,,,,11,3,5,4.429,nan,nan,nan
Td,D,2,0,0,0,,,,,11,3,1,2.429,nan,nan,nan
temp_set,degC,4,,,2,,,,,11,3,5,5,nan,nan,nan
temp_set_start,degC,2,,,,,,,,11,3,,5.333,nan,nan,nan
temp_set_low,degC,2,,,,,,,,11,3,,5.333,nan,nan,nan
temp_control,val,2,0,,0,,,,,11,3,0,2.667,nan,nan,nan
DelayTime,min,2,,,,,,,,11,3,,5.333,nan,nan,nan
cooledDown,flag,0,,,,,,,,5,0,,1.667,nan,nan,nan
PrimaryFlow,SLPM,2,3,3,2,4,,,4,3,3,5,3.222,nan,nan,nan
SecondaryFlow,SLPM,2,0,0,0,0,,,0,3,0,0,0.556,nan,nan,nan
TotalFlow,SLPM,2,0,3,2,4,,4,4,6,3,8,3.6,nan,nan,nan
SenO2Percent,%,4,3,,2,4,,,2,11,3,1,3.75,nan,nan,nan
PWM3,,,3,,,4,,4,4,11,0,,4.333,nan,nan,nan
Setpointt,,,3,3,,,,,,,,,3,nan,nan,nan
temp_auto,,,2,,,,,,,,,,2,nan,nan,nan
autoRoutineStage,,,3,,,,,,,,,,3,nan,nan,nan
autoTimeCounter,,,3,,,,,,,,,,3,nan,nan,nan
PWMl,,,,3,,,,,,,,,3,nan,nan,nan
PWMf,,,,3,,,,,,,,,3,nan,nan,nan
lambda,,,,3,,,,,,,,,3,nan,nan,nan
linmode,,,,3,,,,,,,,,3,nan,nan,nan
fanmode,,,,3,,,,,,,,,3,nan,nan,nan
linstate,,,,3,,,,,,,,,3,nan,nan,nan
fanstate,,,,3,,,,,,,,,3,nan,nan,nan
dampercount,,,,3,,,,,,,,,3,nan,nan,nan
stepcount,,,,3,,,,,,,,,3,nan,nan,nan
400count,,,,3,,,,,,,,,3,nan,nan,nan
500count,,,,3,,,,,,,,,3,nan,nan,nan
400timer,,,,3,,,,,,,,,3,nan,nan,nan
500timer,,,,3,,,,,,,,,3,nan,nan,nan
reload,,,,3,,3,,,,,,,3,nan,nan,nan
dooropen,,,,3,,,,,,,,,3,nan,nan,nan
pressurecounter,,,,3,,,,,,,,,3,nan,nan,nan
reloads,,,,3,,,,,,,,,3,nan,nan,nan
pot_val,,,,3,,,,,,,,,3,nan,nan,nan
powerlevel,,,,3,,,,,,,,,3,nan,nan,nan
load,,,,3,,,,,,,,,3,nan,nan,nan
auto,,,,3,,,,,,,,,3,nan,nan,nan
weight,,,,,2,4,,,4,10,,6,5.2,nan,nan,nan
tmoStatusCondition_0,,,,,1,,,,,,,,1,nan,nan,nan
tmoOperatingMode_0,,,,,1,,,,,,,,1,nan,nan,nan
tmoCaseHeatTemp_0,,,,,1,,,,,,,,1,nan,nan,nan
tmoCapHeatTemp_0,,,,,1,,,,,,,,1,nan,nan,nan
tmoTEOMAFlowMass_0,,,,,1,,,,,,,,1,nan,nan,nan
tmoTEOMAAirTubeHeatTemp_0,,,,,1,,,,,,,,1,nan,nan,nan
tmoTEOMAFilterLoad_0,,,,,1,,,,,,,,1,nan,nan,nan
tmoTEOMAFilterPressure_0,,,,,1,,,,,,,,1,nan,nan,nan
tmoTEOMANoise_0,,,,,1,,,,,,,,1,nan,nan,nan
tmoTEOMAFrequency_0,,,,,1,,,,,,,,1,nan,nan,nan
tmoTEOMBFlowMass_0,,,,,1,,,,,,,,1,nan,nan,nan
tmoTEOMBAirTubeHeatTemp_0,,,,,1,,,,,,,,1,nan,nan,nan
tmoTEOMBFilterLoad_0,,,,,1,,,,,,,,1,nan,nan,nan
tmoTEOMBFrequency_0,,,,,1,,,,,,,,1,nan,nan,nan
tmoTEOMBNoise_0,,,,,1,,,,,,,,1,nan,nan,nan
tmoVacPumpPressure_0,,,,,1,,,,,,,,1,nan,nan,nan
tmoTEOMAMCRaw_0,,,,,1,,,,,,,,1,nan,nan,nan
tmoTEOMBMCRaw_0,,,,,1,,,,,,,,1,nan,nan,nan
tmoTEOMATotalMass_0,,,,,1,,,,,,,,1,nan,nan,nan
tmoTEOMBTotalMass_0,,,,,1,,,,,,,,1,nan,nan,nan
Kp,,,,,2,4,,4,4,,,6,4,nan,nan,nan
Ki,,,,,2,4,,4,4,,,6,4,nan,nan,nan
Kd,,,,,0,0,,0,3,,,5,1.6,nan,nan,nan
Bin 1,,,,,1,,,,,,,1,1,nan,nan,nan
Bin 2,,,,,1,,,,,,,1,1,nan,nan,nan
Bin 3,,,,,1,,,,,,,1,1,nan,nan,nan
Bin 4,,,,,1,,,,,,,1,1,nan,nan,nan
Bin 5,,,,,1,,,,,,,0,0.5,nan,nan,nan
Bin 6,,,,,1,,,,,,,1,1,nan,nan,nan
Bin 7,,,,,1,,,,,,,0,0.5,nan,nan,nan
Bin 8,,,,,1,,,,,,,1,1,nan,nan,nan
Bin 9,,,,,1,,,,,,,1,1,nan,nan,nan
Bin 10,,,,,1,,,,,,,0,0.5,nan,nan,nan
Bin 11,,,,,1,,,,,,,1,1,nan,nan,nan
Bin 12,,,,,1,,,,,,,0,0.5,nan,nan,nan
Bin 13,,,,,1,,,,,,,0,0.5,nan,nan,nan
Bin 14,,,,,1,,,,,,,1,1,nan,nan,nan
Bin 15,,,,,1,,,,,,,0,0.5,nan,nan,nan
Bin 16,,,,,1,,,,,,,0,0.5,nan,nan,nan
Bin 17,,,,,1,,,,,,,0,0.5,nan,nan,nan
Deadtime (s),,,,,1,,,,,,,1,1,nan,nan,nan
Temperature (C),,,,,1,,,,,,,1,1,nan,nan,nan
Humidity (%),,,,,0,,,,,,,0,0,nan,nan,nan
Ambient Pressure (kPa),,,,,1,,,,,,,1,1,nan,nan,nan
GravFlo1,,,,,,4,2,4,4,10,,,4.8,nan,nan,nan
GravFlo2,,,,,,4,2,4,4,10,,,4.8,nan,nan,nan
VOC,,,,,,4,2,4,4,10,,,4.8,nan,nan,nan
CH4,,,,,,4,2,4,4,10,,,4.8,nan,nan,nan
CH4temp,,,,,,4,2,4,4,10,,,4.8,nan,nan,nan
Ctemp1,,,,,,4,2,4,4,10,,,4.8,nan,nan,nan
Ctemp2,,,,,,4,2,4,4,10,,,4.8,nan,nan,nan
Ctemp3,,,,,,4,2,4,4,10,,,4.8,nan,nan,nan
TC1,,,,,,4,2,4,4,10,,,4.8,nan,nan,nan
TC2,,,,,,4,2,4,4,10,,,4.8,nan,nan,nan
TC3,,,,,,4,2,4,4,10,,,4.8,nan,nan,nan
AmbTemp,,,,,,4,2,4,4,10,,,4.8,nan,nan,nan
AmbRH,,,,,,4,2,4,4,10,,,4.8,nan,nan,nan
AS1_415nm,,,,,,4,0,4,4,10,,,4.4,nan,nan,nan
AS1_445nm,,,,,,4,0,4,4,10,,,4.4,nan,nan,nan
AS1_480nm,,,,,,4,0,4,4,10,,,4.4,nan,nan,nan
AS1_515nm,,,,,,4,0,4,4,10,,,4.4,nan,nan,nan
AS1_555nm,,,,,,4,0,4,4,10,,,4.4,nan,nan,nan
AS1_590nm,,,,,,4,0,4,4,10,,,4.4,nan,nan,nan
AS1_630nm,,,,,,4,0,4,4,10,,,4.4,nan,nan,nan
AS1_680nm,,,,,,4,0,4,4,10,,,4.4,nan,nan,nan
AS1_CLEAR,,,,,,4,0,4,4,10,,,4.4,nan,nan,nan
AS1_NIR,,,,,,4,0,4,4,10,,,4.4,nan,nan,nan
AS2_415nm,,,,,,4,0,4,4,10,,,4.4,nan,nan,nan
AS2_445nm,,,,,,4,0,4,4,10,,,4.4,nan,nan,nan
AS2_480nm,,,,,,4,0,4,4,10,,,4.4,nan,nan,nan
AS2_515nm,,,,,,4,0,4,4,10,,,4.4,nan,nan,nan
AS2_555nm,,,,,,4,0,4,4,10,,,4.4,nan,nan,nan
AS2_590nm,,,,,,4,0,4,4,10,,,4.4,nan,nan,nan
AS2_630nm,,,,,,4,0,4,4,10,,,4.4,nan,nan,nan
AS2_680nm,,,,,,4,0,4,4,10,,,4.4,nan,nan,nan
AS2_CLEAR,,,,,,4,0,4,4,10,,,4.4,nan,nan,nan
AS2_NIR,,,,,,4,0,4,4,10,,,4.4,nan,nan,nan
AS3_415nm,,,,,,1,0,3,1,10,,,3,nan,nan,nan
AS3_445nm,,,,,,3,0,3,4,10,,,4,nan,nan,nan
AS3_480nm,,,,,,3,0,3,3,10,,,3.8,nan,nan,nan
AS3_515nm,,,,,,3,0,3,4,10,,,4,nan,nan,nan
AS3_555nm,,,,,,4,0,3,4,10,,,4.2,nan,nan,nan
AS3_590nm,,,,,,4,0,3,4,10,,,4.2,nan,nan,nan
AS3_630nm,,,,,,4,0,3,4,10,,,4.2,nan,nan,nan
AS3_680nm,,,,,,3,0,3,4,10,,,4,nan,nan,nan
AS3_CLEAR,,,,,,4,0,4,4,10,,,4.4,nan,nan,nan
AS3_NIR,,,,,,4,0,4,4,10,,,4.4,nan,nan,nan
O2_1,,,,,,4,2,4,4,10,,,4.8,nan,nan,nan
O2_2,,,,,,4,2,4,4,10,,,4.8,nan,nan,nan
O2_3,,,,,,4,2,4,4,10,,,4.8,nan,nan,nan
CO2v,,,,,,4,,4,4,10,,,5.5,nan,nan,nan
O2_ave,,,,,,4,2,4,4,10,,,4.8,nan,nan,nan
O2_1_per,,,,,,4,,,2,10,,,5.333,nan,nan,nan
O2_2_per,,,,,,4,,,2,10,,,5.333,nan,nan,nan
O2_3_per,,,,,,4,,,2,10,,,5.333,nan,nan,nan
O2_ave_per,,,,,,4,,,2,10,,,5.333,nan,nan,nan
CO2vmass,,,,,,4,,4,4,10,,,5.5,nan,nan,nan
VOCmass,,,,,,4,2,4,4,10,,,4.8,nan,nan,nan
CO2v_ER,,,,,,4,,4,4,10,,,5.5,nan,nan,nan
VOC_ER,,,,,,4,2,4,4,10,,,4.8,nan,nan,nan
CO2v_ER_min,,,,,,4,,4,4,10,,,5.5,nan,nan,nan
VOC_ER_min,,,,,,4,2,4,4,10,,,4.8,nan,nan,nan
CO2v_ER_hr,,,,,,4,,4,4,10,,,5.5,nan,nan,nan
VOC_ER_hr,,,,,,4,2,4,4,10,,,4.8,nan,nan,nan
CO2v_EF,,,,,,4,,4,4,10,,,5.5,nan,nan,nan
VOC_EF,,,,,,4,2,4,4,10,,,4.8,nan,nan,nan
CO2v_totmass,,,,,,4,,4,4,10,,,5.5,nan,nan,nan
VOC_totmass,,,,,,4,2,4,4,10,,,4.8,nan,nan,nan
PWM4,,,,,,3,,4,0,,,,2.333,nan,nan,nan
PWM5,,,,,,3,,1,0,,,,1.333,nan,nan,nan
PWM6,,,,,,4,,1,0,,,,1.667,nan,nan,nan
PWM7,,,,,,0,,4,4,,,,2.667,nan,nan,nan
PWM8,,,,,,1,,2,4,,,,2.333,nan,nan,nan
Flow8,,,,,,4,,2,4,,,,3.333,nan,nan,nan
Scale3,,,,,,4,,4,4,11,,,5.75,nan,nan,nan
Scale4,,,,,,4,,4,4,,,,4,nan,nan,nan
Scale5,,,,,,4,,4,4,,,,4,nan,nan,nan
Scale6,,,,,,4,,4,4,,,,4,nan,nan,nan
Scale7,,,,,,4,,4,4,,,,4,nan,nan,nan
Scale8,,,,,,4,,4,4,,,,4,nan,nan,nan
mode3,,,,,,4,,0,4,11,,,4.75,nan,nan,nan
mode4,,,,,,3,,0,0,,,,1,nan,nan,nan
mode5,,,,,,3,,0,0,,,,1,nan,nan,nan
mode6,,,,,,3,,0,0,,,,1,nan,nan,nan
mode7,,,,,,0,,0,4,,,,1.333,nan,nan,nan
mode8,,,,,,2,,0,4,,,,2,nan,nan,nan
O2_set,,,,,,3,,,,,,,3,nan,nan,nan
state,,,,,,3,,,4,,,1,2.667,nan,nan,nan
 controlfan,,,,,,3,,,,,,,3,nan,nan,nan
O2_4,,,,,,,2,,,,,,2,nan,nan,nan
o2set,,,,,,,,3,4,,,,3.5,nan,nan,nan
Ignitor,,,,,,,,3,0,,,,1.5,nan,nan,nan
TotalPrimaryFlow,,,,,,,,4,,,,,4,nan,nan,nan
TotalSecondaryFlow,,,,,,,,2,,,,,2,nan,nan,nan
snorkel_T,,,,,,,,,4,8,1,,4.333,nan,nan,nan
chimney_T,,,,,,,,,4,,,,4,nan,nan,nan
Lp,,,,,,,,,4,,,,4,nan,nan,nan
Li,,,,,,,,,4,,,,4,nan,nan,nan
Ld,,,,,,,,,2,,,,2,nan,nan,nan
Cp,,,,,,,,,4,,,,4,nan,nan,nan
Ci,,,,,,,,,4,,,,4,nan,nan,nan
Cd,,,,,,,,,4,,,,4,nan,nan,nan
8speed,,,,,,,,,4,,,,4,nan,nan,nan
Step,,,,,,,,,4,,,,4,nan,nan,nan
Zone,,,,,,,,,4,,,,4,nan,nan,nan
Charcoal_Detected,,,,,,,,,0,,,,0,nan,nan,nan
gain,,,,,,,,,0,,,,0,nan,nan,nan
Flow1_velocity,,,,,,,,,1,,,,1,nan,nan,nan
Flow2_velocity,,,,,,,,,1,,,,1,nan,nan,nan
Flow3_velocity,,,,,,,,,1,,,,1,nan,nan,nan
Flow4_velocity,,,,,,,,,0,,,,0,nan,nan,nan
Flow6_velocity,,,,,,,,,0,,,,0,nan,nan,nan
Flow8_velocity,,,,,,,,,1,,,,1,nan,nan,nan
Chimney_T,,,,,,,,,,11,1,,6,nan,nan,nan
snorkel-chim,,,,,,,,,,5,,,5,nan,nan,nan
body_temp,,,,,,,,,,5,,,5,nan,nan,nan
ave_temp,,,,,,,,,,5,,,5,nan,nan,nan
weight1,,,,,,,,,,,,4,4,nan,nan,nan
weight2,,,,,,,,,,,,4,4,nan,nan,nan
STC1,,,,,,,,,,,,1,1,nan,nan,nan
STC2,,,,,,,,,,,,1,1,nan,nan,nan
STC3,,,,,,,,,,,,1,1,nan,nan,nan
STC4,,,,,,,,,,,,1,1,nan,nan,nan