Variable,Plotted,Name,Units
All Outputs,0,,
variable_name,0,,
fuel_type,0,,
fuel_source,0,,
fuel_dimensions,0,,
fuel_mc,0,,
fuel_heating_value,0,,
char_heating_value,0,,
test_name,0,,
test_number,0,,
date,0,,
name_of_tester,0,,
location,0,,
stove_type/model,0,,
general_comments,0,,
high_power_comments,0,,
medium_power_comments,0,,
low_power_comments,0,,
initial_fuel_mass_L1,0,,
fuel_type_1,0,,
fuel_source_1,0,,
fuel_dimensions_1,0,,
fuel_mc_1,0,,
fuel_higher_heating_value_1,0,,
fuel_Cfrac_db_1,0,,
fuel_type_2,0,,
fuel_source_2,0,,
fuel_dimensions_2,0,,
fuel_mc_2,0,,
fuel_higher_heating_value_2,0,,
fuel_Cfrac_db_2,0,,
fuel_type_3,0,,
fuel_source_3,0,,
fuel_dimensions_3,0,,
fuel_mc_3,0,,
fuel_higher_heating_value_3,0,,
fuel_Cfrac_db_3,0,,
fuel_correction_value_1,0,,
char_higher_heating_value,0,,
boil_temp,0,,
final_fuel_mass_L1,0,,
pot1_dry_mass,0,,
pot2_dry_mass,0,,
pot3_dry_mass,0,,
pot4_dry_mass,0,,
fuel_correction_value_2,0,,
initial_air_temp,0,,
initial_RH,0,,
initial_pressure,0,,
initial_wind_velocity,0,,
start_time_L1,0,,
initial_fuel_mass_hp,0,,
initial_fuel_mass_1_L1,0,,
fuel_correction_value_3,0,,
initial_fuel_mass_2_L1,0,,
initial_fuel_mass_3_L1,0,,
initial_water_temp_pot1_L1,0,,
initial_water_temp_pot2_L1,0,,
initial_water_temp_pot3_L1,0,,
initial_water_temp_pot4_L1,0,,
initial_pot1_mass_L1,0,,
initial_pot2_mass_L1,0,,
initial_pot3_mass_L1,0,,
initial_pot4_mass_L1,0,,
final_fuel_mass_hp,0,,
initial_char_mass_L1,0,,
fire_start_material_L1,0,,
boil_time_L1,0,,
weight_L1,0,,
weight_hp,0,,
weight_mp,0,,
weight_lp,0,,
weight_L5,0,,
weight_total,0,,
final_air_temp,0,,
initial_fuel_mass_mp,0,,
final_RH,0,,
final_pressure,0,,
end_water_temp_pot1_L1,0,,
final_wind_velocity,0,,
end_time_L1,0,,
final_fuel_mass_1_L1,0,,
final_fuel_mass_2_L1,0,,
final_fuel_mass_3_L1,0,,
max_water_temp_pot1_L1,0,,
max_water_temp_pot2_L1,0,,
max_water_temp_pot3_L1,0,,
max_water_temp_pot4_L1,0,,
final_fuel_mass_mp,0,,
final_pot1_mass_L1,0,,
final_pot2_mass_L1,0,,
final_pot3_mass_L1,0,,
initial_char_mass_hp,0,,
final_pot4_mass_L1,0,,
final_char_mass_L1,0,,
start_time_hp,0,,
initial_fuel_mass_1_hp,0,,
initial_fuel_mass_2_hp,0,,
initial_fuel_mass_3_hp,0,,
initial_fuel_mass_lp,0,,
initial_water_temp_pot1_hp,0,,
initial_water_temp_pot2_hp,0,,
initial_water_temp_pot3_hp,0,,
initial_water_temp_pot4_hp,0,,
initial_pot1_mass_hp,0,,
initial_pot2_mass_hp,0,,
initial_pot3_mass_hp,0,,
initial_pot4_mass_hp,0,,
end_water_temp_pot1_hp,0,,
init+J58:K59ial_char_mass_hp,0,,
fire_start_material_hp,0,,
boil_time_hp,0,,
final_fuel_mass_lp,0,,
end_time_hp,0,,
final_fuel_mass_1_hp,0,,
final_fuel_mass_2_hp,0,,
final_fuel_mass_3_hp,0,,
max_water_temp_pot1_hp,0,,
max_water_temp_pot2_hp,0,,
max_water_temp_pot3_hp,0,,
max_water_temp_pot4_hp,0,,
final_pot1_mass_hp,0,,
final_pot2_mass_hp,0,,
final_pot3_mass_hp,0,,
final_pot4_mass_hp,0,,
fuel_mass_lb_L1,0,,
final_char_mass_hp,0,,
start_time_mp,0,,
initial_fuel_mass_1_mp,0,,
initial_fuel_mass_2_mp,0,,
initial_fuel_mass_3_mp,0,,
initial_water_temp_pot1_mp,0,,
initial_water_temp_pot2_mp,0,,
initial_water_temp_pot3_mp,0,,
initial_water_temp_pot4_mp,0,,
initial_pot1_mass_mp,0,,
end_water_temp_pot1_mp,0,,
initial_pot2_mass_mp,0,,
initial_pot3_mass_mp,0,,
initial_pot4_mass_mp,0,,
initial_char_mass_mp,0,,
fire_start_material_mp,0,,
boil_time_mp,0,,
end_time_mp,0,,
final_fuel_mass_1_mp,0,,
final_fuel_mass_2_mp,0,,
final_fuel_mass_3_mp,0,,
max_water_temp_pot1_mp,0,,
max_water_temp_pot2_mp,0,,
max_water_temp_pot3_mp,0,,
max_water_temp_pot4_mp,0,,
final_pot1_mass_mp,0,,
fuel_mass_lb_hp,0,,
final_pot2_mass_mp,0,,
final_pot3_mass_mp,0,,
final_pot4_mass_mp,0,,
final_char_mass_mp,0,,
start_time_lp,0,,
initial_fuel_mass_1_lp,0,,
initial_fuel_mass_2_lp,0,,
initial_fuel_mass_3_lp,0,,
initial_water_temp_pot1_lp,0,,
initial_water_temp_pot2_lp,0,,
end_water_temp_pot1_lp,0,,
initial_water_temp_pot3_lp,0,,
initial_water_temp_pot4_lp,0,,
initial_pot1_mass_lp,0,,
initial_pot2_mass_lp,0,,
initial_pot3_mass_lp,0,,
initial_pot4_mass_lp,0,,
initial_char_mass_lp,0,,
fire_start_material_lp,0,,
boil_time_lp,0,,
end_time_lp,0,,
final_fuel_mass_1_lp,0,,
final_fuel_mass_2_lp,0,,
final_fuel_mass_3_lp,0,,
max_water_temp_pot1_lp,0,,
max_water_temp_pot2_lp,0,,
fuel_mass_lb_mp,0,,
max_water_temp_pot3_lp,0,,
max_water_temp_pot4_lp,0,,
final_pot1_mass_lp,0,,
final_pot2_mass_lp,0,,
final_pot3_mass_lp,0,,
final_pot4_mass_lp,0,,
final_char_mass_lp,0,,
start_time_L5,0,,
initial_fuel_mass_1_L5,0,,
initial_fuel_mass_2_L5,0,,
end_water_temp_pot1_L5,0,,
initial_fuel_mass_3_L5,0,,
initial_water_temp_pot1_L5,0,,
initial_water_temp_pot2_L5,0,,
initial_water_temp_pot3_L5,0,,
initial_water_temp_pot4_L5,0,,
initial_pot1_mass_L5,0,,
initial_pot2_mass_L5,0,,
initial_pot3_mass_L5,0,,
initial_pot4_mass_L5,0,,
initial_char_mass_L5,0,,
fire_start_material_L5,0,,
boil_time_L5,0,,
end_time_L5,0,,
final_fuel_mass_1_L5,0,,
final_fuel_mass_2_L5,0,,
fuel_mass_lb_lp,0,,
final_fuel_mass_3_L5,0,,
max_water_temp_pot1_L5,0,,
max_water_temp_pot2_L5,0,,
max_water_temp_pot3_L5,0,,
max_water_temp_pot4_L5,0,,
final_pot1_mass_L5,0,,
final_pot2_mass_L5,0,,
final_pot3_mass_L5,0,,
final_pot4_mass_L5,0,,
final_char_mass_L5,0,,
fuel_mass_lb_L1_1,0,,
fuel_mass_L1_1,0,,
fuel_mass_lb_hp_1,0,,
fuel_mass_hp_1,0,,
fuel_mass_lb_mp_1,0,,
fuel_mass_mp_1,0,,
fuel_mass_lb_lp_1,0,,
fuel_mass_lp_1,0,,
fuel_mass_lb_L5_1,0,,
fuel_mass_L5_1,0,,
fuel_dry_mass_L1_1,0,,
fuel_dry_mass_hp_1,0,,
fuel_dry_mass_mp_1,0,,
fuel_dry_mass_lp_1,0,,
fuel_dry_mass_L5_1,0,,
fuel_Cfrac_1,0,,
fuel_mass_lb_L5,0,,
energy_consumed_L1_1,0,,
energy_consumed_hp_1,0,,
energy_consumed_mp_1,0,,
energy_consumed_lp_1,0,,
energy_consumed_L5_1,0,,
fuel_net_calorific_value_1,0,,
fuel_effective_calorific_value_1,0,,
fuel_mass_lb_L1_2,0,,
fuel_mass_L1_2,0,,
fuel_mass_lb_hp_2,0,,
fuel_mass_hp_2,0,,
fuel_mass_lb_mp_2,0,,
fuel_mass_mp_2,0,,
fuel_mass_lb_lp_2,0,,
fuel_mass_lp_2,0,,
fuel_mass_lb_L5_2,0,,
fuel_mass_L5_2,0,,
fuel_dry_mass_L1_2,0,,
fuel_dry_mass_hp_2,0,,
fuel_dry_mass_mp_2,0,,
fuel_dry_mass_lp_2,0,,
fuel_dry_mass_L5_2,0,,
fuel_Cfrac_2,0,,
energy_consumed_L1_2,0,,
energy_consumed_hp_2,0,,
energy_consumed_mp_2,0,,
energy_consumed_lp_2,0,,
energy_consumed_L5_2,0,,
fuel_net_calorific_value_2,0,,
fuel_effective_calorific_value_2,0,,
fuel_mass_lb_L1_3,0,,
fuel_mass_L1_3,0,,
fuel_mass_lb_hp_3,0,,
fuel_mass_hp_3,0,,
fuel_mass_lb_mp_3,0,,
fuel_mass_mp_3,0,,
fuel_mass_lb_lp_3,0,,
fuel_mass_lp_3,0,,
fuel_mass_lb_L5_3,0,,
fuel_mass_L5_3,0,,
fuel_dry_mass_L1_3,0,,
fuel_dry_mass_hp_3,0,,
fuel_dry_mass_mp_3,0,,
fuel_dry_mass_lp_3,0,,
fuel_dry_mass_L5_3,0,,
fuel_Cfrac_3,0,,
energy_consumed_L1_3,0,,
energy_consumed_hp_3,0,,
energy_consumed_mp_3,0,,
energy_consumed_lp_3,0,,
energy_consumed_L5_3,0,,
fuel_net_calorific_value_3,0,,
fuel_effective_calorific_value_3,0,,
p_ambient,0,,
Hvap,0,,
char_lower_heating_value,0,,
phase_time_L1,0,,
time_to_boil_L1,0,,
fuel_mass_L1,0,,
fuel_mass_wo_char_L1,0,,
fuel_dry_mass_wo_char_L1,0,,
fuel_dry_mass_L1,0,,
char_mass_lb_L1,0,,
char_mass_L1,0,,
energy_consumed_L1,0,,
fuel_net_calorific_value_L1,0,,
fuel_EHV_L1,0,,
fuel_EHV_wo_char_L1,0,,
fuel_Cfrac_L1,0,,
initial_water_mass_pot1_L1,0,,
final_water_mass_pot1_L1,0,,
useful_energy_delivered_pot1_L1,0,,
initial_water_mass_pot2_L1,0,,
final_water_mass_pot2_L1,0,,
useful_energy_delivered_pot2_L1,0,,
initial_water_mass_pot3_L1,0,,
final_water_mass_pot3_L1,0,,
useful_energy_delivered_pot3_L1,0,,
initial_water_mass_pot4_L1,0,,
final_water_mass_pot4_L1,0,,
useful_energy_delivered_pot4_L1,0,,
useful_energy_delivered_L1,0,,
cooking_power_L1,0,,
eff_wo_char_L1,0,,
eff_w_char_L1,0,,
EHV_char_L1,0,,
char_energy_productivity_L1,0,,
char_mass_productivity_L1,0,,
burn_rate_L1,0,,
burn_rate_dry_L1,0,,
burn_rate_dry_w_char_L1,0,,
firepower_w_char_L1,0,,
phase_time_hp,0,,
time_to_boil_hp,0,,
fuel_mass_hp,0,,
fuel_mass_wo_char_hp,0,,
fuel_dry_mass_wo_char_hp,0,,
fuel_dry_mass_hp,0,,
char_mass_lb_hp,0,,
char_mass_hp,0,,
energy_consumed_hp,0,,
fuel_net_calorific_value_hp,0,,
fuel_EHV_hp,0,,
fuel_EHV_wo_char_hp,0,,
fuel_Cfrac_hp,0,,
initial_water_mass_pot1_hp,0,,
final_water_mass_pot1_hp,0,,
useful_energy_delivered_pot1_hp,0,,
initial_water_mass_pot2_hp,0,,
final_water_mass_pot2_hp,0,,
useful_energy_delivered_pot2_hp,0,,
initial_water_mass_pot3_hp,0,,
final_water_mass_pot3_hp,0,,
useful_energy_delivered_pot3_hp,0,,
initial_water_mass_pot4_hp,0,,
final_water_mass_pot4_hp,0,,
useful_energy_delivered_pot4_hp,0,,
useful_energy_delivered_hp,0,,
cooking_power_hp,0,,
eff_wo_char_hp,0,,
eff_w_char_hp,0,,
EHV_char_hp,0,,
char_energy_productivity_hp,0,,
char_mass_productivity_hp,0,,
burn_rate_hp,0,,
burn_rate_dry_hp,0,,
burn_rate_dry_w_char_hp,0,,
firepower_w_char_hp,0,,
phase_time_mp,0,,
time_to_boil_mp,0,,
fuel_mass_mp,0,,
fuel_mass_wo_char_mp,0,,
fuel_dry_mass_wo_char_mp,0,,
fuel_dry_mass_mp,0,,
char_mass_lb_mp,0,,
char_mass_mp,0,,
energy_consumed_mp,0,,
fuel_net_calorific_value_mp,0,,
fuel_EHV_mp,0,,
fuel_EHV_wo_char_mp,0,,
fuel_Cfrac_mp,0,,
initial_water_mass_pot1_mp,0,,
final_water_mass_pot1_mp,0,,
useful_energy_delivered_pot1_mp,0,,
initial_water_mass_pot2_mp,0,,
final_water_mass_pot2_mp,0,,
useful_energy_delivered_pot2_mp,0,,
initial_water_mass_pot3_mp,0,,
final_water_mass_pot3_mp,0,,
useful_energy_delivered_pot3_mp,0,,
initial_water_mass_pot4_mp,0,,
final_water_mass_pot4_mp,0,,
useful_energy_delivered_pot4_mp,0,,
useful_energy_delivered_mp,0,,
cooking_power_mp,0,,
eff_wo_char_mp,0,,
eff_w_char_mp,0,,
EHV_char_mp,0,,
char_energy_productivity_mp,0,,
char_mass_productivity_mp,0,,
burn_rate_mp,0,,
burn_rate_dry_mp,0,,
burn_rate_dry_w_char_mp,0,,
firepower_w_char_mp,0,,
phase_time_lp,0,,
time_to_boil_lp,0,,
fuel_mass_lp,0,,
fuel_mass_wo_char_lp,0,,
fuel_dry_mass_wo_char_lp,0,,
fuel_dry_mass_lp,0,,
char_mass_lb_lp,0,,
char_mass_lp,0,,
energy_consumed_lp,0,,
fuel_net_calorific_value_lp,0,,
fuel_EHV_lp,0,,
fuel_EHV_wo_char_lp,0,,
fuel_Cfrac_lp,0,,
initial_water_mass_pot1_lp,0,,
final_water_mass_pot1_lp,0,,
useful_energy_delivered_pot1_lp,0,,
initial_water_mass_pot2_lp,0,,
final_water_mass_pot2_lp,0,,
useful_energy_delivered_pot2_lp,0,,
initial_water_mass_pot3_lp,0,,
final_water_mass_pot3_lp,0,,
useful_energy_delivered_pot3_lp,0,,
initial_water_mass_pot4_lp,0,,
final_water_mass_pot4_lp,0,,
useful_energy_delivered_pot4_lp,0,,
useful_energy_delivered_lp,0,,
cooking_power_lp,0,,
eff_wo_char_lp,0,,
eff_w_char_lp,0,,
EHV_char_lp,0,,
char_energy_productivity_lp,0,,
char_mass_productivity_lp,0,,
burn_rate_lp,0,,
burn_rate_dry_lp,0,,
burn_rate_dry_w_char_lp,0,,
firepower_w_char_lp,0,,
phase_time_L5,0,,
time_to_boil_L5,0,,
fuel_mass_L5,0,,
fuel_mass_wo_char_L5,0,,
fuel_dry_mass_wo_char_L5,0,,
fuel_dry_mass_L5,0,,
char_mass_lb_L5,0,,
char_mass_L5,0,,
energy_consumed_L5,0,,
fuel_net_calorific_value_L5,0,,
fuel_EHV_L5,0,,
fuel_EHV_wo_char_L5,0,,
fuel_Cfrac_L5,0,,
initial_water_mass_pot1_L5,0,,
final_water_mass_pot1_L5,0,,
useful_energy_delivered_pot1_L5,0,,
initial_water_mass_pot2_L5,0,,
final_water_mass_pot2_L5,0,,
useful_energy_delivered_pot2_L5,0,,
initial_water_mass_pot3_L5,0,,
final_water_mass_pot3_L5,0,,
useful_energy_delivered_pot3_L5,0,,
initial_water_mass_pot4_L5,0,,
final_water_mass_pot4_L5,0,,
useful_energy_delivered_pot4_L5,0,,
useful_energy_delivered_L5,0,,
cooking_power_L5,0,,
eff_wo_char_L5,0,,
eff_w_char_L5,0,,
EHV_char_L5,0,,
char_energy_productivity_L5,0,,
char_mass_productivity_L5,0,,
burn_rate_L5,0,,
burn_rate_dry_L5,0,,
burn_rate_dry_w_char_L5,0,,
firepower_w_char_L5,0,,
eff_wo_char_weighted,0,,
eff_w_char_weighted,0,,
char_energy_productivity_weighted,0,,
char_mass_productivity_weighted,0,,
cooking_power_weighted,0,,
burn_rate_weighted,0,,
phase_time_total,1,Burn Time,hr
CO2v_L1,0,,
CO2v_hp,0,,
CO2v_mp,0,,
CO2v_lp,0,,
fuel_dry_mass_total,0,,
burn_rate_dry_total,1,Burn Rate,lb/hr
burn_rate_dry_wo_char_total,0,,
PMsample_mass_L1,0,,
VOC_L1,0,,
VOC_hp,0,,
VOC_mp,0,,
VOC_lp,0,,
Qsample_L1,0,,
grav_phase_time,0,,
PMmass_L1,0,,
PMsample_mass_hp,0,,
O2_1_per_L1,0,,
O2_2_per_L1,0,,
O2_3_per_L1,0,,
O2_ave_per_L1,0,,
Qsample_hp,0,,
PMmass_hp,0,,
PMsample_mass_lp,0,,
Qsample_lp,0,,
PMsample_mass_mp,0,,
Qsample_mp,0,,
PMmass_lp,0,,
PMmass_mp,0,,
CO_ECtemp_L1,0,,
CO_hp,0,,
CO_ECtemp_hp,0,,
CO_ECtemp_prebkg,0,,
CO_ECtemp_lp,0,,
CO_ECtemp_postbkg,0,,
CO2vmass_L1,0,,
CO2v_total_mass_L1,0,,
CO2v_fuel_dry_mass_L1,0,,
CO2v_end_water_mass_L1,0,,
CO2v_fuel_energy_L1,0,,
CO2v_fuel_energy_w_char_L1,0,,
CO2v_useful_eng_deliver_L1,0,,
CO2v_mass_time_L1,0,,
CO_lp,0,,
CO2_L1,0,,
CO2_hp,0,,
CO2_lp,0,,
CO_mp,0,,
CO_ECtemp_mp,0,,
PM_L1,0,,
PM_hp,0,,
VOCmass_L1,0,,
VOC_total_mass_L1,0,,
VOC_fuel_dry_mass_L1,0,,
VOC_end_water_mass_L1,0,,
VOC_fuel_energy_L1,0,,
VOC_fuel_energy_w_char_L1,0,,
VOC_useful_eng_deliver_L1,0,,
VOC_mass_time_L1,0,,
PM_lp,0,,
P_amb,0,,
CO2v_EF_L1,0,,
P_duct,0,,
VOC_EF_L1,0,,
MSC_L1,0,,
CO2_mp,0,,
MCE_L1,0,,
MW_duct_L1,0,,
density_L1,0,,
PM_mp,0,,
mass_flow_L1,0,,
mole_flow_L1,0,,
vol_flow_L1,0,,
totvol_L1,0,,
COmass_L1,0,,
CO_total_mass_L1,0,,
CO_fuel_dry_mass_L1,0,,
CO_end_water_mass_L1,0,,
O2_1_per_hp,0,,
O2_2_per_hp,0,,
O2_3_per_hp,0,,
O2_ave_per_hp,0,,
CO_fuel_energy_L1,0,,
CO_fuel_energy_w_char_L1,0,,
CO_useful_eng_deliver_L1,0,,
CO_mass_time_L1,0,,
CO2mass_L1,0,,
CO2_total_mass_L1,0,,
CO2_fuel_dry_mass_L1,0,,
CO2_end_water_mass_L1,0,,
CO2_fuel_energy_L1,0,,
CO2_fuel_energy_w_char_L1,0,,
CO2_useful_eng_deliver_L1,0,,
CO2_mass_time_L1,0,,
PM_total_mass_L1,0,,
PM_fuel_dry_mass_L1,0,,
CO2vmass_hp,0,,
CO2v_total_mass_hp,0,,
CO2v_fuel_dry_mass_hp,0,,
CO2v_end_water_mass_hp,0,,
CO2v_fuel_energy_hp,0,,
CO2v_fuel_energy_w_char_hp,0,,
CO2v_useful_eng_deliver_hp,0,,
CO2v_mass_time_hp,0,,
PM_end_water_mass_L1,0,,
PM_fuel_energy_L1,0,,
O2_4_prebkg,0,,
PM_fuel_energy_w_char_L1,0,,
PM_useful_eng_deliver_L1,0,,
PM_mass_time_L1,0,,
PM_heat_mass_time_L1,0,,
C_mass_time_L1,0,,
CO_EF_L1,0,,
VOCmass_hp,0,,
VOC_total_mass_hp,0,,
VOC_fuel_dry_mass_hp,0,,
VOC_end_water_mass_hp,0,,
VOC_fuel_energy_hp,0,,
VOC_fuel_energy_w_char_hp,0,,
VOC_useful_eng_deliver_hp,0,,
VOC_mass_time_hp,0,,
CO2_EF_L1,0,,
PM_EF_L1,0,,
CO2v_EF_hp,0,,
firepower_carbon_L1,0,,
VOC_EF_hp,0,,
PitotVel_L1,0,,
StackDensity_L1,0,,
StackFlow_L1,0,,
MassFlow_L1,0,,
EnergyFlow_L1,0,,
StackFirepower_L1,0,,
StackUsefulpower_L1,0,,
StackThermalEfficiency_L1,0,,
carbon_in_L1,0,,
carbon_out_L1,0,,
C_Out_In_L1,0,,
MSC_hp,0,,
MCE_hp,0,,
MW_duct_hp,0,,
O2_1_per_mp,0,,
O2_2_per_mp,0,,
O2_3_per_mp,0,,
O2_ave_per_mp,0,,
density_hp,0,,
mass_flow_hp,0,,
mole_flow_hp,0,,
vol_flow_hp,0,,
totvol_hp,0,,
COmass_hp,0,,
CO_total_mass_hp,0,,
CO_fuel_dry_mass_hp,0,,
CO_end_water_mass_hp,0,,
CO_fuel_energy_hp,0,,
CO_fuel_energy_w_char_hp,0,,
CO_useful_eng_deliver_hp,0,,
CO_mass_time_hp,0,,
CO2mass_hp,0,,
CO2vmass_mp,0,,
CO2v_total_mass_mp,0,,
CO2v_fuel_dry_mass_mp,0,,
CO2v_end_water_mass_mp,0,,
CO2v_fuel_energy_mp,0,,
CO2v_fuel_energy_w_char_mp,0,,
CO2v_useful_eng_deliver_mp,0,,
CO2v_mass_time_mp,0,,
CO2_total_mass_hp,0,,
CO2_fuel_dry_mass_hp,0,,
CO2_end_water_mass_hp,0,,
CO2_fuel_energy_hp,0,,
CO2_fuel_energy_w_char_hp,0,,
O2_4_L1,0,,
CO2_useful_eng_deliver_hp,0,,
CO2_mass_time_hp,0,,
PM_total_mass_hp,0,,
VOCmass_mp,0,,
VOC_total_mass_mp,0,,
VOC_fuel_dry_mass_mp,0,,
VOC_end_water_mass_mp,0,,
VOC_fuel_energy_mp,0,,
VOC_fuel_energy_w_char_mp,0,,
VOC_useful_eng_deliver_mp,0,,
VOC_mass_time_mp,0,,
PM_fuel_dry_mass_hp,0,,
PM_end_water_mass_hp,0,,
CO2v_EF_mp,0,,
PM_fuel_energy_hp,0,,
VOC_EF_mp,0,,
PM_fuel_energy_w_char_hp,0,,
PM_useful_eng_deliver_hp,0,,
PM_mass_time_hp,0,,
PM_heat_mass_time_hp,0,,
C_mass_time_hp,0,,
CO_EF_hp,0,,
CO2_EF_hp,0,,
PM_EF_hp,0,,
firepower_carbon_hp,0,,
PitotVel_hp,0,,
StackDensity_hp,0,,
StackFlow_hp,0,,
MassFlow_hp,0,,
EnergyFlow_hp,0,,
O2_1_per_lp,0,,
O2_2_per_lp,0,,
O2_3_per_lp,0,,
O2_ave_per_lp,0,,
StackFirepower_hp,0,,
StackUsefulpower_hp,0,,
StackThermalEfficiency_hp,0,,
carbon_in_hp,0,,
carbon_out_hp,0,,
C_Out_In_hp,0,,
MSC_lp,0,,
MCE_lp,0,,
MW_duct_lp,0,,
density_lp,0,,
mass_flow_lp,0,,
mole_flow_lp,0,,
vol_flow_lp,0,,
totvol_lp,0,,
CO2vmass_lp,0,,
CO2v_total_mass_lp,0,,
CO2v_fuel_dry_mass_lp,0,,
CO2v_end_water_mass_lp,0,,
CO2v_fuel_energy_lp,0,,
CO2v_fuel_energy_w_char_lp,0,,
CO2v_useful_eng_deliver_lp,0,,
CO2v_mass_time_lp,0,,
COmass_lp,0,,
MSC_mp,0,,
MCE_mp,0,,
MW_duct_mp,0,,
density_mp,0,,
mass_flow_mp,0,,
mole_flow_mp,0,,
O2_4_hp,0,,
vol_flow_mp,0,,
VOCmass_lp,0,,
VOC_total_mass_lp,0,,
VOC_fuel_dry_mass_lp,0,,
VOC_end_water_mass_lp,0,,
VOC_fuel_energy_lp,0,,
VOC_fuel_energy_w_char_lp,0,,
VOC_useful_eng_deliver_lp,0,,
VOC_mass_time_lp,0,,
totvol_mp,0,,
COmass_mp,0,,
CO2v_EF_lp,0,,
CO_total_mass_mp,0,,
VOC_EF_lp,0,,
CO_fuel_dry_mass_mp,0,,
CO_end_water_mass_mp,0,,
CO_fuel_energy_mp,0,,
CO_fuel_energy_w_char_mp,0,,
CO_useful_eng_deliver_mp,0,,
CO_mass_time_mp,0,,
CO2mass_mp,0,,
CO2_total_mass_mp,0,,
CO2_fuel_dry_mass_mp,0,,
CO2_end_water_mass_mp,0,,
CO2_fuel_energy_mp,0,,
CO2_fuel_energy_w_char_mp,0,,
CO2_useful_eng_deliver_mp,0,,
CO2_mass_time_mp,0,,
CO_total_mass_lp,0,,
PM_total_mass_mp,0,,
PM_fuel_dry_mass_mp,0,,
PM_end_water_mass_mp,0,,
PM_fuel_energy_mp,0,,
PM_fuel_energy_w_char_mp,0,,
PM_useful_eng_deliver_mp,0,,
PM_mass_time_mp,0,,
PM_heat_mass_time_mp,0,,
C_mass_time_mp,0,,
CO_EF_mp,0,,
CO2_EF_mp,0,,
PM_EF_mp,0,,
firepower_carbon_mp,0,,
PitotVel_mp,0,,
StackDensity_mp,0,,
StackFlow_mp,0,,
MassFlow_mp,0,,
EnergyFlow_mp,0,,
StackFirepower_mp,0,,
StackUsefulpower_mp,0,,
StackThermalEfficiency_mp,0,,
GravFlo1_prebkg,0,,
GravFlo2_prebkg,0,,
carbon_in_mp,0,,
VOC_prebkg,0,,
CH4_prebkg,0,,
CH4temp_prebkg,0,,
Ctemp1_prebkg,0,,
Ctemp2_prebkg,0,,
Ctemp3_prebkg,0,,
TC1_prebkg,0,,
TC2_prebkg,0,,
TC3_prebkg,0,,
carbon_out_mp,0,,
C_Out_In_mp,0,,
CO_fuel_dry_mass_lp,0,,
CO_end_water_mass_lp,0,,
CO_fuel_energy_lp,0,,
CO_fuel_energy_w_char_lp,0,,
AmbTemp_prebkg,0,,
CO_useful_eng_deliver_lp,0,,
AmbRH_prebkg,0,,
AS1_415nm_prebkg,0,,
AS1_445nm_prebkg,0,,
AS1_480nm_prebkg,0,,
AS1_515nm_prebkg,0,,
AS1_555nm_prebkg,0,,
AS1_590nm_prebkg,0,,
AS1_630nm_prebkg,0,,
AS1_680nm_prebkg,0,,
AS1_CLEAR_prebkg,0,,
AS1_NIR_prebkg,0,,
AS2_415nm_prebkg,0,,
AS2_445nm_prebkg,0,,
AS2_480nm_prebkg,0,,
AS2_515nm_prebkg,0,,
AS2_555nm_prebkg,0,,
AS2_590nm_prebkg,0,,
AS2_630nm_prebkg,0,,
O2_4_mp,0,,
AS2_680nm_prebkg,0,,
AS2_CLEAR_prebkg,0,,
AS2_NIR_prebkg,0,,
dateobjects_hp,0,,
AS3_415nm_prebkg,0,,
AS3_445nm_prebkg,0,,
AS3_480nm_prebkg,0,,
AS3_515nm_prebkg,0,,
AS3_555nm_prebkg,0,,
AS3_590nm_prebkg,0,,
AS3_630nm_prebkg,0,,
AS3_680nm_prebkg,0,,
AS3_CLEAR_prebkg,0,,
AS3_NIR_prebkg,0,,
O2_1_prebkg,0,,
O2_2_prebkg,0,,
O2_3_prebkg,0,,
CO2v_prebkg,0,,
O2_ave_prebkg,0,,
O2_1_per_prebkg,0,,
O2_2_per_prebkg,0,,
O2_3_per_prebkg,0,,
O2_ave_per_prebkg,0,,
CO_mass_time_lp,0,,
CO2mass_lp,0,,
CO2_total_mass_lp,0,,
dP2_bkg_prebkg,0,,
CO2_fuel_dry_mass_lp,0,,
CO2_end_water_mass_lp,0,,
CO2_fuel_energy_lp,0,,
CO2_fuel_energy_w_char_lp,0,,
CO2_useful_eng_deliver_lp,0,,
CO2_mass_time_lp,0,,
PM_total_mass_lp,0,,
GravFlo1_L1,0,,
GravFlo2_L1,0,,
PM_fuel_dry_mass_lp,0,,
CH4_L1,0,,
CH4temp_L1,0,,
Ctemp1_L1,0,,
Ctemp2_L1,0,,
Ctemp3_L1,0,,
PM_end_water_mass_lp,0,,
PM_fuel_energy_lp,0,,
PM_fuel_energy_w_char_lp,0,,
PM_useful_eng_deliver_lp,0,,
PM_mass_time_lp,0,,
CObkg_prebkg,0,,
COhi_prebkg,0,,
PM_heat_mass_time_lp,0,,
CO2bkg_prebkg,0,,
AmbTemp_L1,0,,
CO2hi_prebkg,0,,
AmbRH_L1,0,,
AS1_415nm_L1,0,,
AS1_445nm_L1,0,,
AS1_480nm_L1,0,,
AS1_515nm_L1,0,,
AS1_555nm_L1,0,,
AS1_590nm_L1,0,,
AS1_630nm_L1,0,,
AS1_680nm_L1,0,,
AS1_CLEAR_L1,0,,
AS1_NIR_L1,0,,
AS2_415nm_L1,0,,
AS2_445nm_L1,0,,
AS2_480nm_L1,0,,
AS2_515nm_L1,0,,
O2_4_lp,0,,
AS2_555nm_L1,0,,
AS2_590nm_L1,0,,
AS2_630nm_L1,0,,
AS2_680nm_L1,0,,
AS2_CLEAR_L1,0,,
AS2_NIR_L1,0,,
AS3_415nm_L1,0,,
AS3_445nm_L1,0,,
AS3_480nm_L1,0,,
AS3_515nm_L1,0,,
AS3_555nm_L1,0,,
AS3_590nm_L1,0,,
AS3_630nm_L1,0,,
AS3_680nm_L1,0,,
AS3_CLEAR_L1,0,,
AS3_NIR_L1,0,,
O2_1_L1,0,,
O2_2_L1,0,,
O2_3_L1,0,,
O2_ave_L1,0,,
O2_prebkg,0,,
C_mass_time_lp,0,,
CO_EF_lp,0,,
DilFlow_prebkg,0,,
FiltFlow_prebkg,0,,
SampFlow_prebkg,0,,
USampFlow_prebkg,0,,
CO2_EF_lp,0,,
AmbPres_prebkg,0,,
PM_EF_lp,0,,
GravFlo1_hp,0,,
GravFlo2_hp,0,,
firepower_carbon_lp,0,,
SSTC1_set_L1,0,,
CH4_hp,0,,
CH4temp_hp,0,,
Ctemp1_hp,0,,
o2set_L1,0,,
Ctemp2_hp,0,,
Ctemp3_hp,0,,
O2_4_postbkg,0,,
Ignitor_L1,0,,
TotalPrimaryFlow_L1,0,,
TotalSecondaryFlow_L1,0,,
TC1_hp,0,,
TC2_hp,0,,
TC3_hp,0,,
TCnoz_prebkg,0,,
firepower_L1,0,,
TC4_prebkg,0,,
firepower_hp,0,,
dP2_bkg_L1,0,,
firepower_mp,0,,
TC5_prebkg,0,,
firepower_lp,0,,
TC6_prebkg,0,,
TC7_prebkg,0,,
AmbTemp_hp,0,,
TC8_prebkg,0,,
AmbRH_hp,0,,
AS1_415nm_hp,0,,
AS1_445nm_hp,0,,
AS1_480nm_hp,0,,
AS1_515nm_hp,0,,
AS1_555nm_hp,0,,
AS1_590nm_hp,0,,
AS1_630nm_hp,0,,
AS1_680nm_hp,0,,
AS1_CLEAR_hp,0,,
AS1_NIR_hp,0,,
AS2_415nm_hp,0,,
AS2_445nm_hp,0,,
AS2_480nm_hp,0,,
AS2_515nm_hp,0,,
AS2_555nm_hp,0,,
AS2_590nm_hp,0,,
AS2_630nm_hp,0,,
AS2_680nm_hp,0,,
AS2_CLEAR_hp,0,,
AS2_NIR_hp,0,,
AS3_415nm_hp,0,,
AS3_445nm_hp,0,,
AS3_480nm_hp,0,,
AS3_515nm_hp,0,,
AS3_555nm_hp,0,,
AS3_590nm_hp,0,,
AS3_630nm_hp,0,,
AS3_680nm_hp,0,,
SSTC1_set_lp,0,,
AS3_CLEAR_hp,0,,
AS3_NIR_hp,0,,
O2_1_hp,0,,
o2set_lp,0,,
O2_2_hp,0,,
weight1_L1,0,,
weight2_L1,0,,
weight1_hp,0,,
weight2_hp,0,,
weight1_lp,0,,
weight2_lp,0,,
O2_3_hp,0,,
O2_ave_hp,0,,
Ignitor_lp,0,,
TotalPrimaryFlow_lp,0,,
TotalSecondaryFlow_lp,0,,
COtemp_prebkg,0,,
BattV_prebkg,0,,
StakVel_prebkg,0,,
NozVel_prebkg,0,,
PMmass_prebkg,0,,
DilRat_prebkg,0,,
PitotVel_lp,0,,
StackDensity_lp,0,,
StackFlow_lp,0,,
MassFlow_lp,0,,
GravFlo1_mp,0,,
GravFlo2_mp,0,,
EnergyFlow_lp,0,,
CH4_mp,0,,
CH4temp_mp,0,,
Ctemp1_mp,0,,
Ctemp2_mp,0,,
Ctemp3_mp,0,,
TC1_mp,0,,
TC2_mp,0,,
TC3_mp,0,,
StackFirepower_lp,0,,
CObkg_L1,0,,
COhi_L1,0,,
StackUsefulpower_lp,0,,
CO2bkg_L1,0,,
CO2hi_L1,0,,
AmbTemp_mp,0,,
O2_L1,0,,
AmbRH_mp,0,,
AS1_415nm_mp,0,,
AS1_445nm_mp,0,,
AS1_480nm_mp,0,,
AS1_515nm_mp,0,,
AS1_555nm_mp,0,,
AS1_590nm_mp,0,,
AS1_630nm_mp,0,,
AS1_680nm_mp,0,,
AS1_CLEAR_mp,0,,
AS1_NIR_mp,0,,
AS2_415nm_mp,0,,
AS2_445nm_mp,0,,
AS2_480nm_mp,0,,
AS2_515nm_mp,0,,
AS2_555nm_mp,0,,
AS2_590nm_mp,0,,
AS2_630nm_mp,0,,
AS2_680nm_mp,0,,
AS2_CLEAR_mp,0,,
AS2_NIR_mp,0,,
AS3_415nm_mp,0,,
AS3_445nm_mp,0,,
AS3_480nm_mp,0,,
AS3_515nm_mp,0,,
AS3_555nm_mp,0,,
AS3_590nm_mp,0,,
AS3_630nm_mp,0,,
AS3_680nm_mp,0,,
AS3_CLEAR_mp,0,,
AS3_NIR_mp,0,,
O2_1_mp,0,,
O2_2_mp,0,,
O2_3_mp,0,,
O2_ave_mp,0,,
StackThermalEfficiency_lp,0,,
PWM3_L1,0,,
carbon_in_lp,0,,
DilFlow_L1,0,,
FiltFlow_L1,0,,
SampFlow_L1,0,,
USampFlow_L1,0,,
carbon_out_lp,0,,
dP2_bkg_hp,0,,
AmbPres_L1,0,,
GravFlo1_lp,0,,
GravFlo2_lp,0,,
C_Out_In_lp,0,,
CH4_lp,0,,
CH4temp_lp,0,,
Ctemp1_lp,0,,
Ctemp2_lp,0,,
Ctemp3_lp,0,,
CO_useful_eng_deliver_weighted,0,,
TCnoz_L1,0,,
TC4_L1,0,,
TC5_L1,0,,
TC6_L1,0,,
TC7_L1,0,,
TC8_L1,0,,
COtemp_L1,0,,
BattV_L1,0,,
AmbTemp_lp,0,,
StakVel_L1,0,,
AmbRH_lp,0,,
AS1_415nm_lp,0,,
AS1_445nm_lp,0,,
AS1_480nm_lp,0,,
AS1_515nm_lp,0,,
AS1_555nm_lp,0,,
AS1_590nm_lp,0,,
AS1_630nm_lp,0,,
AS1_680nm_lp,0,,
AS1_CLEAR_lp,0,,
AS1_NIR_lp,0,,
AS2_415nm_lp,0,,
AS2_445nm_lp,0,,
AS2_480nm_lp,0,,
AS2_515nm_lp,0,,
AS2_555nm_lp,0,,
AS2_590nm_lp,0,,
AS2_630nm_lp,0,,
AS2_680nm_lp,0,,
AS2_CLEAR_lp,0,,
AS2_NIR_lp,0,,
AS3_415nm_lp,0,,
AS3_445nm_lp,0,,
AS3_480nm_lp,0,,
AS3_515nm_lp,0,,
AS3_555nm_lp,0,,
AS3_590nm_lp,0,,
AS3_630nm_lp,0,,
AS3_680nm_lp,0,,
AS3_CLEAR_lp,0,,
AS3_NIR_lp,0,,
O2_1_lp,0,,
O2_2_lp,0,,
O2_3_lp,0,,
O2_ave_lp,0,,
NozVel_L1,0,,
PM_useful_eng_deliver_weighted,0,,
DilRat_L1,0,,
PM_mass_time_weighted,0,,
PM_heat_mass_time_weighted,0,,
CO_mass_time_weighted,0,,
firepower_carbon_total,0,,
PM_total_mass_total,0,,
CO_total_mass_total,0,,
CObkg_hp,0,,
COhi_hp,0,,
PM_heat_mass_time_total,1,PM2.5 Emissions Rate,g/hr
GravFlo1_postbkg,0,,
GravFlo2_postbkg,0,,
CO2bkg_hp,0,,
VOC_postbkg,0,,
CH4_postbkg,0,,
CH4temp_postbkg,0,,
Ctemp1_postbkg,0,,
Ctemp2_postbkg,0,,
Ctemp3_postbkg,0,,
Chimney_T_hp,0,,
TC1_postbkg,0,,
TC2_postbkg,0,,
TC3_postbkg,0,,
CO2hi_hp,0,,
O2_hp,0,,
PM_mass_time_total,0,,
CO_mass_time_total,0,,
DilFlow_hp,0,,
FiltFlow_hp,0,,
AmbTemp_postbkg,0,,
TC1_L1,0,,
AmbRH_postbkg,0,,
AS1_415nm_postbkg,0,,
AS1_445nm_postbkg,0,,
AS1_480nm_postbkg,0,,
AS1_515nm_postbkg,0,,
AS1_555nm_postbkg,0,,
AS1_590nm_postbkg,0,,
AS1_630nm_postbkg,0,,
AS1_680nm_postbkg,0,,
AS1_CLEAR_postbkg,0,,
AS1_NIR_postbkg,0,,
AS2_415nm_postbkg,0,,
AS2_445nm_postbkg,0,,
AS2_480nm_postbkg,0,,
AS2_515nm_postbkg,0,,
AS2_555nm_postbkg,0,,
AS2_590nm_postbkg,0,,
AS2_630nm_postbkg,0,,
AS2_680nm_postbkg,0,,
AS2_CLEAR_postbkg,0,,
AS2_NIR_postbkg,0,,
AS3_415nm_postbkg,0,,
AS3_445nm_postbkg,0,,
AS3_480nm_postbkg,0,,
AS3_515nm_postbkg,0,,
AS3_555nm_postbkg,0,,
AS3_590nm_postbkg,0,,
AS3_630nm_postbkg,0,,
AS3_680nm_postbkg,0,,
AS3_CLEAR_postbkg,0,,
AS3_NIR_postbkg,0,,
O2_1_postbkg,0,,
O2_2_postbkg,0,,
O2_3_postbkg,0,,
CO2v_postbkg,0,,
O2_ave_postbkg,0,,
O2_1_per_postbkg,0,,
O2_2_per_postbkg,0,,
O2_3_per_postbkg,0,,
O2_ave_per_postbkg,0,,
PWMl_L1,0,,
PWMf_L1,0,,
TC2_L1,0,,
TC3_L1,0,,
SampFlow_hp,0,,
PWM4_L1,0,,
PWM5_L1,0,,
PWM6_L1,0,,
PWM7_L1,0,,
PWM8_L1,0,,
USampFlow_hp,0,,
PM_useful_eng_deliver_total,0,,
Setpointt_L1,0,,
AmbPres_hp,0,,
temp_auto_L1,0,,
autoRoutineStage_L1,0,,
autoTimeCounter_L1,0,,
SSTC_set_L1,0,,
snorkel_T_L1,0,,
SSTC_set_low_L1,0,,
SSTC_set_chimney_L1,0,,
chimney_T_L1,0,,
Flow8_L1,0,,
lambda_L1,0,,
CO_useful_eng_deliver_total,0,,
Lp_L1,0,,
Li_L1,0,,
Ld_L1,0,,
Cp_L1,0,,
Ci_L1,0,,
Cd_L1,0,,
PM_fuel_dry_mass_total,1,PM2.5 Emissions Factor,g/kg
SSTC_set_chimney_start_L1,0,,
linmode_L1,0,,
fanmode_L1,0,,
linstate_L1,0,,
fanstate_L1,0,,
8speed_L1,0,,
Step_L1,0,,
Zone_L1,0,,
Charcoal_Detected_L1,0,,
gain_L1,0,,
STC8_L1,0,,
TCnoz_hp,0,,
TC4_hp,0,,
TC5_hp,0,,
Flow1_velocity_L1,0,,
Flow2_velocity_L1,0,,
Flow3_velocity_L1,0,,
Flow4_velocity_L1,0,,
Flow6_velocity_L1,0,,
MAX_T_PWM_L1,0,,
Flow8_velocity_L1,0,,
TC6_hp,0,,
dampercount_L1,0,,
Scale3_L1,0,,
Scale4_L1,0,,
Scale5_L1,0,,
Scale6_L1,0,,
Scale7_L1,0,,
Scale8_L1,0,,
stepcount_L1,0,,
400count_L1,0,,
mode3_L1,0,,
mode4_L1,0,,
Chimney_T_L1,0,,
mode5_L1,0,,
mode6_L1,0,,
mode7_L1,0,,
mode8_L1,0,,
SSTC6_set_L1,0,,
O2_set_L1,0,,
500count_L1,0,,
reload_L1,0,,
dooropen_L1,0,,
pressurecounter_L1,0,,
reloads_L1,0,,
state_L1,0,,
 controlfan_L1,0,,
pot_val_L1,0,,
dP2_bkg_postbkg,0,,
powerlevel_L1,0,,
load_L1,0,,
auto_L1,0,,
PWM3_lp,0,,
TC7_hp,0,,
PWM4_hp,0,,
PWM5_hp,0,,
PWM6_hp,0,,
PWM7_hp,0,,
PWM8_hp,0,,
TC8_hp,0,,
COtemp_hp,0,,
PWMl_hp,0,,
PWMf_hp,0,,
BattV_hp,0,,
StakVel_hp,0,,
154_L1,0,,
SSTC_set_hp,0,,
snorkel_T_hp,0,,
SSTC_set_low_hp,0,,
SSTC_set_chimney_hp,0,,
chimney_T_hp,0,,
Flow8_hp,0,,
NozVel_hp,0,,
time_prebkg,0,,
SSTC_set_chimney_start_hp,0,,
Lp_hp,0,,
Li_hp,0,,
Ld_hp,0,,
MAX_T_PWM_mp,0,,
Cp_hp,0,,
Ci_hp,0,,
Cd_hp,0,,
o2set_hp,0,,
DilRat_hp,0,,
seconds_prebkg,0,,
ID_prebkg,0,,
Ignitor_hp,0,,
8speed_hp,0,,
Step_hp,0,,
Zone_hp,0,,
Charcoal_Detected_hp,0,,
gain_hp,0,,
Chimney_T_mp,0,,
CO_prebkg,0,,
CO2_prebkg,0,,
STC8_hp,0,,
PM_prebkg,0,,
Flow1_velocity_hp,0,,
Flow2_velocity_hp,0,,
Flow3_velocity_hp,0,,
Flow4_velocity_hp,0,,
Flow6_velocity_hp,0,,
Flow8_velocity_hp,0,,
lambda_hp,0,,
dateobjects_L1,0,,
Flow_prebkg,0,,
linmode_hp,0,,
Scale3_hp,0,,
Scale4_hp,0,,
Scale5_hp,0,,
Scale6_hp,0,,
Scale7_hp,0,,
Scale8_hp,0,,
fanmode_hp,0,,
linstate_hp,0,,
mode3_hp,0,,
mode4_hp,0,,
mode5_hp,0,,
mode6_hp,0,,
mode7_hp,0,,
mode8_hp,0,,
SSTC6_set_hp,0,,
O2_set_hp,0,,
fanstate_hp,0,,
CObkg_mp,0,,
COhi_mp,0,,
dP2_prebkg,0,,
state_hp,0,,
 controlfan_hp,0,,
CO2bkg_mp,0,,
dampercount_hp,0,,
stepcount_hp,0,,
400count_hp,0,,
500count_hp,0,,
reload_hp,0,,
dooropen_hp,0,,
PWM4_mp,0,,
MAX_T_PWM_lp,0,,
PWM5_mp,0,,
PWM6_mp,0,,
PWM7_mp,0,,
PWM8_mp,0,,
pressurecounter_hp,0,,
reloads_hp,0,,
pot_val_hp,0,,
powerlevel_hp,0,,
load_hp,0,,
auto_hp,0,,
SSTC_set_mp,0,,
SSTC_set_chimney_start_mp,0,,
snorkel_T_mp,0,,
Chimney_T_lp,0,,
SSTC_set_low_mp,0,,
SSTC_set_chimney_mp,0,,
chimney_T_mp,0,,
CO2hi_mp,0,,
Flow8_mp,0,,
O2_mp,0,,
Lp_mp,0,,
Li_mp,0,,
Ld_mp,0,,
Cp_mp,0,,
Ci_mp,0,,
Cd_mp,0,,
o2set_mp,0,,
FLUEtemp_prebkg,0,,
H2Otemp_prebkg,0,,
PWMl_mp,0,,
Ignitor_mp,0,,
8speed_mp,0,,
Step_mp,0,,
Zone_mp,0,,
Charcoal_Detected_mp,0,,
gain_mp,0,,
PWMf_mp,0,,
TC1_lp,0,,
TC2_lp,0,,
STC8_mp,0,,
Flow1_velocity_mp,0,,
Flow2_velocity_mp,0,,
Flow3_velocity_mp,0,,
Flow4_velocity_mp,0,,
Flow6_velocity_mp,0,,
Flow8_velocity_mp,0,,
TC3_lp,0,,
DilFlow_mp,0,,
FiltFlow_mp,0,,
PWM3_hp,0,,
SampFlow_mp,0,,
Scale3_mp,0,,
Scale4_mp,0,,
Scale5_mp,0,,
Scale6_mp,0,,
Scale7_mp,0,,
Scale8_mp,0,,
154_hp,0,,
USampFlow_mp,0,,
mode3_mp,0,,
mode4_mp,0,,
mode5_mp,0,,
mode6_mp,0,,
mode7_mp,0,,
mode8_mp,0,,
SSTC6_set_mp,0,,
O2_set_mp,0,,
Kp_mp,0,,
Ki_mp,0,,
Kd_mp,0,,
RH_prebkg,0,,
state_mp,0,,
 controlfan_mp,0,,
AmbPres_mp,0,,
lambda_mp,0,,
datenumbers_prebkg,0,,
VOC_method,0,,
VOC_offset,0,,
VOC_prebkg_conc,0,,
VOC_postbkg_conc,0,,
CO2v_method,0,,
CO2v_offset,0,,
CO2v_prebkg_conc,0,,
CO2v_postbkg_conc,0,,
phase_prebkg,0,,
linmode_mp,0,,
fanmode_mp,0,,
linstate_mp,0,,
PWM4_lp,0,,
PWM5_lp,0,,
PWM6_lp,0,,
PWM7_lp,0,,
SSTC_set_chimney_start_lp,0,,
PWM8_lp,0,,
fanstate_mp,0,,
TCnoz_mp,0,,
TC4_mp,0,,
TC5_mp,0,,
TC6_mp,0,,
SSTC_set_lp,0,,
snorkel_T_lp,0,,
SSTC_set_low_lp,0,,
SSTC_set_chimney_lp,0,,
chimney_T_lp,0,,
dampercount_mp,0,,
stepcount_mp,0,,
Flow8_lp,0,,
Lp_lp,0,,
Li_lp,0,,
Ld_lp,0,,
Cp_lp,0,,
Ci_lp,0,,
Cd_lp,0,,
400count_mp,0,,
500count_mp,0,,
reload_mp,0,,
dooropen_mp,0,,
pressurecounter_mp,0,,
8speed_lp,0,,
Step_lp,0,,
Zone_lp,0,,
Charcoal_Detected_lp,0,,
gain_lp,0,,
reloads_mp,0,,
pot_val_mp,0,,
STC8_lp,0,,
powerlevel_mp,0,,
Flow1_velocity_lp,0,,
Flow2_velocity_lp,0,,
Flow3_velocity_lp,0,,
Flow4_velocity_lp,0,,
Flow6_velocity_lp,0,,
Flow8_velocity_lp,0,,
load_mp,0,,
auto_mp,0,,
TC7_mp,0,,
TC8_mp,0,,
Scale3_lp,0,,
Scale4_lp,0,,
Scale5_lp,0,,
Scale6_lp,0,,
Scale7_lp,0,,
Scale8_lp,0,,
COtemp_mp,0,,
BattV_mp,0,,
mode3_lp,0,,
mode4_lp,0,,
mode5_lp,0,,
mode6_lp,0,,
mode7_lp,0,,
mode8_lp,0,,
SSTC6_set_lp,0,,
O2_set_lp,0,,
PWMl_lp,0,,
PWMf_lp,0,,
StakVel_mp,0,,
NozVel_mp,0,,
state_lp,0,,
 controlfan_lp,0,,
tmoStatusCondition_0_L1,0,,
tmoOperatingMode_0_L1,0,,
tmoCaseHeatTemp_0_L1,0,,
tmoCapHeatTemp_0_L1,0,,
tmoTEOMAFlowMass_0_L1,0,,
tmoTEOMAAirTubeHeatTemp_0_L1,0,,
tmoTEOMAFilterLoad_0_L1,0,,
tmoTEOMAFilterPressure_0_L1,0,,
tmoTEOMANoise_0_L1,0,,
tmoTEOMAFrequency_0_L1,0,,
tmoTEOMBFlowMass_0_L1,0,,
tmoTEOMBAirTubeHeatTemp_0_L1,0,,
tmoTEOMBFilterLoad_0_L1,0,,
tmoTEOMBFrequency_0_L1,0,,
tmoTEOMBNoise_0_L1,0,,
tmoVacPumpPressure_0_L1,0,,
tmoTEOMAMCRaw_0_L1,0,,
tmoTEOMBMCRaw_0_L1,0,,
tmoTEOMATotalMass_0_L1,0,,
tmoTEOMBTotalMass_0_L1,0,,
tmoStatusCondition_0_hp,0,,
tmoOperatingMode_0_hp,0,,
tmoCaseHeatTemp_0_hp,0,,
tmoCapHeatTemp_0_hp,0,,
tmoTEOMAFlowMass_0_hp,0,,
tmoTEOMAAirTubeHeatTemp_0_hp,0,,
tmoTEOMAFilterLoad_0_hp,0,,
tmoTEOMAFilterPressure_0_hp,0,,
tmoTEOMANoise_0_hp,0,,
tmoTEOMAFrequency_0_hp,0,,
tmoTEOMBFlowMass_0_hp,0,,
tmoTEOMBAirTubeHeatTemp_0_hp,0,,
tmoTEOMBFilterLoad_0_hp,0,,
tmoTEOMBFrequency_0_hp,0,,
tmoTEOMBNoise_0_hp,0,,
tmoVacPumpPressure_0_hp,0,,
tmoTEOMAMCRaw_0_hp,0,,
tmoTEOMBMCRaw_0_hp,0,,
tmoTEOMATotalMass_0_hp,0,,
tmoTEOMBTotalMass_0_hp,0,,
tmoStatusCondition_0_lp,0,,
tmoOperatingMode_0_lp,0,,
tmoCaseHeatTemp_0_lp,0,,
tmoCapHeatTemp_0_lp,0,,
tmoTEOMAFlowMass_0_lp,0,,
tmoTEOMAAirTubeHeatTemp_0_lp,0,,
tmoTEOMAFilterLoad_0_lp,0,,
tmoTEOMAFilterPressure_0_lp,0,,
tmoTEOMANoise_0_lp,0,,
tmoTEOMAFrequency_0_lp,0,,
tmoTEOMBFlowMass_0_lp,0,,
tmoTEOMBAirTubeHeatTemp_0_lp,0,,
tmoTEOMBFilterLoad_0_lp,0,,
tmoTEOMBFrequency_0_lp,0,,
tmoTEOMBNoise_0_lp,0,,
tmoVacPumpPressure_0_lp,0,,
tmoTEOMAMCRaw_0_lp,0,,
tmoTEOMBMCRaw_0_lp,0,,
tmoTEOMATotalMass_0_lp,0,,
tmoTEOMBTotalMass_0_lp,0,,
time_L1,0,,
DilRat_mp,0,,
seconds_L1,0,,
ID_L1,0,,
CO_L1,0,,
Flow_L1,0,,
dP2_L1,0,,
FLUEtemp_L1,0,,
lambda_lp,0,,
CObkg_lp,0,,
COhi_lp,0,,
linmode_lp,0,,
fanmode_lp,0,,
linstate_lp,0,,
fanstate_lp,0,,
File Index_L1,0,,
Sample #_L1,0,,
Setpointt_hp,0,,
11.5_L1,0,,
dampercount_lp,0,,
Kp_L1,0,,
Ki_L1,0,,
Kd_L1,0,,
stepcount_lp,0,,
400count_lp,0,,
500count_lp,0,,
reload_lp,0,,
dooropen_lp,0,,
pressurecounter_lp,0,,
reloads_lp,0,,
pot_val_lp,0,,
powerlevel_lp,0,,
load_lp,0,,
auto_lp,0,,
temp_auto_hp,0,,
autoRoutineStage_hp,0,,
autoTimeCounter_hp,0,,
15.4_L1,0,,
20.5_L1,0,,
27.4_L1,0,,
36.5_L1,0,,
48.7_L1,0,,
Kp_lp,0,,
Ki_lp,0,,
Kd_lp,0,,
64.9_L1,0,,
PWM3_mp,0,,
Flow1_mp,0,,
Flow2_mp,0,,
Flow3_mp,0,,
Flow4_mp,0,,
86.6_L1,0,,
115.5_L1,0,,
154.0_L1,0,,
205.4_L1,0,,
273.8_L1,0,,
365.2_L1,0,,
Total Conc_L1,0,,
Median (nm)_L1,0,,
Mean (nm)_L1,0,,
Geo Mean (nm)_L1,0,,
Mode (nm)_L1,0,,
GSD_L1,0,,
Particle Density (g/cc)_L1,0,,
Firmware Version_L1,0,,
Status_L1,0,,
File Index_hp,0,,
Sample #_hp,0,,
Kp2_mp,0,,
Ki2_mp,0,,
Kd2_mp,0,,
11.5_hp,0,,
15.4_hp,0,,
20.5_hp,0,,
27.4_hp,0,,
Setpointt_mp,0,,
36.5_hp,0,,
temp_auto_mp,0,,
autoRoutineStage_mp,0,,
autoTimeCounter_mp,0,,
Kp_hp,0,,
Ki_hp,0,,
Kd_hp,0,,
48.7_hp,0,,
64.9_hp,0,,
86.6_hp,0,,
115.5_hp,0,,
154.0_hp,0,,
205.4_hp,0,,
273.8_hp,0,,
365.2_hp,0,,
Total Conc_hp,0,,
Median (nm)_hp,0,,
Mean (nm)_hp,0,,
Setpointt_lp,0,,
Geo Mean (nm)_hp,0,,
temp_auto_lp,0,,
autoRoutineStage_lp,0,,
autoTimeCounter_lp,0,,
Mode (nm)_hp,0,,
GSD_hp,0,,
Particle Density (g/cc)_hp,0,,
Firmware Version_hp,0,,
Status_hp,0,,
File Index_lp,0,,
Sample #_lp,0,,
11.5_lp,0,,
15.4_lp,0,,
20.5_lp,0,,
27.4_lp,0,,
36.5_lp,0,,
48.7_lp,0,,
64.9_lp,0,,
86.6_lp,0,,
115.5_lp,0,,
dateobjects_lp,0,,
154.0_lp,0,,
205.4_lp,0,,
273.8_lp,0,,
365.2_lp,0,,
Total Conc_lp,0,,
Median (nm)_lp,0,,
Mean (nm)_lp,0,,
Geo Mean (nm)_lp,0,,
Mode (nm)_lp,0,,
GSD_lp,0,,
Particle Density (g/cc)_lp,0,,
Firmware Version_lp,0,,
Status_lp,0,,
H2Otemp_L1,0,,
CO2bkg_lp,0,,
Flow1_L1,0,,
Flow2_L1,0,,
Flow3_L1,0,,
Flow4_L1,0,,
CO2hi_lp,0,,
O2_lp,0,,
RH_L1,0,,
datenumbers_L1,0,,
DilFlow_lp,0,,
FiltFlow_lp,0,,
SampFlow_lp,0,,
USampFlow_lp,0,,
phase_L1,0,,
AmbPres_lp,0,,
time_hp,0,,
seconds_hp,0,,
TCnoz_lp,0,,
TC4_lp,0,,
TC5_lp,0,,
TC6_lp,0,,
TC7_lp,0,,
Kp2_L1,0,,
Ki2_L1,0,,
Kd2_L1,0,,
TC8_lp,0,,
COtemp_lp,0,,
BattV_lp,0,,
StakVel_lp,0,,
NozVel_lp,0,,
ID_hp,0,,
DilRat_lp,0,,
Flow_hp,0,,
dP2_hp,0,,
FLUEtemp_hp,0,,
H2Otemp_hp,0,,
RH_hp,0,,
Flow1_hp,0,,
Flow2_hp,0,,
Flow3_hp,0,,
Flow4_hp,0,,
datenumbers_hp,0,,
CObkg_postbkg,0,,
COhi_postbkg,0,,
phase_hp,0,,
CO2bkg_postbkg,0,,
CO2hi_postbkg,0,,
O2_postbkg,0,,
time_lp,0,,
seconds_lp,0,,
DilFlow_postbkg,0,,
FiltFlow_postbkg,0,,
SampFlow_postbkg,0,,
USampFlow_postbkg,0,,
ID_lp,0,,
AmbPres_postbkg,0,,
Flow_lp,0,,
dP2_lp,0,,
Kp2_hp,0,,
Ki2_hp,0,,
Kd2_hp,0,,
TCnoz_postbkg,0,,
TC4_postbkg,0,,
TC5_postbkg,0,,
TC6_postbkg,0,,
TC7_postbkg,0,,
TC8_postbkg,0,,
COtemp_postbkg,0,,
BattV_postbkg,0,,
StakVel_postbkg,0,,
NozVel_postbkg,0,,
PMmass_postbkg,0,,
DilRat_postbkg,0,,
Flow1_lp,0,,
Flow2_lp,0,,
Flow3_lp,0,,
Flow4_lp,0,,
FLUEtemp_lp,0,,
H2Otemp_lp,0,,
RH_lp,0,,
datenumbers_lp,0,,
phase_lp,0,,
time_postbkg,0,,
seconds_postbkg,0,,
ID_postbkg,0,,
CO_postbkg,0,,
CO2_postbkg,0,,
PM_postbkg,0,,
Flow_postbkg,0,,
dP2_postbkg,0,,
FLUEtemp_postbkg,0,,
H2Otemp_postbkg,0,,
RH_postbkg,0,,
datenumbers_postbkg,0,,
Kp2_lp,0,,
Ki2_lp,0,,
Kd2_lp,0,,
phase_postbkg,0,,
PWM1_L1,0,,
PWM2_L1,0,,
time_mp,0,,
seconds_mp,0,,
ID_mp,0,,
Flow5_L1,0,,
Flow6_L1,0,,
Flow7_L1,0,,
Flow_mp,0,,
Bin 1_L1,0,,
Bin 2_L1,0,,
Bin 3_L1,0,,
Bin 4_L1,0,,
Bin 5_L1,0,,
Bin 6_L1,0,,
Bin 7_L1,0,,
Bin 8_L1,0,,
Bin 9_L1,0,,
Bin 10_L1,0,,
Bin 11_L1,0,,
Bin 12_L1,0,,
Bin 13_L1,0,,
Bin 14_L1,0,,
Bin 15_L1,0,,
Bin 16_L1,0,,
Bin 17_L1,0,,
Temperature (C)_L1,0,,
Humidity (%)_L1,0,,
Ambient Pressure (kPa)_L1,0,,
Alarms_L1,0,,
Errors_L1,0,,
_L1,0,,
Bin 1_hp,0,,
Bin 2_hp,0,,
Bin 3_hp,0,,
Bin 4_hp,0,,
Bin 5_hp,0,,
Bin 6_hp,0,,
Bin 7_hp,0,,
Bin 8_hp,0,,
Bin 9_hp,0,,
Bin 10_hp,0,,
Bin 11_hp,0,,
Bin 12_hp,0,,
Bin 13_hp,0,,
Bin 14_hp,0,,
Bin 15_hp,0,,
Bin 16_hp,0,,
Bin 17_hp,0,,
Temperature (C)_hp,0,,
Humidity (%)_hp,0,,
Ambient Pressure (kPa)_hp,0,,
Alarms_hp,0,,
Errors_hp,0,,
_hp,0,,
Bin 1_lp,0,,
Bin 2_lp,0,,
Bin 3_lp,0,,
Bin 4_lp,0,,
Bin 5_lp,0,,
Bin 6_lp,0,,
Bin 7_lp,0,,
Bin 8_lp,0,,
Bin 9_lp,0,,
Bin 10_lp,0,,
Bin 11_lp,0,,
Bin 12_lp,0,,
Bin 13_lp,0,,
Bin 14_lp,0,,
Bin 15_lp,0,,
Bin 16_lp,0,,
Bin 17_lp,0,,
Temperature (C)_lp,0,,
Humidity (%)_lp,0,,
Ambient Pressure (kPa)_lp,0,,
Alarms_lp,0,,
Errors_lp,0,,
_lp,0,,
dP2_mp,0,,
FLUEtemp_mp,0,,
H2Otemp_mp,0,,
RH_mp,0,,
STC1_L1,0,,
datenumbers_mp,0,,
phase_mp,0,,
STC2_L1,0,,
STC3_L1,0,,
COhi_method,0,,
COhi_offset,0,,
COhi_prebkg_conc,0,,
COhi_postbkg_conc,0,,
STC4_L1,0,,
STC5_L1,0,,
STC6_L1,0,,
STC7_L1,0,,
CO2hi_method,0,,
CO2hi_offset,0,,
CO2hi_prebkg_conc,0,,
CO2hi_postbkg_conc,0,,
preCAT_T_L1,0,,
PostCAT_T_L1,0,,
diff_T_L1,0,,
body_T_L1,0,,
body_T threshold_L1,0,,
snorkel_T threshold_L1,0,,
deltaP1_L1,0,,
deltaP2_L1,0,,
deltaP3_L1,0,,
Lambda_L1,0,,
o2Setpoint_L1,0,,
Scale1_L1,0,,
Scale2_L1,0,,
mode1_L1,0,,
mode2_L1,0,,
state_press_L1,0,,
state_temp_L1,0,,
prev_state_temp_L1,0,,
Kp1_L1,0,,
Ki1_L1,0,,
Kd1_L1,0,,
Op_L1,0,,
Oi_L1,0,,
Od_L1,0,,
press_offset_L1,0,,
PRESSURE_T_L1,0,,
PRESSURE_D_L1,0,,
Tp_L1,0,,
Ti_L1,0,,
Td_L1,0,,
temp_set_L1,0,,
temp_set_start_L1,0,,
temp_set_low_L1,0,,
temp_control_L1,0,,
DelayTime_L1,0,,
cooledDown_L1,0,,
PrimaryFlow_L1,0,,
SecondaryFlow_L1,0,,
TotalFlow_L1,0,,
SenO2Percent_L1,0,,
PWM1_hp,0,,
PWM2_hp,0,,
Flow5_hp,0,,
Flow6_hp,0,,
Flow7_hp,0,,
STC1_hp,0,,
STC2_hp,0,,
STC3_hp,0,,
STC4_hp,0,,
STC5_hp,0,,
STC6_hp,0,,
STC7_hp,0,,
preCAT_T_hp,0,,
PostCAT_T_hp,0,,
diff_T_hp,0,,
body_T_hp,0,,
body_T threshold_hp,0,,
snorkel_T threshold_hp,0,,
deltaP1_hp,0,,
deltaP2_hp,0,,
deltaP3_hp,0,,
Lambda_hp,0,,
o2Setpoint_hp,0,,
Scale1_hp,0,,
Scale2_hp,0,,
mode1_hp,0,,
mode2_hp,0,,
state_press_hp,0,,
state_temp_hp,0,,
prev_state_temp_hp,0,,
Kp1_hp,0,,
Ki1_hp,0,,
Kd1_hp,0,,
Op_hp,0,,
Oi_hp,0,,
Od_hp,0,,
press_offset_hp,0,,
PRESSURE_T_hp,0,,
PRESSURE_D_hp,0,,
Tp_hp,0,,
Ti_hp,0,,
Td_hp,0,,
temp_set_hp,0,,
temp_set_start_hp,0,,
temp_set_low_hp,0,,
temp_control_hp,0,,
DelayTime_hp,0,,
cooledDown_hp,0,,
PrimaryFlow_hp,0,,
SecondaryFlow_hp,0,,
TotalFlow_hp,0,,
SenO2Percent_hp,0,,
PWM1_lp,0,,
PWM2_lp,0,,
Flow5_lp,0,,
Flow6_lp,0,,
Flow7_lp,0,,
STC1_lp,0,,
STC2_lp,0,,
STC3_lp,0,,
STC4_lp,0,,
STC5_lp,0,,
STC6_lp,0,,
STC7_lp,0,,
preCAT_T_lp,0,,
PostCAT_T_lp,0,,
diff_T_lp,0,,
body_T_lp,0,,
body_T threshold_lp,0,,
snorkel_T threshold_lp,0,,
deltaP1_lp,0,,
deltaP2_lp,0,,
deltaP3_lp,0,,
Lambda_lp,0,,
o2Setpoint_lp,0,,
Scale1_lp,0,,
Scale2_lp,0,,
mode1_lp,0,,
mode2_lp,0,,
state_press_lp,0,,
state_temp_lp,0,,
prev_state_temp_lp,0,,
Kp1_lp,0,,
Ki1_lp,0,,
Kd1_lp,0,,
Op_lp,0,,
PWM1_mp,0,,
PWM2_mp,0,,
Flow5_mp,0,,
Flow6_mp,0,,
Flow7_mp,0,,
STC1_mp,0,,
STC2_mp,0,,
STC3_mp,0,,
STC4_mp,0,,
STC5_mp,0,,
STC6_mp,0,,
STC7_mp,0,,
preCAT_T_mp,0,,
PostCAT_T_mp,0,,
diff_T_mp,0,,
body_T_mp,0,,
body_T threshold_mp,0,,
snorkel_T threshold_mp,0,,
deltaP1_mp,0,,
deltaP2_mp,0,,
deltaP3_mp,0,,
Lambda_mp,0,,
o2Setpoint_mp,0,,
Scale1_mp,0,,
Scale2_mp,0,,
mode1_mp,0,,
mode2_mp,0,,
state_press_mp,0,,
state_temp_mp,0,,
prev_state_temp_mp,0,,
Kp1_mp,0,,
Ki1_mp,0,,
Kd1_mp,0,,
Op_mp,0,,
Oi_mp,0,,
Od_mp,0,,
press_offset_mp,0,,
PRESSURE_T_mp,0,,
PRESSURE_D_mp,0,,
Tp_mp,0,,
Ti_mp,0,,
Td_mp,0,,
temp_set_mp,0,,
temp_set_start_mp,0,,
temp_set_low_mp,0,,
temp_control_mp,0,,
DelayTime_mp,0,,
cooledDown_mp,0,,
PrimaryFlow_mp,0,,
SecondaryFlow_mp,0,,
TotalFlow_mp,0,,
SenO2Percent_mp,0,,
Oi_lp,0,,
Od_lp,0,,
press_offset_lp,0,,
PRESSURE_T_lp,0,,
PRESSURE_D_lp,0,,
Tp_lp,0,,
Ti_lp,0,,
Td_lp,0,,
temp_set_lp,0,,
temp_set_start_lp,0,,
temp_set_low_lp,0,,
temp_control_lp,0,,
DelayTime_lp,0,,
cooledDown_lp,0,,
PrimaryFlow_lp,0,,
SecondaryFlow_lp,0,,
TotalFlow_lp,0,,
SenO2Percent_lp,0,,
variable,0,,
start_time_prebkg,0,,
end_time_prebkg,0,,
start_time_postbkg,0,,
end_time_postbkg,0,,
CO_method,0,,
CO_offset,0,,
CO_prebkg_conc,0,,
CO_postbkg_conc,0,,
CO2_method,0,,
CO2_offset,0,,
CO2_prebkg_conc,0,,
CO2_postbkg_conc,0,,
PM_method,0,,
PM_offset,0,,
PM_prebkg_conc,0,,
PM_postbkg_conc,0,,
dP2_method,0,,
dP2_offset,0,,
dP2_prebkg_conc,0,,
dP2_postbkg_conc,0,,