CO_L1,ppm,79.45615721109978,0.0
CO2_L1,ppm,1063.0388883206422,0.0
PM_L1,Mm^-1,1251.0892993317086,0.0
P_amb,Pa,99175.93999999999,0.0
P_duct,Pa,99175.18999999999,0.0
MSC_L1,m^2/g,0.09981694795911558,0.0
MCE_L1,mol/mol,0.9304538277677002,0.0
MW_duct_L1,g/mol,29.0,
density_L1,gm^-3,1133.7831607245837,0.0
mass_flow_L1,g/sec,530.1449643411132,0.0
mole_flow_L1,mol/sec,18.280860839348733,0.0
vol_flow_L1,m^3/sec,0.4676186041442101,0.0
totvol_L1,m^3,1536.5947332178744,0.0
COmass_L1,gm^-3,0.0869200904940187,0.0
CO_total_mass_L1,g,133.61863622576982,0.0
CO_fuel_dry_mass_L1,g/kg,62.16581024247349,0.0
CO_end_water_mass_L1,g/kg,,
CO_fuel_energy_L1,g/MJ,2.7338165946217132,0.0
CO_fuel_energy_w_char_L1,g/MJ,3.853035635733327,0.0
CO_useful_eng_deliver_L1,g/MJ,,
CO_mass_time_L1,g/min,2.44052303608712,0.0
CO2mass_L1,gm^-3,1.822932182839662,0.0
CO2_total_mass_L1,g,2805.499019233415,0.0
CO2_fuel_dry_mass_L1,g/kg,1305.252954164442,0.0
CO2_end_water_mass_L1,g/kg,,
CO2_fuel_energy_L1,g/MJ,57.40007525608962,0.0
CO2_fuel_energy_w_char_L1,g/MJ,80.89955115884112,0.0
CO2_useful_eng_deliver_L1,g/MJ,,
CO2_mass_time_L1,g/min,51.24199121887516,0.0
PMmass_L1,gm^-3,0.4818928788800974,0.0
PM_total_mass_L1,g,19.18600104725663,0.0
PM_fuel_dry_mass_L1,g/kg,8.926249616860149,0.0
PM_end_water_mass_L1,g/kg,,
PM_fuel_energy_L1,g/MJ,0.39254260879294917,0.0
PM_fuel_energy_w_char_L1,g/MJ,0.5532487670162257,0.0
PM_useful_eng_deliver_L1,mg/MJ,,
PM_mass_time_L1,mg/min,350.42924287226725,0.0
PM_heat_mass_time_L1,g/hr,21.025754572336034,0.0
C_mass_time_L1,g/min,15.029992672493323,0.0
CO_EF_L1,g/kg_C,162.37686133763512,0.0
CO2_EF_L1,g/kg_C,3409.31578181366,0.0
PM_EF_L1,g/kg_C,23.315330253859305,0.0
firepower_carbon_L1,W,9722.144578114518,0.0
PitotVel_L1,m/s,1.5098789006148352,
StackDensity_L1,g/m^3,930.9564024562948,
StackFlow_L1,m^3/s,0.022258315184738104,5.960704837703837e-05
MassFlow_L1,g/s,20.246585744067104,0.05376507705775537
EnergyFlow_L1,W,1573.1662412637775,4.736015455085506
StackFirepower_L1,W,,
StackUsefulpower_L1,W,8033.822506065138,4.734254900083289
StackThermalEfficiency_L1,%,72.17635435181587,0.04115044594694577
carbon_in_L1,g,893.2587255999998,
carbon_out_L1,g,840.351359772013,0.0
C_Out_In_L1,g/g,0.9407703901325464,0.0
CO_useful_eng_deliver_weighted,g/MJ,0.0,0.0
PM_useful_eng_deliver_weighted,mg/MJ,0.0,0.0
PM_mass_time_weighted,mg/min,350.42924287226725,0.0
PM_heat_mass_time_weighted,g/hr,21.025754572336034,0.0
CO_mass_time_weighted,g/min,2.44052303608712,0.0
firepower_carbon_total,W,9722.144578114518,0.0
PM_total_mass_total,g,19.18600104725663,0.0
CO_total_mass_total,g,133.61863622576982,0.0
PM_heat_mass_time_total,g/hr,21.025754572336034,0.0
PM_mass_time_total,mg/min,350.42924287226725,0.0
CO_mass_time_total,g/min,2.44052303608712,0.0
PM_useful_eng_deliver_total,mg/MJd,,
CO_useful_eng_deliver_total,g/MJd,,
PM_fuel_dry_mass_total,g/kg,8.926249616860149,0.0
