All Outputs,units,11.14.25,11.17.25,11.18.25,11.19.25,11.20.25,average,N,stdev,Interval,High Tier Estimate,Low Tier Estimate,COV,CI
variable_name,units,value,value,value,value,value,nan,0,nan,nan,nan,nan,nan,nan-nan
test_name,,LP Algorithm,LP Algorithm,LP algortihm,LP Algo,small load algo,nan,0,nan,nan,nan,nan,nan,nan-nan
test_number,,1,2,3,,,2.0,3,1.0,1.686,3.686,0.314,50.0,0.314-3.686
date,,11.14.25,11.17.25,11.18.25,11.19.25,11.20.25,nan,0,nan,nan,nan,nan,nan,nan-nan
name_of_tester,,,,,,,nan,0,nan,nan,nan,nan,nan,nan-nan
location,,Osprey,osprey,osprey,Osprey,OSprey,nan,0,nan,nan,nan,nan,nan,nan-nan
stove_type/model,,VG2020,VG2020,VG2020,VG2020,VG2020,nan,0,nan,nan,nan,nan,nan,nan-nan
general_comments,,"scale not zeroed before test, datastream shows true weight+0.6lb",,,,,nan,0,nan,nan,nan,nan,nan,nan-nan
high_power_comments,,,,,,,nan,0,nan,nan,nan,nan,nan,nan-nan
medium_power_comments,,,,,,,nan,0,nan,nan,nan,nan,nan,nan-nan
low_power_comments,,,,,,,nan,0,nan,nan,nan,nan,nan,nan-nan
initial_air_temp,C,14,11.17.25,12,11,12,12.25,4,1.258,1.48,13.73,10.77,10.269,10.77-13.73
initial_RH,%,74,72,69,64,61,68.0,5,5.431,5.178,73.178,62.822,7.987,62.822-73.178
initial_pressure,in Hg,29,29.29,29.08,29.13,29.08,29.116,5,0.108,0.103,29.219,29.013,0.371,29.013-29.219
initial_wind_velocity,m/s,,,,,,nan,0,nan,nan,nan,nan,nan,nan-nan
final_air_temp,C,,,,,,nan,0,nan,nan,nan,nan,nan,nan-nan
final_RH,%,,,,,,nan,0,nan,nan,nan,nan,nan,nan-nan
final_pressure,in Hg,,,,,,nan,0,nan,nan,nan,nan,nan,nan-nan
final_wind_velocity,m/s,,,,,,nan,0,nan,nan,nan,nan,nan,nan-nan
pot1_dry_mass,lb,,,,,,nan,0,nan,nan,nan,nan,nan,nan-nan
pot2_dry_mass,lb,,,,,,nan,0,nan,nan,nan,nan,nan,nan-nan
pot3_dry_mass,lb,,,,,,nan,0,nan,nan,nan,nan,nan,nan-nan
pot4_dry_mass,lb,,,,,,nan,0,nan,nan,nan,nan,nan,nan-nan
fuel_type_1,,Dry DF,dry DF,dry DF,Dry DF,dry DF,nan,0,nan,nan,nan,nan,nan,nan-nan
fuel_source_1,,,,,,,nan,0,nan,nan,nan,nan,nan,nan-nan
fuel_dimensions_1,cmxcmxcm,,,,,,nan,0,nan,nan,nan,nan,nan,nan-nan
fuel_mc_1,%,20,20,20,20,20,20.0,5,0.0,0.0,20.0,20.0,0.0,20.0-20.0
fuel_higher_heating_value_1,kJ/kg,20634,20634,20634,20634,20634,20634.0,5,0.0,0.0,20634.0,20634.0,0.0,20634.0-20634.0
fuel_Cfrac_db_1,g/g,0.5,0.5,0.5,0.5,0.5,0.5,5,0.0,0.0,0.5,0.5,0.0,0.5-0.5
fuel_correction_value_1,kJ/kg,1320,1320,1320,1320,1320,1320.0,5,0.0,0.0,1320.0,1320.0,0.0,1320.0-1320.0
fuel_type_2,,charcoal,charcoal,charcoal,charcoal,charcoal,nan,0,nan,nan,nan,nan,nan,nan-nan
fuel_source_2,,created by fire,created by fire,created by fire,created by fire,created by fire,nan,0,nan,nan,nan,nan,nan,nan-nan
fuel_dimensions_2,cmxcmxcm,,,,,,nan,0,nan,nan,nan,nan,nan,nan-nan
fuel_mc_2,%,0.0,0.0,0.0,0.0,0.0,0.0,5,0.0,0.0,0.0,0.0,nan,0.0-0.0
fuel_higher_heating_value_2,kJ/kg,32500,32500,32500,32500,32500,32500.0,5,0.0,0.0,32500.0,32500.0,0.0,32500.0-32500.0
fuel_Cfrac_db_2,g/g,0.9,0.9,0.9,0.9,0.9,0.9,5,0.0,0.0,0.9,0.9,0.0,0.9-0.9
fuel_correction_value_2,kJ/kg,1200,1200,1200,1200,1200,1200.0,5,0.0,0.0,1200.0,1200.0,0.0,1200.0-1200.0
fuel_type_3,,,,,,,nan,0,nan,nan,nan,nan,nan,nan-nan
fuel_source_3,,,,,,,nan,0,nan,nan,nan,nan,nan,nan-nan
fuel_dimensions_3,cmxcmxcm,,,,,,nan,0,nan,nan,nan,nan,nan,nan-nan
fuel_mc_3,%,,,,,,nan,0,nan,nan,nan,nan,nan,nan-nan
fuel_higher_heating_value_3,kJ/kg,,,,,,nan,0,nan,nan,nan,nan,nan,nan-nan
fuel_Cfrac_db_3,g/g,,,,,,nan,0,nan,nan,nan,nan,nan,nan-nan
fuel_correction_value_3,kJ/kg,,,,,,nan,0,nan,nan,nan,nan,nan,nan-nan
start_time_L1,hh:mm:ss,10:43:00,13:35:00,14:07:00,13:41:00,10:07:00,nan,0,nan,nan,nan,nan,nan,nan-nan
initial_fuel_mass_1_L1,lb,7.254,7.501,7.357,7.268,7.313,7.339,5,0.099,0.094,7.433,7.245,1.349,7.245-7.433
initial_fuel_mass_2_L1,lb,0,0,0,0,0,nan,0,nan,nan,nan,nan,nan,nan-nan
initial_fuel_mass_3_L1,lb,0,0,0,0,0,nan,0,nan,nan,nan,nan,nan,nan-nan
initial_water_temp_pot1_L1,C,,,,,,nan,0,nan,nan,nan,nan,nan,nan-nan
initial_water_temp_pot2_L1,C,,,,,,nan,0,nan,nan,nan,nan,nan,nan-nan
initial_water_temp_pot3_L1,C,,,,,,nan,0,nan,nan,nan,nan,nan,nan-nan
initial_water_temp_pot4_L1,C,,,,,,nan,0,nan,nan,nan,nan,nan,nan-nan
initial_pot1_mass_L1,lb,,,,,,nan,0,nan,nan,nan,nan,nan,nan-nan
initial_pot2_mass_L1,lb,,,,,,nan,0,nan,nan,nan,nan,nan,nan-nan
initial_pot3_mass_L1,lb,,,,,,nan,0,nan,nan,nan,nan,nan,nan-nan
initial_pot4_mass_L1,lb,,,,,,nan,0,nan,nan,nan,nan,nan,nan-nan
fire_start_material_L1,,,,,,,nan,0,nan,nan,nan,nan,nan,nan-nan
boil_time_L1,hh:mm:ss,,,,,,nan,0,nan,nan,nan,nan,nan,nan-nan
end_time_L1,hh:mm:ss,11:20:59,14:20:29,14:50:59,14:18:14,10:37:59,nan,0,nan,nan,nan,nan,nan,nan-nan
final_fuel_mass_1_L1,lb,0.8,0,0,0,.75,0.775,2,0.035,0.156,0.931,0.619,4.516,0.619-0.931
final_fuel_mass_2_L1,lb,0.8,1.5,1.6,1.2,.75,1.17,5,0.39,0.372,1.542,0.798,33.333,0.798-1.542
final_fuel_mass_3_L1,lb,0,0,0,0,0,nan,0,nan,nan,nan,nan,nan,nan-nan
max_water_temp_pot1_L1,C,,,,,,nan,0,nan,nan,nan,nan,nan,nan-nan
max_water_temp_pot2_L1,C,,,,,,nan,0,nan,nan,nan,nan,nan,nan-nan
max_water_temp_pot3_L1,C,,,,,,nan,0,nan,nan,nan,nan,nan,nan-nan
max_water_temp_pot4_L1,C,,,,,,nan,0,nan,nan,nan,nan,nan,nan-nan
end_water_temp_pot1_L1,C,,,,,,nan,0,nan,nan,nan,nan,nan,nan-nan
final_pot1_mass_L1,lb,,,,,,nan,0,nan,nan,nan,nan,nan,nan-nan
final_pot2_mass_L1,lb,,,,,,nan,0,nan,nan,nan,nan,nan,nan-nan
final_pot3_mass_L1,lb,,,,,,nan,0,nan,nan,nan,nan,nan,nan-nan
final_pot4_mass_L1,lb,,,,,,nan,0,nan,nan,nan,nan,nan,nan-nan
start_time_hp,hh:mm:ss,,,,,10:38:00,nan,0,nan,nan,nan,nan,nan,nan-nan
initial_fuel_mass_1_hp,lb,,,,,8.647,8.647,1,nan,nan,nan,nan,nan,nan-nan
initial_fuel_mass_2_hp,lb,0,0,0,0,.75,0.75,1,nan,nan,nan,nan,nan,nan-nan
initial_fuel_mass_3_hp,lb,0,0,0,0,0,nan,0,nan,nan,nan,nan,nan,nan-nan
initial_water_temp_pot1_hp,C,,,,,,nan,0,nan,nan,nan,nan,nan,nan-nan
initial_water_temp_pot2_hp,C,,,,,,nan,0,nan,nan,nan,nan,nan,nan-nan
initial_water_temp_pot3_hp,C,,,,,,nan,0,nan,nan,nan,nan,nan,nan-nan
initial_water_temp_pot4_hp,C,,,,,,nan,0,nan,nan,nan,nan,nan,nan-nan
initial_pot1_mass_hp,lb,,,,,,nan,0,nan,nan,nan,nan,nan,nan-nan
initial_pot2_mass_hp,lb,,,,,,nan,0,nan,nan,nan,nan,nan,nan-nan
initial_pot3_mass_hp,lb,,,,,,nan,0,nan,nan,nan,nan,nan,nan-nan
initial_pot4_mass_hp,lb,,,,,,nan,0,nan,nan,nan,nan,nan,nan-nan
fire_start_material_hp,,,,,,,nan,0,nan,nan,nan,nan,nan,nan-nan
boil_time_hp,hh:mm:ss,,,,,,nan,0,nan,nan,nan,nan,nan,nan-nan
end_time_hp,hh:mm:ss,,,,,11:50:59,nan,0,nan,nan,nan,nan,nan,nan-nan
final_fuel_mass_1_hp,lb,,,,,0.6,0.6,1,nan,nan,nan,nan,nan,nan-nan
final_fuel_mass_2_hp,lb,0,0,0,0,1,1.0,1,nan,nan,nan,nan,nan,nan-nan
final_fuel_mass_3_hp,lb,0,0,0,0,0,nan,0,nan,nan,nan,nan,nan,nan-nan
max_water_temp_pot1_hp,C,,,,,,nan,0,nan,nan,nan,nan,nan,nan-nan
max_water_temp_pot2_hp,C,,,,,,nan,0,nan,nan,nan,nan,nan,nan-nan
max_water_temp_pot3_hp,C,,,,,,nan,0,nan,nan,nan,nan,nan,nan-nan
max_water_temp_pot4_hp,C,,,,,,nan,0,nan,nan,nan,nan,nan,nan-nan
end_water_temp_pot1_hp,C,,,,,,nan,0,nan,nan,nan,nan,nan,nan-nan
final_pot1_mass_hp,lb,,,,,,nan,0,nan,nan,nan,nan,nan,nan-nan
final_pot2_mass_hp,lb,,,,,,nan,0,nan,nan,nan,nan,nan,nan-nan
final_pot3_mass_hp,lb,,,,,,nan,0,nan,nan,nan,nan,nan,nan-nan
final_pot4_mass_hp,lb,,,,,,nan,0,nan,nan,nan,nan,nan,nan-nan
start_time_mp,hh:mm:ss,,,,,11:51:00,nan,0,nan,nan,nan,nan,nan,nan-nan
initial_fuel_mass_1_mp,lb,,,,,7.649,7.649,1,nan,nan,nan,nan,nan,nan-nan
initial_fuel_mass_2_mp,lb,0,0,0,0,1,1.0,1,nan,nan,nan,nan,nan,nan-nan
initial_fuel_mass_3_mp,lb,0,0,0,0,0,nan,0,nan,nan,nan,nan,nan,nan-nan
initial_water_temp_pot1_mp,C,,,,,,nan,0,nan,nan,nan,nan,nan,nan-nan
initial_water_temp_pot2_mp,C,,,,,,nan,0,nan,nan,nan,nan,nan,nan-nan
initial_water_temp_pot3_mp,C,,,,,,nan,0,nan,nan,nan,nan,nan,nan-nan
initial_water_temp_pot4_mp,C,,,,,,nan,0,nan,nan,nan,nan,nan,nan-nan
initial_pot1_mass_mp,lb,,,,,,nan,0,nan,nan,nan,nan,nan,nan-nan
initial_pot2_mass_mp,lb,,,,,,nan,0,nan,nan,nan,nan,nan,nan-nan
initial_pot3_mass_mp,lb,,,,,,nan,0,nan,nan,nan,nan,nan,nan-nan
initial_pot4_mass_mp,lb,,,,,,nan,0,nan,nan,nan,nan,nan,nan-nan
boil_time_mp,hh:mm:ss,,,,,,nan,0,nan,nan,nan,nan,nan,nan-nan
end_time_mp,hh:mm:ss,,,,,14:22:59,nan,0,nan,nan,nan,nan,nan,nan-nan
final_fuel_mass_1_mp,lb,,,,,0,nan,0,nan,nan,nan,nan,nan,nan-nan
final_fuel_mass_2_mp,lb,0,0,0,0,1.5,1.5,1,nan,nan,nan,nan,nan,nan-nan
final_fuel_mass_3_mp,lb,0,0,0,0,0,nan,0,nan,nan,nan,nan,nan,nan-nan
max_water_temp_pot1_mp,C,,,,,,nan,0,nan,nan,nan,nan,nan,nan-nan
max_water_temp_pot2_mp,C,,,,,,nan,0,nan,nan,nan,nan,nan,nan-nan
max_water_temp_pot3_mp,C,,,,,,nan,0,nan,nan,nan,nan,nan,nan-nan
max_water_temp_pot4_mp,C,,,,,,nan,0,nan,nan,nan,nan,nan,nan-nan
end_water_temp_pot1_mp,C,,,,,,nan,0,nan,nan,nan,nan,nan,nan-nan
final_pot1_mass_mp,lb,,,,,,nan,0,nan,nan,nan,nan,nan,nan-nan
final_pot2_mass_mp,lb,,,,,,nan,0,nan,nan,nan,nan,nan,nan-nan
final_pot3_mass_mp,lb,,,,,,nan,0,nan,nan,nan,nan,nan,nan-nan
final_pot4_mass_mp,lb,,,,,,nan,0,nan,nan,nan,nan,nan,nan-nan
start_time_lp,hh:mm:ss,11:21:00,14:20:30,14:51:00,14:18:15,14:23:00,nan,0,nan,nan,nan,nan,nan,nan-nan
initial_fuel_mass_1_lp,lb,17,16.413,16.674,17.216,16.2,16.701,5,0.415,0.396,17.097,16.305,2.485,16.305-17.097
initial_fuel_mass_2_lp,lb,0.8,1.5,1.6,1.2,1.5,1.32,5,0.327,0.312,1.632,1.008,24.773,1.008-1.632
initial_fuel_mass_3_lp,lb,0,0,0,0,0,nan,0,nan,nan,nan,nan,nan,nan-nan
initial_water_temp_pot1_lp,C,,,,,,nan,0,nan,nan,nan,nan,nan,nan-nan
initial_water_temp_pot2_lp,C,,,,,,nan,0,nan,nan,nan,nan,nan,nan-nan
initial_water_temp_pot3_lp,C,,,,,,nan,0,nan,nan,nan,nan,nan,nan-nan
initial_water_temp_pot4_lp,C,,,,,,nan,0,nan,nan,nan,nan,nan,nan-nan
initial_pot1_mass_lp,lb,,,,,,nan,0,nan,nan,nan,nan,nan,nan-nan
initial_pot2_mass_lp,lb,,,,,,nan,0,nan,nan,nan,nan,nan,nan-nan
initial_pot3_mass_lp,lb,,,,,,nan,0,nan,nan,nan,nan,nan,nan-nan
initial_pot4_mass_lp,lb,,,,,,nan,0,nan,nan,nan,nan,nan,nan-nan
boil_time_lp,hh:mm:ss,,,,,,nan,0,nan,nan,nan,nan,nan,nan-nan
end_time_lp,hh:mm:ss,16:27:00,19:29:00,19:42:00,19:00:00,18:26:00,nan,0,nan,nan,nan,nan,nan,nan-nan
final_fuel_mass_1_lp,lb,0,0,0,0,0,nan,0,nan,nan,nan,nan,nan,nan-nan
final_fuel_mass_2_lp,lb,.901,.752,.583,.556,.584,0.675,5,0.148,0.141,0.816,0.534,21.926,0.534-0.816
final_fuel_mass_3_lp,lb,0,0,0,0,0,nan,0,nan,nan,nan,nan,nan,nan-nan
max_water_temp_pot1_lp,C,,,,,,nan,0,nan,nan,nan,nan,nan,nan-nan
max_water_temp_pot2_lp,C,,,,,,nan,0,nan,nan,nan,nan,nan,nan-nan
max_water_temp_pot3_lp,C,,,,,,nan,0,nan,nan,nan,nan,nan,nan-nan
max_water_temp_pot4_lp,C,,,,,,nan,0,nan,nan,nan,nan,nan,nan-nan
end_water_temp_pot1_lp,C,,,,,,nan,0,nan,nan,nan,nan,nan,nan-nan
final_pot1_mass_lp,lb,,,,,,nan,0,nan,nan,nan,nan,nan,nan-nan
final_pot2_mass_lp,lb,,,,,,nan,0,nan,nan,nan,nan,nan,nan-nan
final_pot3_mass_lp,lb,,,,,,nan,0,nan,nan,nan,nan,nan,nan-nan
final_pot4_mass_lp,lb,,,,,,nan,0,nan,nan,nan,nan,nan,nan-nan
start_time_L5,hh:mm:ss,,,,,,nan,0,nan,nan,nan,nan,nan,nan-nan
initial_fuel_mass_1_L5,lb,,,,,,nan,0,nan,nan,nan,nan,nan,nan-nan
initial_fuel_mass_2_L5,lb,0,0,0,0,0,nan,0,nan,nan,nan,nan,nan,nan-nan
initial_fuel_mass_3_L5,lb,0,0,0,0,0,nan,0,nan,nan,nan,nan,nan,nan-nan
initial_water_temp_pot1_L5,C,,,,,,nan,0,nan,nan,nan,nan,nan,nan-nan
initial_water_temp_pot2_L5,C,,,,,,nan,0,nan,nan,nan,nan,nan,nan-nan
initial_water_temp_pot3_L5,C,,,,,,nan,0,nan,nan,nan,nan,nan,nan-nan
initial_water_temp_pot4_L5,C,,,,,,nan,0,nan,nan,nan,nan,nan,nan-nan
initial_pot1_mass_L5,lb,,,,,,nan,0,nan,nan,nan,nan,nan,nan-nan
initial_pot2_mass_L5,lb,,,,,,nan,0,nan,nan,nan,nan,nan,nan-nan
initial_pot3_mass_L5,lb,,,,,,nan,0,nan,nan,nan,nan,nan,nan-nan
initial_pot4_mass_L5,lb,,,,,,nan,0,nan,nan,nan,nan,nan,nan-nan
boil_time_L5,hh:mm:ss,,,,,,nan,0,nan,nan,nan,nan,nan,nan-nan
end_time_L5,hh:mm:ss,,,,,,nan,0,nan,nan,nan,nan,nan,nan-nan
final_fuel_mass_1_L5,lb,,,,,,nan,0,nan,nan,nan,nan,nan,nan-nan
final_fuel_mass_2_L5,lb,0,0,0,0,0,nan,0,nan,nan,nan,nan,nan,nan-nan
final_fuel_mass_3_L5,lb,0,0,0,0,0,nan,0,nan,nan,nan,nan,nan,nan-nan
max_water_temp_pot1_L5,C,,,,,,nan,0,nan,nan,nan,nan,nan,nan-nan
max_water_temp_pot2_L5,C,,,,,,nan,0,nan,nan,nan,nan,nan,nan-nan
max_water_temp_pot3_L5,C,,,,,,nan,0,nan,nan,nan,nan,nan,nan-nan
max_water_temp_pot4_L5,C,,,,,,nan,0,nan,nan,nan,nan,nan,nan-nan
end_water_temp_pot1_L5,C,,,,,,nan,0,nan,nan,nan,nan,nan,nan-nan
final_pot1_mass_L5,lb,,,,,,nan,0,nan,nan,nan,nan,nan,nan-nan
final_pot2_mass_L5,lb,,,,,,nan,0,nan,nan,nan,nan,nan,nan-nan
final_pot3_mass_L5,lb,,,,,,nan,0,nan,nan,nan,nan,nan,nan-nan
final_pot4_mass_L5,lb,,,,,,nan,0,nan,nan,nan,nan,nan,nan-nan
weight_L1,,37.98,45.48,43.98,37.23,30.98,39.13,5,5.814,5.543,44.673,33.587,14.858,33.587-44.673
weight_hp,,,,,,72.98,72.98,1,nan,nan,nan,nan,nan,nan-nan
weight_mp,,,,,,151.98,151.98,1,nan,nan,nan,nan,nan,nan-nan
weight_lp,,306,308.5,291,281.75,243,286.05,5,26.449,25.216,311.266,260.834,9.246,260.834-311.266
weight_L5,,,,,,,nan,0,nan,nan,nan,nan,nan,nan-nan
weight_total,,343.98,353.98,334.98,318.98,498.95,370.174,5,73.128,69.72,439.894,300.454,19.755,300.454-439.894
fuel_mass_lb_L1_1,lb,6.454,7.501,7.357,7.268,6.563,7.029,5,0.484,0.461,7.49,6.568,6.886,6.568-7.49
fuel_mass_L1_1,kg,2.927482768,3.402393592,3.337076344,3.296706656,2.976924296,3.188,5,0.219,0.209,3.397,2.979,6.87,2.979-3.397
fuel_mass_lb_hp_1,lb,,,,,8.047,8.047,1,nan,nan,nan,nan,nan,nan-nan
fuel_mass_hp_1,kg,,,,,3.650054824,3.65,1,nan,nan,nan,nan,nan,nan-nan
fuel_mass_lb_mp_1,lb,,,,,7.649,7.649,1,nan,nan,nan,nan,nan,nan-nan
fuel_mass_mp_1,kg,,,,,3.469525208,3.47,1,nan,nan,nan,nan,nan,nan-nan
fuel_mass_lb_lp_1,lb,17.0,16.413,16.674,17.216,16.2,16.701,5,0.415,0.396,17.097,16.305,2.485,16.305-17.097
fuel_mass_lp_1,kg,7.711064,7.444805496,7.563193008,7.8090398720000005,7.3481904,7.575,5,0.188,0.179,7.754,7.396,2.482,7.396-7.754
fuel_mass_lb_L5_1,lb,,,,,,nan,0,nan,nan,nan,nan,nan,nan-nan
fuel_mass_L5_1,kg,,,,,,nan,0,nan,nan,nan,nan,nan,nan-nan
fuel_dry_mass_L1_1,kg,2.3419862144,2.7219148736000003,2.6696610752000005,2.6373653248,2.3815394368000002,2.55,5,0.175,0.167,2.717,2.383,6.863,2.383-2.717
fuel_dry_mass_hp_1,kg,,,,,2.9200438592,2.92,1,nan,nan,nan,nan,nan,nan-nan
fuel_dry_mass_mp_1,kg,,,,,2.7756201664,2.776,1,nan,nan,nan,nan,nan,nan-nan
fuel_dry_mass_lp_1,kg,6.168851200000001,5.9558443968,6.0505544064,6.247231897600001,5.878552320000001,6.06,5,0.151,0.144,6.204,5.916,2.492,5.916-6.204
fuel_dry_mass_L5_1,kg,,,,,,nan,0,nan,nan,nan,nan,nan,nan-nan
fuel_Cfrac_1,g/g,0.4,0.4,0.4,0.4,0.4,0.4,5,0.0,0.0,0.4,0.4,0.0,0.4-0.4
energy_consumed_L1_1,kJ,48324.5435479296,56163.99150186241,55085.78662567681,54419.396111923204,49140.6847389312,52626.881,5,3620.571,3451.819,56078.7,49175.062,6.88,49175.062-56078.7
energy_consumed_hp_1,kJ,,,,,60252.18499073281,60252.185,1,nan,nan,nan,nan,nan,nan-nan
energy_consumed_mp_1,kJ,,,,,57272.1465134976,57272.147,1,nan,nan,nan,nan,nan,nan-nan
energy_consumed_lp_1,kJ,127288.07566080001,122892.8932835712,124847.1396216576,128905.38297507842,121298.04857088001,125046.308,5,3108.227,2963.355,128009.663,122082.953,2.486,122082.953-128009.663
energy_consumed_L5_1,kJ,,,,,,nan,0,nan,nan,nan,nan,nan,nan-nan
fuel_net_calorific_value_1,kJ/kg,19314.0,19314.0,19314.0,19314.0,19314.0,19314.0,5,0.0,0.0,19314.0,19314.0,0.0,19314.0-19314.0
fuel_effective_calorific_value_1,kJ/kg,14962.6,14962.6,14962.6,14962.6,14962.6,14962.6,5,0.0,0.0,14962.6,14962.6,0.0,14962.6-14962.6
fuel_mass_lb_L1_2,lb,-0.8,-1.5,-1.6,-1.2,-0.75,-1.17,5,0.39,0.372,-0.798,-1.542,-33.333,-1.542--0.798
fuel_mass_L1_2,kg,-0.3628736,-0.680388,-0.7257472,-0.5443104,-0.340194,-0.531,5,0.177,0.169,-0.362,-0.7,-33.333,-0.7--0.362
fuel_mass_lb_hp_2,lb,0.0,0.0,0.0,0.0,-0.25,-0.25,1,nan,nan,nan,nan,nan,nan-nan
fuel_mass_hp_2,kg,0.0,0.0,0.0,0.0,-0.113398,-0.113,1,nan,nan,nan,nan,nan,nan-nan
fuel_mass_lb_mp_2,lb,0.0,0.0,0.0,0.0,-0.5,-0.5,1,nan,nan,nan,nan,nan,nan-nan
fuel_mass_mp_2,kg,0.0,0.0,0.0,0.0,-0.226796,-0.227,1,nan,nan,nan,nan,nan,nan-nan
fuel_mass_lb_lp_2,lb,-0.10099999999999998,0.748,1.0170000000000001,0.6439999999999999,0.916,0.645,5,0.441,0.42,1.065,0.225,68.372,0.225-1.065
fuel_mass_lp_2,kg,-0.04581279199999999,0.339286816,0.46130306400000004,0.29211324799999994,0.415490272,0.292,5,0.2,0.191,0.483,0.101,68.493,0.101-0.483
fuel_mass_lb_L5_2,lb,0.0,0.0,0.0,0.0,0.0,nan,0,nan,nan,nan,nan,nan,nan-nan
fuel_mass_L5_2,kg,0.0,0.0,0.0,0.0,0.0,nan,0,nan,nan,nan,nan,nan,nan-nan
fuel_dry_mass_L1_2,kg,-0.3628736,-0.680388,-0.7257472,-0.5443104,-0.340194,-0.531,5,0.177,0.169,-0.362,-0.7,-33.333,-0.7--0.362
fuel_dry_mass_hp_2,kg,0.0,0.0,0.0,0.0,-0.113398,-0.113,1,nan,nan,nan,nan,nan,nan-nan
fuel_dry_mass_mp_2,kg,0.0,0.0,0.0,0.0,-0.226796,-0.227,1,nan,nan,nan,nan,nan,nan-nan
fuel_dry_mass_lp_2,kg,-0.04581279199999999,0.339286816,0.46130306400000004,0.29211324799999994,0.415490272,0.292,5,0.2,0.191,0.483,0.101,68.493,0.101-0.483
fuel_dry_mass_L5_2,kg,0.0,0.0,0.0,0.0,0.0,nan,0,nan,nan,nan,nan,nan,nan-nan
fuel_Cfrac_2,g/g,0.9,0.9,0.9,0.9,0.9,0.9,5,0.0,0.0,0.9,0.9,0.0,0.9-0.9
energy_consumed_L1_2,kJ,-11793.392,-22112.61,-23586.784,-17690.088,-11056.305,-17247.836,5,5747.388,5479.507,-11768.329,-22727.343,-33.322,-22727.343--11768.329
energy_consumed_hp_2,kJ,0.0,0.0,0.0,0.0,-3685.435,-3685.435,1,nan,nan,nan,nan,nan,nan-nan
energy_consumed_mp_2,kJ,0.0,0.0,0.0,0.0,-7370.87,-7370.87,1,nan,nan,nan,nan,nan,nan-nan
energy_consumed_lp_2,kJ,-1488.9157399999997,11026.82152,14992.349580000002,9493.680559999997,13503.43384,9505.474,5,6505.396,6202.185,15707.659,3303.289,68.438,3303.289-15707.659
energy_consumed_L5_2,kJ,0.0,0.0,0.0,0.0,0.0,nan,0,nan,nan,nan,nan,nan,nan-nan
fuel_net_calorific_value_2,kJ/kg,31300.0,31300.0,31300.0,31300.0,31300.0,31300.0,5,0.0,0.0,31300.0,31300.0,0.0,31300.0-31300.0
fuel_effective_calorific_value_2,kJ/kg,31300.0,31300.0,31300.0,31300.0,31300.0,31300.0,5,0.0,0.0,31300.0,31300.0,0.0,31300.0-31300.0
p_ambient,Pa,98194.0,99175.94,98464.87999999999,98634.18,98464.87999999999,98586.776,5,365.155,348.135,98934.911,98238.641,0.37,98238.641-98934.911
boil_temp,C,99.11691894456544,99.39325179848123,99.193382693888,99.2410816938667,99.193382693888,99.228,5,0.103,0.098,99.326,99.13,0.104,99.13-99.326
Hvap,kJ/kg,2261.523314820625,2261.04664064762,2261.3914148530434,2261.3091340780798,2261.3914148530434,2261.332,5,0.177,0.169,2261.501,2261.163,0.008,2261.163-2261.501
char_lower_heating_value,kJ/kg,,,,,,nan,0,nan,nan,nan,nan,nan,nan-nan
phase_time_L1,min,37.983333333333334,45.483333333333334,43.983333333333334,37.233333333333334,30.983333333333334,39.133,5,5.814,5.543,44.676,33.59,14.857,33.59-44.676
time_to_boil_L1,min,,,,,,nan,0,nan,nan,nan,nan,nan,nan-nan
fuel_mass_L1,kg,2.564609168,2.7220055920000004,2.611329144,2.752396256,2.636730296,2.657,5,0.078,0.074,2.731,2.583,2.936,2.583-2.731
fuel_mass_wo_char_L1,kg,2.927482768,3.402393592,3.337076344,3.296706656,2.976924296,3.188,5,0.219,0.209,3.397,2.979,6.87,2.979-3.397
fuel_dry_mass_L1,kg,1.9791126144,2.0415268736000005,1.9439138752000005,2.0930549248,2.0413454368000004,2.02,5,0.059,0.056,2.076,1.964,2.921,1.964-2.076
char_mass_L1,kg,0.3628736,0.680388,0.7257472,0.5443104,0.340194,0.531,5,0.177,0.169,0.7,0.362,33.333,0.362-0.7
energy_consumed_L1,kJ,36531.1515479296,34051.38150186241,31499.00262567681,36729.30811192321,38084.3797389312,35379.045,5,2611.839,2490.103,37869.148,32888.942,7.382,32888.942-37869.148
fuel_net_calorific_value_L1,kJ/kg,17618.067916519278,16317.999333444423,15982.820566267153,16943.663810151615,17767.55238259074,16926.021,5,782.102,745.649,17671.67,16180.372,4.621,16180.372-17671.67
fuel_EHV_L1,kJ/kg,12650.976370711001,10878.930611564738,10422.068473163108,11731.736453526697,12854.72970927232,11707.688,5,1066.036,1016.349,12724.037,10691.339,9.105,10691.339-12724.037
fuel_EHV_wo_char_L1,kJ/kg,14962.599999999999,14962.6,14962.6,14962.6,14962.6,14962.6,5,0.0,0.0,14962.6,14962.6,0.0,14962.6-14962.6
fuel_Cfrac_L1,g/g,0.32925362575168016,0.27502082986168974,0.2610387354524927,0.30112063282794993,0.3354894202649235,0.3,5,0.033,0.031,0.331,0.269,11.0,0.269-0.331
initial_water_mass_pot1_L1,kg,,,,,,nan,0,nan,nan,nan,nan,nan,nan-nan
final_water_mass_pot1_L1,kg,,,,,,nan,0,nan,nan,nan,nan,nan,nan-nan
useful_energy_delivered_pot1_L1,kJ,,,,,,nan,0,nan,nan,nan,nan,nan,nan-nan
initial_water_mass_pot2_L1,kg,,,,,,nan,0,nan,nan,nan,nan,nan,nan-nan
final_water_mass_pot2_L1,kg,,,,,,nan,0,nan,nan,nan,nan,nan,nan-nan
useful_energy_delivered_pot2_L1,kJ,,,,,,nan,0,nan,nan,nan,nan,nan,nan-nan
initial_water_mass_pot3_L1,kg,,,,,,nan,0,nan,nan,nan,nan,nan,nan-nan
final_water_mass_pot3_L1,kg,,,,,,nan,0,nan,nan,nan,nan,nan,nan-nan
useful_energy_delivered_pot3_L1,kJ,,,,,,nan,0,nan,nan,nan,nan,nan,nan-nan
initial_water_mass_pot4_L1,kg,,,,,,nan,0,nan,nan,nan,nan,nan,nan-nan
final_water_mass_pot4_L1,kg,,,,,,nan,0,nan,nan,nan,nan,nan,nan-nan
useful_energy_delivered_pot4_L1,kJ,,,,,,nan,0,nan,nan,nan,nan,nan,nan-nan
useful_energy_delivered_L1,kJ,,,,,,nan,0,nan,nan,nan,nan,nan,nan-nan
cooking_power_L1,kW,,,,,,nan,0,nan,nan,nan,nan,nan,nan-nan
eff_wo_char_L1,%,,,,,,nan,0,nan,nan,nan,nan,nan,nan-nan
eff_w_char_L1,%,,,,,,nan,0,nan,nan,nan,nan,nan,nan-nan
EHV_char_L1,kJ/kg,31300.0,31300.000000000004,31300.0,31300.0,31300.000000000004,31300.0,5,0.0,0.0,31300.0,31300.0,0.0,31300.0-31300.0
char_energy_productivity_L1,%,35.00696624647887,71.9160396366654,83.46687783786759,52.761570373579225,31.41538081895925,54.913,5,22.68,21.623,76.536,33.29,41.302,33.29-76.536
char_mass_productivity_L1,%,14.149274849663957,24.995834027662053,27.79225290950148,19.77587343441002,12.90211594701531,19.923,5,6.525,6.221,26.144,13.702,32.751,13.702-26.144
burn_rate_L1,g/min,67.51932868802106,59.846220417735445,59.3708786055324,73.92290750223813,85.10156953200645,69.152,5,10.748,10.247,79.399,58.905,15.543,58.905-79.399
burn_rate_dry_L1,g/min,52.10476387187363,44.885163948699166,44.1966019370974,56.214545876454785,65.88527499085531,52.657,5,8.943,8.526,61.183,44.131,16.983,44.131-61.183
firepower_w_char_L1,kW,14.236423863307065,10.851047988149212,10.312789368978555,14.454067811578154,18.232627902813125,13.617,5,3.2,3.051,16.668,10.566,23.5,10.566-16.668
phase_time_hp,min,,,,,72.98333333333333,72.983,1,nan,nan,nan,nan,nan,nan-nan
time_to_boil_hp,min,,,,,,nan,0,nan,nan,nan,nan,nan,nan-nan
fuel_mass_hp,kg,,,,,3.536656824,3.537,1,nan,nan,nan,nan,nan,nan-nan
fuel_mass_wo_char_hp,kg,,,,,3.650054824,3.65,1,nan,nan,nan,nan,nan,nan-nan
fuel_dry_mass_hp,kg,,,,,2.8066458592,2.807,1,nan,nan,nan,nan,nan,nan-nan
char_mass_hp,kg,0.0,0.0,0.0,0.0,0.113398,0.113,1,nan,nan,nan,nan,nan,nan-nan
energy_consumed_hp,kJ,,,,,56566.74999073281,56566.75,1,nan,nan,nan,nan,nan,nan-nan
fuel_net_calorific_value_hp,kJ/kg,,,,,18929.685520071824,18929.686,1,nan,nan,nan,nan,nan,nan-nan
fuel_EHV_hp,kJ/kg,,,,,14438.763909195846,14438.764,1,nan,nan,nan,nan,nan,nan-nan
fuel_EHV_wo_char_hp,kJ/kg,,,,,14962.6,14962.6,1,nan,nan,nan,nan,nan,nan-nan
fuel_Cfrac_hp,g/g,,,,,0.38396819289470313,0.384,1,nan,nan,nan,nan,nan,nan-nan
initial_water_mass_pot1_hp,kg,,,,,,nan,0,nan,nan,nan,nan,nan,nan-nan
final_water_mass_pot1_hp,kg,,,,,,nan,0,nan,nan,nan,nan,nan,nan-nan
useful_energy_delivered_pot1_hp,kJ,,,,,,nan,0,nan,nan,nan,nan,nan,nan-nan
initial_water_mass_pot2_hp,kg,,,,,,nan,0,nan,nan,nan,nan,nan,nan-nan
final_water_mass_pot2_hp,kg,,,,,,nan,0,nan,nan,nan,nan,nan,nan-nan
useful_energy_delivered_pot2_hp,kJ,,,,,,nan,0,nan,nan,nan,nan,nan,nan-nan
initial_water_mass_pot3_hp,kg,,,,,,nan,0,nan,nan,nan,nan,nan,nan-nan
final_water_mass_pot3_hp,kg,,,,,,nan,0,nan,nan,nan,nan,nan,nan-nan
useful_energy_delivered_pot3_hp,kJ,,,,,,nan,0,nan,nan,nan,nan,nan,nan-nan
initial_water_mass_pot4_hp,kg,,,,,,nan,0,nan,nan,nan,nan,nan,nan-nan
final_water_mass_pot4_hp,kg,,,,,,nan,0,nan,nan,nan,nan,nan,nan-nan
useful_energy_delivered_pot4_hp,kJ,,,,,,nan,0,nan,nan,nan,nan,nan,nan-nan
useful_energy_delivered_hp,kJ,,,,,,nan,0,nan,nan,nan,nan,nan,nan-nan
cooking_power_hp,kW,,,,,,nan,0,nan,nan,nan,nan,nan,nan-nan
eff_wo_char_hp,%,,,,,,nan,0,nan,nan,nan,nan,nan,nan-nan
eff_w_char_hp,%,,,,,,nan,0,nan,nan,nan,nan,nan,nan-nan
EHV_char_hp,kJ/kg,,,,,31300.0,31300.0,1,nan,nan,nan,nan,nan,nan-nan
char_energy_productivity_hp,%,,,,,6.950672031921052,6.951,1,nan,nan,nan,nan,nan,nan-nan
char_mass_productivity_hp,%,,,,,3.206361421059382,3.206,1,nan,nan,nan,nan,nan,nan-nan
burn_rate_hp,g/min,,,,,48.45841731902261,48.458,1,nan,nan,nan,nan,nan,nan-nan
burn_rate_dry_hp,g/min,,,,,38.455983455583464,38.456,1,nan,nan,nan,nan,nan,nan-nan
firepower_w_char_hp,kW,,,,,11.661327451377575,11.661,1,nan,nan,nan,nan,nan,nan-nan
phase_time_mp,min,,,,,151.98333333333332,151.983,1,nan,nan,nan,nan,nan,nan-nan
time_to_boil_mp,min,,,,,,nan,0,nan,nan,nan,nan,nan,nan-nan
fuel_mass_mp,kg,,,,,3.242729208,3.243,1,nan,nan,nan,nan,nan,nan-nan
fuel_mass_wo_char_mp,kg,,,,,3.469525208,3.47,1,nan,nan,nan,nan,nan,nan-nan
fuel_dry_mass_mp,kg,,,,,2.5488241664,2.549,1,nan,nan,nan,nan,nan,nan-nan
char_mass_mp,kg,0.0,0.0,0.0,0.0,0.226796,0.227,1,nan,nan,nan,nan,nan,nan-nan
energy_consumed_mp,kJ,,,,,49901.2765134976,49901.277,1,nan,nan,nan,nan,nan,nan-nan
fuel_net_calorific_value_mp,kJ/kg,,,,,18475.700937194015,18475.701,1,nan,nan,nan,nan,nan,nan-nan
fuel_EHV_mp,kJ/kg,,,,,13819.964666386906,13819.965,1,nan,nan,nan,nan,nan,nan-nan
fuel_EHV_wo_char_mp,kJ/kg,,,,,14962.6,14962.6,1,nan,nan,nan,nan,nan,nan-nan
fuel_Cfrac_mp,g/g,,,,,0.3650300741362428,0.365,1,nan,nan,nan,nan,nan,nan-nan
initial_water_mass_pot1_mp,kg,,,,,,nan,0,nan,nan,nan,nan,nan,nan-nan
final_water_mass_pot1_mp,kg,,,,,,nan,0,nan,nan,nan,nan,nan,nan-nan
useful_energy_delivered_pot1_mp,kJ,,,,,,nan,0,nan,nan,nan,nan,nan,nan-nan
initial_water_mass_pot2_mp,kg,,,,,,nan,0,nan,nan,nan,nan,nan,nan-nan
final_water_mass_pot2_mp,kg,,,,,,nan,0,nan,nan,nan,nan,nan,nan-nan
useful_energy_delivered_pot2_mp,kJ,,,,,,nan,0,nan,nan,nan,nan,nan,nan-nan
initial_water_mass_pot3_mp,kg,,,,,,nan,0,nan,nan,nan,nan,nan,nan-nan
final_water_mass_pot3_mp,kg,,,,,,nan,0,nan,nan,nan,nan,nan,nan-nan
useful_energy_delivered_pot3_mp,kJ,,,,,,nan,0,nan,nan,nan,nan,nan,nan-nan
initial_water_mass_pot4_mp,kg,,,,,,nan,0,nan,nan,nan,nan,nan,nan-nan
final_water_mass_pot4_mp,kg,,,,,,nan,0,nan,nan,nan,nan,nan,nan-nan
useful_energy_delivered_pot4_mp,kJ,,,,,,nan,0,nan,nan,nan,nan,nan,nan-nan
useful_energy_delivered_mp,kJ,,,,,,nan,0,nan,nan,nan,nan,nan,nan-nan
cooking_power_mp,kW,,,,,,nan,0,nan,nan,nan,nan,nan,nan-nan
eff_wo_char_mp,%,,,,,,nan,0,nan,nan,nan,nan,nan,nan-nan
eff_w_char_mp,%,,,,,,nan,0,nan,nan,nan,nan,nan,nan-nan
EHV_char_mp,kJ/kg,,,,,31300.0,31300.0,1,nan,nan,nan,nan,nan,nan-nan
char_energy_productivity_mp,%,,,,,15.840252937806692,15.84,1,nan,nan,nan,nan,nan,nan-nan
char_mass_productivity_mp,%,,,,,6.993985172751434,6.994,1,nan,nan,nan,nan,nan,nan-nan
burn_rate_mp,g/min,,,,,21.336084272398292,21.336,1,nan,nan,nan,nan,nan,nan-nan
burn_rate_dry_mp,g/min,,,,,16.770418903827178,16.77,1,nan,nan,nan,nan,nan,nan-nan
firepower_w_char_mp,kW,,,,,4.914398846059963,4.914,1,nan,nan,nan,nan,nan,nan-nan
phase_time_lp,min,306.0,308.5,291.0,281.75,243.0,286.05,5,26.449,25.216,311.266,260.834,9.246,260.834-311.266
time_to_boil_lp,min,,,,,,nan,0,nan,nan,nan,nan,nan,nan-nan
fuel_mass_lp,kg,7.665251208000001,7.784092312,8.024496072,8.101153120000001,7.763680672,7.868,5,0.186,0.177,8.045,7.691,2.364,7.691-8.045
fuel_mass_wo_char_lp,kg,7.711064,7.444805496,7.563193008,7.8090398720000005,7.3481904,7.575,5,0.188,0.179,7.754,7.396,2.482,7.396-7.754
fuel_dry_mass_lp,kg,6.123038408000001,6.295131212799999,6.5118574704,6.5393451456000005,6.294042592,6.353,5,0.173,0.165,6.518,6.188,2.723,6.188-6.518
char_mass_lp,kg,0.04581279199999999,-0.339286816,-0.46130306400000004,-0.29211324799999994,-0.415490272,-0.292,5,0.2,0.191,-0.101,-0.483,-68.493,-0.483--0.101
energy_consumed_lp,kJ,125799.15992080001,133919.7148035712,139839.4892016576,138399.06353507843,134801.48241088,134551.782,5,5473.383,5218.273,139770.055,129333.509,4.068,129333.509-139770.055
fuel_net_calorific_value_lp,kJ/kg,19242.36345345878,19836.4362216654,20003.03747668306,19746.193952967522,19955.456882449173,19756.698,5,304.63,290.431,20047.129,19466.267,1.542,19466.267-20047.129
fuel_EHV_lp,kJ/kg,14864.956506302147,15674.701579162052,15901.785789384434,15551.697737961924,15836.931526057491,15566.015,5,415.222,395.869,15961.884,15170.146,2.667,15170.146-15961.884
fuel_EHV_wo_char_lp,kJ/kg,14962.6,14962.6,14962.6,14962.6,14962.6,14962.6,5,0.0,0.0,14962.6,14962.6,0.0,14962.6-14962.6
fuel_Cfrac_lp,g/g,0.39701165749452627,0.4217936017714585,0.4287434288621333,0.41802911534154535,0.42675858845524667,0.418,5,0.013,0.012,0.43,0.406,3.11,0.406-0.43
initial_water_mass_pot1_lp,kg,,,,,,nan,0,nan,nan,nan,nan,nan,nan-nan
final_water_mass_pot1_lp,kg,,,,,,nan,0,nan,nan,nan,nan,nan,nan-nan
useful_energy_delivered_pot1_lp,kJ,,,,,,nan,0,nan,nan,nan,nan,nan,nan-nan
initial_water_mass_pot2_lp,kg,,,,,,nan,0,nan,nan,nan,nan,nan,nan-nan
final_water_mass_pot2_lp,kg,,,,,,nan,0,nan,nan,nan,nan,nan,nan-nan
useful_energy_delivered_pot2_lp,kJ,,,,,,nan,0,nan,nan,nan,nan,nan,nan-nan
initial_water_mass_pot3_lp,kg,,,,,,nan,0,nan,nan,nan,nan,nan,nan-nan
final_water_mass_pot3_lp,kg,,,,,,nan,0,nan,nan,nan,nan,nan,nan-nan
useful_energy_delivered_pot3_lp,kJ,,,,,,nan,0,nan,nan,nan,nan,nan,nan-nan
initial_water_mass_pot4_lp,kg,,,,,,nan,0,nan,nan,nan,nan,nan,nan-nan
final_water_mass_pot4_lp,kg,,,,,,nan,0,nan,nan,nan,nan,nan,nan-nan
useful_energy_delivered_pot4_lp,kJ,,,,,,nan,0,nan,nan,nan,nan,nan,nan-nan
useful_energy_delivered_lp,kJ,,,,,,nan,0,nan,nan,nan,nan,nan,nan-nan
cooking_power_lp,kW,,,,,,nan,0,nan,nan,nan,nan,nan,nan-nan
eff_wo_char_lp,%,,,,,,nan,0,nan,nan,nan,nan,nan,nan-nan
eff_w_char_lp,%,,,,,,nan,0,nan,nan,nan,nan,nan,nan-nan
EHV_char_lp,kJ/kg,31300.0,31299.999999999996,31300.0,31300.0,31300.0,31300.0,5,0.0,0.0,31300.0,31300.0,0.0,31300.0-31300.0
char_energy_productivity_lp,%,1.2584647709082972,-8.703702995577139,-11.315324395645739,-7.257230942868406,-10.57709717657305,-7.319,5,5.052,4.817,-2.502,-12.136,-69.026,-12.136--2.502
char_mass_productivity_lp,%,0.5976685010947391,-4.358720354291708,-5.748685772426658,-3.605823068309069,-5.351717691049311,-3.693,5,2.542,2.424,-1.269,-6.117,-68.833,-6.117--1.269
burn_rate_lp,g/min,25.04984054901961,25.232065841166936,27.575587876288658,28.752983566992018,31.949303176954732,27.712,5,2.841,2.709,30.421,25.003,10.252,25.003-30.421
burn_rate_dry_lp,g/min,20.0099294379085,20.405611710858995,22.37751708041237,23.209743196450756,25.901409843621398,22.381,5,2.377,2.266,24.647,20.115,10.621,20.115-24.647
firepower_w_char_lp,kW,6.206079837516341,6.591751704767671,7.308351523751478,7.452628491640769,8.432982111978053,7.198,5,0.859,0.819,8.017,6.379,11.934,6.379-8.017
phase_time_L5,min,,,,,,nan,0,nan,nan,nan,nan,nan,nan-nan
time_to_boil_L5,min,,,,,,nan,0,nan,nan,nan,nan,nan,nan-nan
fuel_mass_L5,kg,,,,,,nan,0,nan,nan,nan,nan,nan,nan-nan
fuel_mass_wo_char_L5,kg,,,,,,nan,0,nan,nan,nan,nan,nan,nan-nan
fuel_dry_mass_L5,kg,,,,,,nan,0,nan,nan,nan,nan,nan,nan-nan
char_mass_L5,kg,0.0,0.0,0.0,0.0,0.0,nan,0,nan,nan,nan,nan,nan,nan-nan
energy_consumed_L5,kJ,,,,,,nan,0,nan,nan,nan,nan,nan,nan-nan
fuel_net_calorific_value_L5,kJ/kg,,,,,,nan,0,nan,nan,nan,nan,nan,nan-nan
fuel_EHV_L5,kJ/kg,,,,,,nan,0,nan,nan,nan,nan,nan,nan-nan
fuel_EHV_wo_char_L5,kJ/kg,,,,,,nan,0,nan,nan,nan,nan,nan,nan-nan
fuel_Cfrac_L5,g/g,,,,,,nan,0,nan,nan,nan,nan,nan,nan-nan
initial_water_mass_pot1_L5,kg,,,,,,nan,0,nan,nan,nan,nan,nan,nan-nan
final_water_mass_pot1_L5,kg,,,,,,nan,0,nan,nan,nan,nan,nan,nan-nan
useful_energy_delivered_pot1_L5,kJ,,,,,,nan,0,nan,nan,nan,nan,nan,nan-nan
initial_water_mass_pot2_L5,kg,,,,,,nan,0,nan,nan,nan,nan,nan,nan-nan
final_water_mass_pot2_L5,kg,,,,,,nan,0,nan,nan,nan,nan,nan,nan-nan
useful_energy_delivered_pot2_L5,kJ,,,,,,nan,0,nan,nan,nan,nan,nan,nan-nan
initial_water_mass_pot3_L5,kg,,,,,,nan,0,nan,nan,nan,nan,nan,nan-nan
final_water_mass_pot3_L5,kg,,,,,,nan,0,nan,nan,nan,nan,nan,nan-nan
useful_energy_delivered_pot3_L5,kJ,,,,,,nan,0,nan,nan,nan,nan,nan,nan-nan
initial_water_mass_pot4_L5,kg,,,,,,nan,0,nan,nan,nan,nan,nan,nan-nan
final_water_mass_pot4_L5,kg,,,,,,nan,0,nan,nan,nan,nan,nan,nan-nan
useful_energy_delivered_pot4_L5,kJ,,,,,,nan,0,nan,nan,nan,nan,nan,nan-nan
useful_energy_delivered_L5,kJ,,,,,,nan,0,nan,nan,nan,nan,nan,nan-nan
cooking_power_L5,kW,,,,,,nan,0,nan,nan,nan,nan,nan,nan-nan
eff_wo_char_L5,%,,,,,,nan,0,nan,nan,nan,nan,nan,nan-nan
eff_w_char_L5,%,,,,,,nan,0,nan,nan,nan,nan,nan,nan-nan
EHV_char_L5,kJ/kg,,,,,,nan,0,nan,nan,nan,nan,nan,nan-nan
char_energy_productivity_L5,%,,,,,,nan,0,nan,nan,nan,nan,nan,nan-nan
char_mass_productivity_L5,%,,,,,,nan,0,nan,nan,nan,nan,nan,nan-nan
burn_rate_L5,g/min,,,,,,nan,0,nan,nan,nan,nan,nan,nan-nan
burn_rate_dry_L5,g/min,,,,,,nan,0,nan,nan,nan,nan,nan,nan-nan
firepower_w_char_L5,kW,,,,,,nan,0,nan,nan,nan,nan,nan,nan-nan
eff_wo_char_weighted,%,0.0,0.0,0.0,0.0,0.0,nan,0,nan,nan,nan,nan,nan,nan-nan
eff_w_char_weighted,%,0.0,0.0,0.0,0.0,0.0,nan,0,nan,nan,nan,nan,nan,nan-nan
char_energy_productivity_weighted,%,4.984751433046125,1.6544694856771418,1.1287655626500275,-0.2520896393028371,2.6408970242340235,2.031,5,1.954,1.863,3.894,0.168,96.209,0.168-3.894
char_mass_productivity_weighted,%,2.0939473810257203,-0.5871933378182992,-1.345048291886925,-0.87681008694274,0.7940400364309625,0.016,5,1.409,1.343,1.359,-1.327,8806.25,-1.327-1.359
cooking_power_weighted,kW,0.0,0.0,0.0,0.0,0.0,nan,0,nan,nan,nan,nan,nan,nan-nan
burn_rate_weighted,g/min,29.73904096625106,29.679355942704692,31.750036757631243,34.025026541815556,34.43086617850069,31.925,5,2.266,2.16,34.085,29.765,7.098,29.765-34.085
phase_time_total,min,343.98333333333335,353.98333333333335,334.98333333333335,318.98333333333335,498.95,370.177,5,73.127,69.719,439.896,300.458,19.755,300.458-439.896
fuel_dry_mass_total,kg,8.102151022400001,8.3366580864,8.4557713456,8.632400070400001,13.6908580544,9.444,5,2.382,2.271,11.715,7.173,25.222,7.173-11.715
PMsample_mass_L1,g,0.0019000000000000128,0.0019699999999999995,0.005269999999999997,0.0008900000000000019,0.0011199999999999821,0.002,5,0.002,0.002,0.004,0.0,100.0,0.0-0.004
Qsample_L1,l/min,16.7,16.7,16.7,16.7,16.7,16.7,5,0.0,0.0,16.7,16.7,0.0,16.7-16.7
grav_phase_time,min,306.0,308.5,291.0,281.75,243.0,286.05,5,26.449,25.216,311.266,260.834,9.246,260.834-311.266
PMmass_L1,gm^-3,0.002995325715396786,0.0025935669884123128,0.007174737300692279,0.0014313360744938068,0.0021645788573471307,0.003,5,0.002,0.002,0.005,0.001,66.667,0.001-0.005
PMsample_mass_hp,g,,,,,0.014260000000000023,0.014,1,nan,nan,nan,nan,nan,nan-nan
Qsample_hp,l/min,,,,,16.7,16.7,1,nan,nan,nan,nan,nan,nan-nan
PMsample_mass_lp,g,0.004170000000000007,0.011560000000000015,0.005449999999999983,0.010810000000000014,0.007590000000000013,0.008,5,0.003,0.003,0.011,0.005,37.5,0.005-0.011
PMmass_hp,gm^-3,,,,,0.011699824830813391,0.012,1,nan,nan,nan,nan,nan,nan-nan
PMsample_mass_mp,g,,,,,0.0012899999999999856,0.001,1,nan,nan,nan,nan,nan,nan-nan
Qsample_mp,l/min,,,,,16.7,16.7,1,nan,nan,nan,nan,nan,nan-nan
Qsample_lp,l/min,16.7,16.7,16.7,16.7,16.7,16.7,5,0.0,0.0,16.7,16.7,0.0,16.7-16.7
PMmass_mp,gm^-3,,,,,0.0005082498671918104,0.001,1,nan,nan,nan,nan,nan,nan-nan
PMmass_lp,gm^-3,0.0008160150287659958,0.002243810595987939,0.001121468403399373,0.002297445924477581,0.001870333407259554,0.002,5,0.001,0.001,0.003,0.001,50.0,0.001-0.003
CO_ECtemp_L1,degC,15.64535087719298,14.987985347985349,13.593863636363638,12.748903803131991,13.659408602150538,14.127,5,1.167,1.113,15.24,13.014,8.261,13.014-15.24
CO_ECtemp_prebkg,degC,13.827620632279537,13.73793677204659,12.279034941763728,11.423294509151413,12.18901830282862,12.691,5,1.051,1.002,13.693,11.689,8.281,11.689-13.693
CO_ECtemp_lp,degC,23.637459833342408,21.87480957268651,20.878323120096212,24.419892345912693,22.65984500377203,22.694,5,1.4,1.335,24.029,21.359,6.169,21.359-24.029
CO_ECtemp_postbkg,degC,18.21747088186356,17.958069883527457,15.146089850249583,19.163893510815306,15.574875207986686,17.212,5,1.755,1.673,18.885,15.539,10.196,15.539-18.885
CO_hp,ppm,,,,,53.08302673056784,53.083,1,nan,nan,nan,nan,nan,nan-nan
CO_ECtemp_hp,degC,,,,,16.63296803652968,16.633,1,nan,nan,nan,nan,nan,nan-nan
CO_lp,ppm,59.86914016650053,68.80019928612448,47.76528851269794,58.57629022080759,55.74641228608052,58.151,5,7.586,7.232,65.383,50.919,13.045,50.919-65.383
CO2_L1,ppm,1392.3630352154903,1321.4427364480991,1125.2045608884757,1511.1036812431091,1601.1465143780852,1390.252,5,183.078,174.545,1564.797,1215.707,13.169,1215.707-1564.797
CO2_lp,ppm,570.1023432876189,549.914805903119,673.3691436530647,677.1585576381873,714.2265343075578,636.954,5,72.385,69.011,705.965,567.943,11.364,567.943-705.965
CO_mp,ppm,,,,,57.976867915009976,57.977,1,nan,nan,nan,nan,nan,nan-nan
CO_ECtemp_mp,degC,,,,,21.913563596491226,21.914,1,nan,nan,nan,nan,nan,nan-nan
PM_L1,Mm^-1,307.4819554965966,219.69579715544305,1270.078028035608,141.83228112958426,133.97222563578387,414.612,5,483.337,460.809,875.421,-46.197,116.576,-46.197-875.421
PM_lp,Mm^-1,104.49560391932195,305.85279995602474,189.67476144466107,470.1201441505375,217.92645389601327,257.614,5,138.854,132.382,389.996,125.232,53.9,125.232-389.996
P_amb,Pa,95654.5,96636.43999999999,95925.37999999999,96094.68,95925.37999999999,96047.276,5,365.155,348.135,96395.411,95699.141,0.38,95699.141-96395.411
P_duct,Pa,95653.75,96635.68999999999,95924.62999999999,96093.93,95924.62999999999,96046.526,5,365.155,348.135,96394.661,95698.391,0.38,95698.391-96394.661
MSC_L1,m^2/g,0.10265392972659246,0.08470797096701617,0.17702084059761458,0.09909083104730884,0.06189297524599208,0.105,5,0.043,0.041,0.146,0.064,40.952,0.064-0.146
CO2_hp,ppm,,,,,1066.0841189676264,1066.084,1,nan,nan,nan,nan,nan,nan-nan
CO2_mp,ppm,,,,,652.1207994644278,652.121,1,nan,nan,nan,nan,nan,nan-nan
MCE_L1,mol/mol,0.9778884712877429,0.9833268513030858,0.9689360816373526,0.9846738735752478,0.9778744395572129,0.979,5,0.006,0.006,0.985,0.973,0.613,0.973-0.985
MW_duct_L1,g/mol,29.0,29.0,29.0,29.0,29.0,29.0,5,0.0,0.0,29.0,29.0,0.0,29.0-29.0
PM_hp,Mm^-1,,,,,2317.333194082946,2317.333,1,nan,nan,nan,nan,nan,nan-nan
PM_mp,Mm^-1,,,,,21.679677850579917,21.68,1,nan,nan,nan,nan,nan,nan-nan
density_L1,gm^-3,1137.2553124451053,1158.1484253582216,1159.1325782517706,1149.2344645485498,1148.6926879684263,1150.493,5,8.85,8.438,1158.931,1142.055,0.769,1142.055-1158.931
mass_flow_L1,g/sec,594.6663124047352,599.5546353124495,606.0256157348258,592.4661164041269,595.2547196576998,597.593,5,5.368,5.118,602.711,592.475,0.898,592.475-602.711
mole_flow_L1,mol/sec,20.50573491050815,20.674297769394784,20.897435025338904,20.42986608290089,20.526024815782787,20.607,5,0.185,0.176,20.783,20.431,0.898,20.431-20.783
vol_flow_L1,m^3/sec,0.5229013910268319,0.5176827731644779,0.5228315753278392,0.5155304204190295,0.5182171792322826,0.519,5,0.003,0.003,0.522,0.516,0.578,0.516-0.522
totvol_L1,m^3,1192.2151715411767,1413.2739707390244,1380.2753588654955,1152.210489636531,963.8839533720457,1220.372,5,183.034,174.503,1394.875,1045.869,14.998,1045.869-1394.875
COmass_L1,gm^-3,0.034549451633275025,0.02501551583313382,0.040336837960502095,0.026116970051820586,0.04007187846902159,0.033,5,0.007,0.007,0.04,0.026,21.212,0.026-0.04
CO_total_mass_L1,g,41.203795065131686,35.35530369774318,55.703262678214465,30.127613629707902,38.640175625778355,40.206,5,9.601,9.154,49.36,31.052,23.88,31.052-49.36
CO_fuel_dry_mass_L1,g/kg,20.819328200595237,17.318069213263954,28.65521121530315,14.394086496601,18.9287785051953,20.023,5,5.37,5.12,25.143,14.903,26.819,14.903-25.143
CO_end_water_mass_L1,g/kg,,,,,,nan,0,nan,nan,nan,nan,nan,nan-nan
CO_fuel_energy_L1,g/MJ,0.9406667759006024,0.6944851350413863,1.1155972250359916,0.6107695290567451,0.8674895166344035,0.846,5,0.2,0.191,1.037,0.655,23.641,0.655-1.037
CO_fuel_energy_w_char_L1,g/MJ,1.2699656766319674,1.193931340028499,2.0467513980194236,0.9330211239503983,1.1400146518496503,1.317,5,0.427,0.407,1.724,0.91,32.422,0.91-1.724
CO_useful_eng_deliver_L1,g/MJ,,,,,,nan,0,nan,nan,nan,nan,nan,nan-nan
CO_mass_time_L1,g/min,1.0847861798630545,0.7773243759122722,1.2664629635062024,0.8091570357128353,1.2471277770557834,1.037,5,0.234,0.223,1.26,0.814,22.565,0.814-1.26
CO2mass_L1,gm^-3,2.395434765835488,2.3133887749110458,1.9695483033809171,2.6283194338682137,2.7839870768695487,2.418,5,0.313,0.298,2.716,2.12,12.945,2.12-2.716
CO2_total_mass_L1,g,2856.239726567808,3268.4226509139985,2719.5315144882697,3028.1831763535615,2683.2725429949796,2911.13,5,241.351,230.102,3141.232,2681.028,8.291,2681.028-3141.232
CO2_fuel_dry_mass_L1,g/kg,1443.1921184200644,1600.969692429523,1398.997943881886,1446.776737902813,1314.4627531542433,1440.88,5,104.168,99.313,1540.193,1341.567,7.229,1341.567-1540.193
CO2_end_water_mass_L1,g/kg,,,,,,nan,0,nan,nan,nan,nan,nan,nan-nan
CO2_fuel_energy_L1,g/MJ,65.20685316832407,64.20170974905884,54.46542383858603,61.38959544725664,60.24068896229798,61.101,5,4.223,4.026,65.127,57.075,6.912,57.075-65.127
CO2_fuel_energy_w_char_L1,g/MJ,88.03379424735031,110.37303677960885,99.92601261781543,93.77971005121655,79.16553080776865,94.256,5,11.817,11.266,105.522,82.99,12.537,82.99-105.522
CO2_useful_eng_deliver_L1,g/MJ,,,,,,nan,0,nan,nan,nan,nan,nan,nan-nan
CO2_mass_time_L1,g/min,75.19718455202653,71.85978712159762,61.83095523656544,81.32989730582528,86.60373995680408,75.364,5,9.452,9.011,84.375,66.353,12.542,66.353-84.375
PM_total_mass_L1,g,3.571595084062838,3.65873538448925,9.911217407445537,1.6530738023673688,2.076636010308181,4.174,5,3.328,3.173,7.347,1.001,79.732,1.001-7.347
PM_fuel_dry_mass_L1,g/kg,1.8046446968585588,1.7921563667871225,5.098588746081056,0.7897899776926909,1.0172878988886378,2.1,5,1.737,1.656,3.756,0.444,82.714,0.444-3.756
PM_end_water_mass_L1,g/kg,,,,,,nan,0,nan,nan,nan,nan,nan,nan-nan
PM_fuel_energy_L1,g/MJ,0.08153814053382981,0.07186863276017934,0.19849693006939464,0.033512349174990054,0.04662142290072866,0.086,5,0.066,0.063,0.149,0.023,76.744,0.023-0.149
PM_fuel_energy_w_char_L1,g/MJ,0.11008216986851412,0.12355370718231941,0.3641761202023337,0.05119399086879204,0.06126772044821004,0.142,5,0.128,0.122,0.264,0.02,90.141,0.02-0.264
PM_useful_eng_deliver_L1,mg/MJ,,,,,,nan,0,nan,nan,nan,nan,nan,nan-nan
PM_mass_time_L1,mg/min,94.03058580244416,80.44123234494504,225.340297251509,44.39768493376998,67.02429296314732,102.247,5,71.208,67.889,170.136,34.358,69.643,34.358-170.136
PM_heat_mass_time_L1,g/hr,5.64183514814665,4.826473940696702,13.52041783509054,2.663861096026199,4.021457577788839,6.135,5,4.272,4.073,10.208,2.062,69.633,2.062-10.208
C_mass_time_L1,g/min,20.985879190845687,19.943296311586693,17.416233673250947,22.54126764898328,24.168250979598913,21.011,5,2.568,2.448,23.459,18.563,12.222,18.563-23.459
CO_EF_L1,g/kg_C,51.69124295427434,38.976724999099616,72.71738466918502,35.89669615361371,51.6019044203289,50.177,5,14.507,13.831,64.008,36.346,28.912,36.346-64.008
CO2_EF_L1,g/kg_C,3583.2277441503866,3603.2051070638904,3550.1909538300283,3608.0445240396075,3583.3681150493135,3585.607,5,22.793,21.731,3607.338,3563.876,0.636,3563.876-3607.338
PM_EF_L1,g/kg_C,4.480659825939603,4.033497326026798,12.938520548079357,1.969617930328445,2.7732372118993784,5.239,5,4.418,4.212,9.451,1.027,84.329,1.027-9.451
firepower_carbon_L1,W,13433.181252351113,13143.384065675908,11584.770141509693,14630.343081910953,15425.687808394738,13643.473,5,1473.327,1404.657,15048.13,12238.816,10.799,12238.816-15048.13
PitotVel_L1,m/s,,,,,,nan,0,nan,nan,nan,nan,nan,nan-nan
StackDensity_L1,g/m^3,,,,,,nan,0,nan,nan,nan,nan,nan,nan-nan
StackFlow_L1,m^3/s,,,,,,nan,0,nan,nan,nan,nan,nan,nan-nan
MassFlow_L1,g/s,,,,,,nan,0,nan,nan,nan,nan,nan,nan-nan
EnergyFlow_L1,W,,,,,,nan,0,nan,nan,nan,nan,nan,nan-nan
StackFirepower_L1,W,,,,,,nan,0,nan,nan,nan,nan,nan,nan-nan
StackUsefulpower_L1,W,,,,,,nan,0,nan,nan,nan,nan,nan,nan-nan
StackThermalEfficiency_L1,%,,,,,,nan,0,nan,nan,nan,nan,nan,nan-nan
carbon_in_L1,g,844.4068671999999,748.6082368000002,681.6580576000001,828.8033024000001,884.5951184000002,797.614,5,81.51,77.711,875.325,719.903,10.219,719.903-875.325
carbon_out_L1,g,800.3637961254525,910.41704310522,775.0432189025962,840.7908292906319,750.7027149539533,815.464,5,62.677,59.756,875.22,755.708,7.686,755.708-875.22
C_Out_In_L1,g/g,0.9478414105979605,1.2161461741282564,1.1369970768502158,1.0144636572464407,0.848639902412956,1.033,5,0.147,0.14,1.173,0.893,14.23,0.893-1.173
MSC_lp,m^2/g,0.1280559796519228,0.1363095443541038,0.16913072260415088,0.20462729465871507,0.1165174364368129,0.151,5,0.036,0.034,0.185,0.117,23.841,0.117-0.185
MCE_lp,mol/mol,0.9049653170993719,0.8888014696442009,0.9337636834657225,0.9203839665998343,0.9275995182263186,0.915,5,0.018,0.017,0.932,0.898,1.967,0.898-0.932
MW_duct_lp,g/mol,29.0,29.0,29.0,29.0,29.0,29.0,5,0.0,0.0,29.0,29.0,0.0,29.0-29.0
density_lp,gm^-3,1123.3559940985824,1153.0553592285676,1147.0210627786248,1136.3190166111012,1138.2521883099116,1139.601,5,11.32,10.792,1150.393,1128.809,0.993,1128.809-1150.393
mass_flow_lp,g/sec,590.1377286854746,598.6486167587234,599.8680232602893,589.3131716264063,591.381780628794,593.87,5,4.992,4.759,598.629,589.111,0.841,589.111-598.629
mole_flow_lp,mol/sec,20.349576851223222,20.643055750300853,20.685104250354886,20.32114384918632,20.392475194096317,20.478,5,0.172,0.164,20.642,20.314,0.84,20.314-20.642
vol_flow_lp,m^3/sec,0.5253537106692641,0.519183783180967,0.5229842621358723,0.5186187354155314,0.5195635293204873,0.521,5,0.003,0.003,0.524,0.518,0.576,0.518-0.524
MSC_hp,m^2/g,,,,,0.19806563154517265,0.198,1,nan,nan,nan,nan,nan,nan-nan
MCE_hp,mol/mol,,,,,0.9525691699094224,0.953,1,nan,nan,nan,nan,nan,nan-nan
MW_duct_hp,g/mol,,,,,29.0,29.0,1,nan,nan,nan,nan,nan,nan-nan
density_hp,gm^-3,,,,,1139.3811971646016,1139.381,1,nan,nan,nan,nan,nan,nan-nan
mass_flow_hp,g/sec,,,,,591.5531282347761,591.553,1,nan,nan,nan,nan,nan,nan-nan
mole_flow_hp,mol/sec,,,,,20.398383732233665,20.398,1,nan,nan,nan,nan,nan,nan-nan
vol_flow_hp,m^3/sec,,,,,0.5191871183627119,0.519,1,nan,nan,nan,nan,nan,nan-nan
totvol_hp,m^3,,,,,2274.0395784286784,2274.04,1,nan,nan,nan,nan,nan,nan-nan
COmass_hp,gm^-3,,,,,0.058691415729841566,0.059,1,nan,nan,nan,nan,nan,nan-nan
CO_total_mass_hp,g,,,,,133.39870534221376,133.399,1,nan,nan,nan,nan,nan,nan-nan
CO_fuel_dry_mass_hp,g/kg,,,,,47.52958229658423,47.53,1,nan,nan,nan,nan,nan,nan-nan
CO_end_water_mass_hp,g/kg,,,,,,nan,0,nan,nan,nan,nan,nan,nan-nan
CO_fuel_energy_hp,g/MJ,,,,,2.442559552359817,2.443,1,nan,nan,nan,nan,nan,nan-nan
CO_fuel_energy_w_char_hp,g/MJ,,,,,2.6123338560287075,2.612,1,nan,nan,nan,nan,nan,nan-nan
CO_useful_eng_deliver_hp,g/MJ,,,,,,nan,0,nan,nan,nan,nan,nan,nan-nan
CO_mass_time_hp,g/min,,,,,1.827796830448236,1.828,1,nan,nan,nan,nan,nan,nan-nan
CO2mass_hp,gm^-3,,,,,1.8394331713292094,1.839,1,nan,nan,nan,nan,nan,nan-nan
CO2_total_mass_hp,g,,,,,4184.315331689191,4184.315,1,nan,nan,nan,nan,nan,nan-nan
CO2_fuel_dry_mass_hp,g/kg,,,,,1490.8597456188786,1490.86,1,nan,nan,nan,nan,nan,nan-nan
CO2_end_water_mass_hp,g/kg,,,,,,nan,0,nan,nan,nan,nan,nan,nan-nan
CO2_fuel_energy_hp,g/MJ,,,,,76.6157314442004,76.616,1,nan,nan,nan,nan,nan,nan-nan
CO2_fuel_energy_w_char_hp,g/MJ,,,,,81.9410396617442,81.941,1,nan,nan,nan,nan,nan,nan-nan
CO2_useful_eng_deliver_hp,g/MJ,,,,,,nan,0,nan,nan,nan,nan,nan,nan-nan
CO2_mass_time_hp,g/min,,,,,57.33247771211497,57.332,1,nan,nan,nan,nan,nan,nan-nan
totvol_lp,m^3,9646.019481598358,9610.61101046288,9131.828201154467,8767.768340934974,7575.755821022025,8946.397,5,847.88,808.361,9754.758,8138.036,9.477,8138.036-9754.758
PM_total_mass_hp,g,,,,,26.58244409013431,26.582,1,nan,nan,nan,nan,nan,nan-nan
PM_fuel_dry_mass_hp,g/kg,,,,,9.471249820492604,9.471,1,nan,nan,nan,nan,nan,nan-nan
PM_end_water_mass_hp,g/kg,,,,,,nan,0,nan,nan,nan,nan,nan,nan-nan
PM_fuel_energy_hp,g/MJ,,,,,0.4867303814595689,0.487,1,nan,nan,nan,nan,nan,nan-nan
PM_fuel_energy_w_char_hp,g/MJ,,,,,0.5205614139545418,0.521,1,nan,nan,nan,nan,nan,nan-nan
PM_useful_eng_deliver_hp,mg/MJ,,,,,,nan,0,nan,nan,nan,nan,nan,nan-nan
PM_mass_time_hp,mg/min,,,,,364.2262264005615,364.226,1,nan,nan,nan,nan,nan,nan-nan
PM_heat_mass_time_hp,g/hr,,,,,21.853573584033686,21.854,1,nan,nan,nan,nan,nan,nan-nan
C_mass_time_hp,g/min,,,,,16.429318959822794,16.429,1,nan,nan,nan,nan,nan,nan-nan
CO_EF_hp,g/kg_C,,,,,111.25213619128316,111.252,1,nan,nan,nan,nan,nan,nan-nan
CO2_EF_hp,g/kg_C,,,,,3489.6442057226554,3489.644,1,nan,nan,nan,nan,nan,nan-nan
PM_EF_hp,g/kg_C,,,,,22.16928329721161,22.169,1,nan,nan,nan,nan,nan,nan-nan
firepower_carbon_hp,W,,,,,10294.46806776656,10294.468,1,nan,nan,nan,nan,nan,nan-nan
PitotVel_hp,m/s,,,,,,nan,0,nan,nan,nan,nan,nan,nan-nan
StackDensity_hp,g/m^3,,,,,,nan,0,nan,nan,nan,nan,nan,nan-nan
StackFlow_hp,m^3/s,,,,,,nan,0,nan,nan,nan,nan,nan,nan-nan
MassFlow_hp,g/s,,,,,,nan,0,nan,nan,nan,nan,nan,nan-nan
EnergyFlow_hp,W,,,,,,nan,0,nan,nan,nan,nan,nan,nan-nan
StackFirepower_hp,W,,,,,,nan,0,nan,nan,nan,nan,nan,nan-nan
StackUsefulpower_hp,W,,,,,,nan,0,nan,nan,nan,nan,nan,nan-nan
StackThermalEfficiency_hp,%,,,,,,nan,0,nan,nan,nan,nan,nan,nan-nan
carbon_in_hp,g,,,,,1357.9637296000003,1357.964,1,nan,nan,nan,nan,nan,nan-nan
carbon_out_hp,g,,,,,1223.2564862064223,1223.256,1,nan,nan,nan,nan,nan,nan-nan
C_Out_In_hp,g/g,,,,,0.9008020314112093,0.901,1,nan,nan,nan,nan,nan,nan-nan
MSC_mp,m^2/g,,,,,0.042655550448768155,0.043,1,nan,nan,nan,nan,nan,nan-nan
MCE_mp,mol/mol,,,,,0.9183536708000052,0.918,1,nan,nan,nan,nan,nan,nan-nan
MW_duct_mp,g/mol,,,,,29.0,29.0,1,nan,nan,nan,nan,nan,nan-nan
density_mp,gm^-3,,,,,1135.545148853068,1135.545,1,nan,nan,nan,nan,nan,nan-nan
mass_flow_mp,g/sec,,,,,590.0694296480219,590.069,1,nan,nan,nan,nan,nan,nan-nan
mole_flow_mp,mol/sec,,,,,20.347221712000934,20.347,1,nan,nan,nan,nan,nan,nan-nan
vol_flow_mp,m^3/sec,,,,,0.5196428201069563,0.52,1,nan,nan,nan,nan,nan,nan-nan
totvol_mp,m^3,,,,,4739.142519375441,4739.143,1,nan,nan,nan,nan,nan,nan-nan
COmass_mp,gm^-3,,,,,0.06364798898185824,0.064,1,nan,nan,nan,nan,nan,nan-nan
CO_total_mass_mp,g,,,,,301.69609641467656,301.696,1,nan,nan,nan,nan,nan,nan-nan
CO_fuel_dry_mass_mp,g/kg,,,,,118.36677491990235,118.367,1,nan,nan,nan,nan,nan,nan-nan
CO_end_water_mass_mp,g/kg,,,,,,nan,0,nan,nan,nan,nan,nan,nan-nan
CO_fuel_energy_mp,g/MJ,,,,,5.811558017536435,5.812,1,nan,nan,nan,nan,nan,nan-nan
CO_fuel_energy_w_char_mp,g/MJ,,,,,6.732123507141591,6.732,1,nan,nan,nan,nan,nan,nan-nan
CO_useful_eng_deliver_mp,g/MJ,,,,,,nan,0,nan,nan,nan,nan,nan,nan-nan
CO_mass_time_mp,g/min,,,,,1.985060399701787,1.985,1,nan,nan,nan,nan,nan,nan-nan
CO2mass_mp,gm^-3,,,,,1.1164472110854442,1.116,1,nan,nan,nan,nan,nan,nan-nan
CO2_total_mass_mp,g,,,,,5296.198165521355,5296.198,1,nan,nan,nan,nan,nan,nan-nan
CO2_fuel_dry_mass_mp,g/kg,,,,,2077.8985994164477,2077.899,1,nan,nan,nan,nan,nan,nan-nan
CO2_end_water_mass_mp,g/kg,,,,,,nan,0,nan,nan,nan,nan,nan,nan-nan
CO2_fuel_energy_mp,g/MJ,,,,,102.02042146740908,102.02,1,nan,nan,nan,nan,nan,nan-nan
CO2_fuel_energy_w_char_mp,g/MJ,,,,,118.18071427606313,118.181,1,nan,nan,nan,nan,nan,nan-nan
CO2_useful_eng_deliver_mp,g/MJ,,,,,,nan,0,nan,nan,nan,nan,nan,nan-nan
CO2_mass_time_mp,g/min,,,,,34.84722995188961,34.847,1,nan,nan,nan,nan,nan,nan-nan
COmass_lp,gm^-3,0.06496972834891229,0.07644586390712022,0.05288455902921862,0.06425323547424613,0.06134460211740689,0.064,5,0.008,0.008,0.072,0.056,12.5,0.056-0.072
PM_total_mass_mp,g,,,,,2.408901082520633,2.409,1,nan,nan,nan,nan,nan,nan-nan
PM_fuel_dry_mass_mp,g/kg,,,,,0.9451028887265313,0.945,1,nan,nan,nan,nan,nan,nan-nan
PM_end_water_mass_mp,g/kg,,,,,,nan,0,nan,nan,nan,nan,nan,nan-nan
PM_fuel_energy_mp,g/MJ,,,,,0.04640255066586255,0.046,1,nan,nan,nan,nan,nan,nan-nan
PM_fuel_energy_w_char_mp,g/MJ,,,,,0.05375283206092909,0.054,1,nan,nan,nan,nan,nan,nan-nan
PM_useful_eng_deliver_mp,mg/MJ,,,,,,nan,0,nan,nan,nan,nan,nan,nan-nan
PM_mass_time_mp,mg/min,,,,,15.849771351161092,15.85,1,nan,nan,nan,nan,nan,nan-nan
PM_heat_mass_time_mp,g/hr,,,,,0.9509862810696655,0.951,1,nan,nan,nan,nan,nan,nan-nan
C_mass_time_mp,g/min,,,,,10.360693691869773,10.361,1,nan,nan,nan,nan,nan,nan-nan
CO_EF_mp,g/kg_C,,,,,191.59531772081056,191.595,1,nan,nan,nan,nan,nan,nan-nan
CO2_EF_mp,g/kg_C,,,,,3363.4070254615162,3363.407,1,nan,nan,nan,nan,nan,nan-nan
PM_EF_mp,g/kg_C,,,,,1.5297982763064115,1.53,1,nan,nan,nan,nan,nan,nan-nan
firepower_carbon_mp,W,,,,,6536.845903886142,6536.846,1,nan,nan,nan,nan,nan,nan-nan
PitotVel_mp,m/s,,,,,,nan,0,nan,nan,nan,nan,nan,nan-nan
StackDensity_mp,g/m^3,,,,,,nan,0,nan,nan,nan,nan,nan,nan-nan
StackFlow_mp,m^3/s,,,,,,nan,0,nan,nan,nan,nan,nan,nan-nan
MassFlow_mp,g/s,,,,,,nan,0,nan,nan,nan,nan,nan,nan-nan
EnergyFlow_mp,W,,,,,,nan,0,nan,nan,nan,nan,nan,nan-nan
StackFirepower_mp,W,,,,,,nan,0,nan,nan,nan,nan,nan,nan-nan
StackUsefulpower_mp,W,,,,,,nan,0,nan,nan,nan,nan,nan,nan-nan
StackThermalEfficiency_mp,%,,,,,,nan,0,nan,nan,nan,nan,nan,nan-nan
carbon_in_mp,g,,,,,1183.6936832,1183.694,1,nan,nan,nan,nan,nan,nan-nan
carbon_out_mp,g,,,,,1576.8448629211014,1576.845,1,nan,nan,nan,nan,nan,nan-nan
C_Out_In_mp,g/g,,,,,1.332139290173667,1.332,1,nan,nan,nan,nan,nan,nan-nan
CO_total_mass_lp,g,626.9210603498733,734.7820766588185,483.0629135283748,563.4964245275754,464.4377940257674,574.54,5,110.718,105.558,680.098,468.982,19.271,468.982-680.098
CO_fuel_dry_mass_lp,g/kg,102.38724936475577,116.72228136639525,74.18204647816133,86.17016107594873,73.79006214798862,90.65,5,18.662,17.792,108.442,72.858,20.587,72.858-108.442
CO_end_water_mass_lp,g/kg,,,,,,nan,0,nan,nan,nan,nan,nan,nan-nan
CO_fuel_energy_lp,g/MJ,5.433647813547812,6.596265571073229,4.268658845097716,4.822657928556863,4.224157344928541,5.069,5,0.985,0.939,6.008,4.13,19.432,4.13-6.008
CO_fuel_energy_w_char_lp,g/MJ,5.50202835705654,6.022146206967506,3.785646249431484,4.472666505096937,3.777364117664101,4.712,5,1.016,0.969,5.681,3.743,21.562,3.743-5.681
CO_useful_eng_deliver_lp,g/MJ,,,,,,nan,0,nan,nan,nan,nan,nan,nan-nan
CO_mass_time_lp,g/min,2.048761635130305,2.381789551568293,1.6600100121249992,1.9999873097695666,1.9112666420813473,2.0,5,0.261,0.249,2.249,1.751,13.05,1.751-2.249
CO2mass_lp,gm^-3,0.961865407615458,0.9527282445054761,1.162384657095112,1.1595417258812097,1.227078547935553,1.093,5,0.127,0.121,1.214,0.972,11.619,0.972-1.214
CO2_total_mass_lp,g,9300.123560776517,9151.910228999035,10617.772674194379,10162.936909676991,9307.15474115506,9707.98,5,646.322,616.197,10324.177,9091.783,6.658,9091.783-10324.177
CO2_fuel_dry_mass_lp,g/kg,1518.8739545754806,1453.8076998919892,1630.5290345278652,1554.1215035140217,1478.724461284208,1527.211,5,69.295,66.065,1593.276,1461.146,4.537,1461.146-1593.276
CO2_end_water_mass_lp,g/kg,,,,,,nan,0,nan,nan,nan,nan,nan,nan-nan
CO2_fuel_energy_lp,g/MJ,80.60599531229008,82.15827831240111,93.8255617883909,86.97902263704326,84.65048832364279,85.644,5,5.178,4.937,90.581,80.707,6.046,80.707-90.581
CO2_fuel_energy_w_char_lp,g/MJ,81.62039336653524,75.00746578181005,83.20889510599744,80.66675409242323,75.69692391320747,79.24,5,3.672,3.501,82.741,75.739,4.634,75.739-82.741
CO2_useful_eng_deliver_lp,g/MJ,,,,,,nan,0,nan,nan,nan,nan,nan,nan-nan
CO2_mass_time_lp,g/min,30.39256065613241,29.66583542625295,36.4871913202556,36.070760992642384,38.301048317510535,34.183,5,3.892,3.711,37.894,30.472,11.386,30.472-37.894
PM_total_mass_lp,g,7.861025011744719,21.487088255212235,10.225461610974207,20.074037059133854,14.151405002202923,14.76,5,5.959,5.681,20.441,9.079,40.373,9.079-20.441
PM_fuel_dry_mass_lp,g/kg,1.2838438186953012,3.413286797187351,1.5702833880278546,3.0697320010155256,2.2483808768930116,2.317,5,0.922,0.879,3.196,1.438,39.793,1.438-3.196
PM_end_water_mass_lp,g/kg,,,,,,nan,0,nan,nan,nan,nan,nan,nan-nan
PM_fuel_energy_lp,g/MJ,0.06813304587897145,0.19289330126962262,0.09035884545984355,0.17180271208027628,0.12870994167584357,0.13,5,0.053,0.051,0.181,0.079,40.769,0.079-0.181
PM_fuel_energy_w_char_lp,g/MJ,0.06899047625870511,0.17610444122875085,0.08013444897590204,0.15933459249849932,0.1150961660688791,0.12,5,0.047,0.045,0.165,0.075,39.167,0.075-0.165
PM_useful_eng_deliver_lp,mg/MJ,,,,,,nan,0,nan,nan,nan,nan,nan,nan-nan
PM_mass_time_lp,mg/min,25.68962422138797,69.6502050412066,35.13904333668112,71.24769142549727,58.23623457696676,51.993,5,20.6,19.64,71.633,32.353,39.621,32.353-71.633
PM_heat_mass_time_lp,g/hr,1.541377453283278,4.179012302472396,2.108342600200867,4.2748614855298355,3.494174074618005,3.12,5,1.236,1.178,4.298,1.942,39.615,1.942-4.298
C_mass_time_lp,g/min,9.172361267346615,9.116837575318945,10.668853267552713,10.7009864586872,11.271573953876924,10.186,5,0.981,0.935,11.121,9.251,9.631,9.251-11.121
CO_EF_lp,g/kg_C,223.36250998135532,261.25172592920393,155.59404281747916,186.89747132106226,169.5651955886743,199.334,5,42.91,40.91,240.244,158.424,21.527,158.424-240.244
CO2_EF_lp,g/kg_C,3313.493632695127,3253.961165938082,3419.973112876568,3370.7883971163865,3398.0212944738446,3351.248,5,67.422,64.28,3415.528,3286.968,2.012,3286.968-3415.528
PM_EF_lp,g/kg_C,2.8007645438958466,7.6397330177037786,3.293610143046004,6.658048928531954,5.166646185818269,5.112,5,2.088,1.991,7.103,3.121,40.845,3.121-7.103
firepower_carbon_lp,W,5723.565158028725,5646.363047555834,6594.624030045046,6634.652031093515,6970.955292539056,6314.032,5,593.193,565.545,6879.577,5748.487,9.395,5748.487-6879.577
PitotVel_lp,m/s,,,,,,nan,0,nan,nan,nan,nan,nan,nan-nan
StackDensity_lp,g/m^3,,,,,,nan,0,nan,nan,nan,nan,nan,nan-nan
StackFlow_lp,m^3/s,,,,,,nan,0,nan,nan,nan,nan,nan,nan-nan
MassFlow_lp,g/s,,,,,,nan,0,nan,nan,nan,nan,nan,nan-nan
EnergyFlow_lp,W,,,,,,nan,0,nan,nan,nan,nan,nan,nan-nan
StackFirepower_lp,W,,,,,,nan,0,nan,nan,nan,nan,nan,nan-nan
StackUsefulpower_lp,W,,,,,,nan,0,nan,nan,nan,nan,nan,nan-nan
StackThermalEfficiency_lp,%,,,,,,nan,0,nan,nan,nan,nan,nan,nan-nan
carbon_in_lp,g,3043.1940872000005,3283.2803328,3440.4499608,3386.517872000001,3313.2174048000006,3293.332,5,152.801,145.679,3439.011,3147.653,4.64,3147.653-3439.011
carbon_out_lp,g,2813.8960805687516,2832.0976422981375,3113.9414709238263,3033.2703084589307,2751.870249344097,2909.015,5,155.798,148.536,3057.551,2760.479,5.356,2760.479-3057.551
C_Out_In_lp,g/g,0.9246521910660576,0.8625817338853027,0.9050971548499861,0.8956900341611219,0.830573401358252,0.884,5,0.037,0.035,0.919,0.849,4.186,0.849-0.919
CO_useful_eng_deliver_weighted,g/MJ,0.0,0.0,0.0,0.0,0.0,nan,0,nan,nan,nan,nan,nan,nan-nan
PM_useful_eng_deliver_weighted,mg/MJ,0.0,0.0,0.0,0.0,0.0,nan,0,nan,nan,nan,nan,nan,nan-nan
PM_mass_time_weighted,mg/min,33.23538188418381,71.03665603214966,60.1108361218448,68.11387193309332,90.62610652543074,64.625,5,20.827,19.856,84.481,44.769,32.227,44.769-84.481
PM_heat_mass_time_weighted,g/hr,1.9941229130510285,4.262199361928979,3.606650167310688,4.086832315985599,5.437566391525844,3.877,5,1.25,1.192,5.069,2.685,32.241,2.685-5.069
CO_mass_time_weighted,g/min,1.9423258313305194,2.1756449213947358,1.608340661124179,1.8609986236352256,1.8802603563317877,1.894,5,0.203,0.194,2.088,1.7,10.718,1.7-2.088
firepower_carbon_total,W,6574.876514148726,6609.655592329584,7249.83053724218,7567.949162998324,7849.879923416266,7170.438,5,569.019,542.498,7712.936,6627.94,7.936,6627.94-7712.936
PM_total_mass_total,g,11.432620095807557,25.145823639701486,20.136679018419745,21.727110861501224,45.219386185166044,24.732,5,12.519,11.936,36.668,12.796,50.619,12.796-36.668
CO_total_mass_total,g,668.124855415005,770.1373803565616,538.7661762065893,593.6240381572833,938.1727714084361,701.765,5,158.081,150.713,852.478,551.052,22.526,551.052-852.478
PM_heat_mass_time_total,g/hr,1.994158260812404,4.262204675499098,3.606748816673022,4.0868174461259414,5.437745607996718,3.878,5,1.25,1.192,5.07,2.686,32.233,2.686-5.07
PM_mass_time_total,mg/min,33.235971013540066,71.03674459165164,60.11248027788371,68.11362410209902,90.62909346661198,64.626,5,20.827,19.856,84.482,44.77,32.227,44.77-84.482
CO_mass_time_total,g/min,1.9423175214351613,2.175631753914671,1.6083372591867933,1.8609876320307746,1.8802941605540358,1.894,5,0.203,0.194,2.088,1.7,10.718,1.7-2.088
PM_useful_eng_deliver_total,mg/MJd,,,,,,nan,0,nan,nan,nan,nan,nan,nan-nan
CO_useful_eng_deliver_total,g/MJd,,,,,,nan,0,nan,nan,nan,nan,nan,nan-nan
PM_fuel_dry_mass_total,g/kg,1.4110598610418166,3.016295424268761,2.381412433638944,2.5169258473089338,3.3028891253922055,2.526,5,0.726,0.692,3.218,1.834,28.741,1.834-3.218
time_prebkg,yyyymmdd hh:mm:ss,20251114 10:10:29,20251117 13:17:05,20251118 13:51:17,20251119 13:31:20,20251120 09:45:30,nan,0,nan,nan,nan,nan,nan,nan-nan
seconds_prebkg,s,782.0,842.0,542.0,542.0,751.0,691.8,5,140.607,134.053,825.853,557.747,20.325,557.747-825.853
ID_prebkg,4014,4014.0,4014.0,4014.0,4014.0,4014.0,4014.0,5,0.0,0.0,4014.0,4014.0,0.0,4014.0-4014.0
CO_prebkg,ppm,-5.9113372359409335e-18,1.4778343089852334e-18,-3.6945857724630834e-19,1.4778343089852334e-18,1.9581304594054343e-17,0.0,5,0.0,0.0,0.0,0.0,nan,0.0-0.0
CO2_prebkg,ppm,-2.553697685926483e-14,-5.93971165467345e-14,1.9672930321211428e-14,-5.4478883966431644e-14,5.845130258898395e-14,-0.0,5,0.0,0.0,0.0,-0.0,nan,-0.0-0.0
PM_prebkg,Mm^-1,4.906409905830974e-16,5.911337235940933e-17,-2.2463081496575546e-16,-1.064040702469368e-16,2.0098546602199173e-16,0.0,5,0.0,0.0,0.0,0.0,nan,0.0-0.0
Flow_prebkg,mmH2O,7.130567387687187,7.128394342762063,7.162569051580698,7.054985024958403,7.108783693843596,7.117,5,0.04,0.038,7.155,7.079,0.562,7.079-7.155
FLUEtemp_prebkg,degC,12.473094841930118,11.729767054908486,10.650948419301166,11.776539101497503,10.068702163061563,11.34,5,0.964,0.919,12.259,10.421,8.501,10.421-12.259
H2Otemp_prebkg,degC,65535.0,65535.0,65535.0,65535.0,65535.0,65535.0,5,0.0,0.0,65535.0,65535.0,0.0,65535.0-65535.0
RH_prebkg,%,73.16472545757073,72.16272878535774,66.97970049916806,67.09900166389352,62.60765391014974,68.403,5,4.305,4.104,72.507,64.299,6.294,64.299-72.507
datenumbers_prebkg,date,20406.42394675926,20409.553530092595,20410.57728009259,20411.563425925924,20412.406597222223,20410.105,5,2.318,2.21,20412.315,20407.895,0.011,20407.895-20412.315
phase_prebkg,text,prebkg,prebkg,prebkg,prebkg,prebkg,nan,0,nan,nan,nan,nan,nan,nan-nan
time_L1,yyyymmdd hh:mm:ss,20251114 11:01:59,20251117 13:57:44,20251118 14:28:59,,20251120 10:22:29,nan,0,nan,nan,nan,nan,nan,nan-nan
seconds_L1,s,2279.0,2729.0,2639.0,,1859.0,2376.5,4,396.011,465.979,2842.479,1910.521,16.664,1910.521-2842.479
ID_L1,NAN,4001.0,4001.0,4001.0,,4001.0,4001.0,4,0.0,0.0,4001.0,4001.0,0.0,4001.0-4001.0
CO_L1,ppm,31.483421816508546,22.406193027332897,36.073858000676964,23.519834009153712,36.22782491141847,29.942,5,6.662,6.351,36.293,23.591,22.25,23.591-36.293
Flow_L1,mmH2O,6.98554649122807,6.972416483516484,7.118299621212122,6.861032662192393,6.930680107526881,6.974,5,0.094,0.09,7.064,6.884,1.348,6.884-7.064
FLUEtemp_L1,degC,20.267236842105266,17.931542124542126,15.539246212121212,18.53973154362416,18.16851612903226,18.089,5,1.694,1.615,19.704,16.474,9.365,16.474-19.704
H2Otemp_L1,degC,65535.0,65535.0,65535.0,65535.0,65535.0,65535.0,5,0.0,0.0,65535.0,65535.0,0.0,65535.0-65535.0
RH_L1,%,78.03311403508772,74.38725274725275,70.67215909090909,69.2357941834452,72.31698924731184,72.929,5,3.438,3.278,76.207,69.651,4.714,69.651-76.207
datenumbers_L1,date,20406.459716435184,20409.581765046296,20410.603466435183,,20412.432285879633,20409.769,4,2.502,2.944,20412.713,20406.825,0.012,20406.825-20412.713
phase_L1,text,L1,L1,L1,L1,L1,nan,0,nan,nan,nan,nan,nan,nan-nan
time_lp,yyyymmdd hh:mm:ss,20251114 13:54:00,20251117 16:54:45,20251118 17:16:30,,20251120 16:24:30,nan,0,nan,nan,nan,nan,nan,nan-nan
seconds_lp,s,18360.0,18510.0,17460.0,,14580.0,17227.5,4,1824.89,2147.315,19374.815,15080.185,10.593,15080.185-19374.815
ID_lp,NAN,4001.0,4001.0,4001.0,,4001.0,4001.0,4,0.0,0.0,4001.0,4001.0,0.0,4001.0-4001.0
Flow_lp,mmH2O,6.965119873645226,6.983006158500351,7.0483321688334,6.866575180409321,6.90302969617996,6.953,5,0.071,0.068,7.021,6.885,1.021,6.885-7.021
FLUEtemp_lp,degC,23.901801100157943,19.219327426935337,18.595111391100165,21.854231042233526,20.831264659488376,20.88,5,2.125,2.026,22.906,18.854,10.177,18.854-22.906
H2Otemp_lp,degC,65535.0,65535.0,65535.0,65535.0,65535.0,65535.0,5,0.0,0.0,65535.0,65535.0,0.0,65535.0-65535.0
RH_lp,%,58.169331735744244,53.7972178704554,48.779886604432726,42.36334437477819,51.28812838625608,50.88,5,5.89,5.615,56.495,45.265,11.576,45.265-56.495
datenumbers_lp,date,20406.579166666666,20409.704687499998,20410.71979166667,,20412.683680555554,20409.922,4,2.549,2.999,20412.921,20406.923,0.012,20406.923-20412.921
phase_lp,text,lp,lp,lp,lp,lp,nan,0,nan,nan,nan,nan,nan,nan-nan
time_postbkg,yyyymmdd hh:mm:ss,20251114 22:27:15,20251117 21:33:52,20251118 22:27:00,20251119 22:37:00,20251120 23:05:07,nan,0,nan,nan,nan,nan,nan,nan-nan
seconds_postbkg,s,44988.0,30649.0,31485.0,33282.0,48728.0,37826.4,5,8404.067,8012.361,45838.761,29814.039,22.217,29814.039-45838.761
ID_postbkg,4014,4014.0,4014.0,4014.0,4014.0,4014.0,4014.0,5,0.0,0.0,4014.0,4014.0,0.0,4014.0-4014.0
CO_postbkg,ppm,2.9556686179704667e-18,3.509856483839929e-17,-4.5073946424049614e-17,-9.679814723853278e-17,0.0,-0.0,4,0.0,0.0,0.0,-0.0,nan,-0.0-0.0
CO2_postbkg,ppm,2.4212837318414063e-14,-4.6155721138226804e-14,5.0317302552329224e-14,-5.1073953718529666e-15,-1.324139540850769e-15,0.0,5,0.0,0.0,0.0,0.0,nan,0.0-0.0
time_hp,yyyymmdd hh:mm:ss,,,,,20251120 11:14:29,nan,0,nan,nan,nan,nan,nan,nan-nan
seconds_hp,s,,,,,4379.0,4379.0,1,nan,nan,nan,nan,nan,nan-nan
ID_hp,NAN,,,,,4001.0,4001.0,1,nan,nan,nan,nan,nan,nan-nan
PM_postbkg,Mm^-1,3.3103488521269227e-16,-1.2118241333678912e-16,-4.669956416393337e-16,-2.527096668364749e-16,1.2709375057273008e-16,-0.0,5,0.0,0.0,0.0,-0.0,nan,-0.0-0.0
Flow_postbkg,mmH2O,7.018346089850249,6.80655241264559,7.181712146422629,6.999767054908487,7.046484193011647,7.011,5,0.135,0.129,7.14,6.882,1.926,6.882-7.14
FLUEtemp_postbkg,degC,12.596189683860231,12.294642262895174,8.65981697171381,12.906422628951747,9.236006655574043,11.139,5,2.022,1.928,13.067,9.211,18.152,9.211-13.067
Flow_hp,mmH2O,,,,,6.900213470319635,6.9,1,nan,nan,nan,nan,nan,nan-nan
FLUEtemp_hp,degC,,,,,20.52880136986301,20.529,1,nan,nan,nan,nan,nan,nan-nan
H2Otemp_hp,degC,,,,,65535.0,65535.0,1,nan,nan,nan,nan,nan,nan-nan
RH_hp,%,,,,,59.782374429223744,59.782,1,nan,nan,nan,nan,nan,nan-nan
H2Otemp_postbkg,degC,65535.0,65535.0,65535.0,65535.0,65535.0,65535.0,5,0.0,0.0,65535.0,65535.0,0.0,65535.0-65535.0
datenumbers_hp,date,,,,,20412.468396990742,20412.468,1,nan,nan,nan,nan,nan,nan-nan
phase_hp,text,,,,,hp,nan,0,nan,nan,nan,nan,nan,nan-nan
time_mp,yyyymmdd hh:mm:ss,,,,,20251120 13:06:59,nan,0,nan,nan,nan,nan,nan,nan-nan
seconds_mp,s,,,,,9119.0,9119.0,1,nan,nan,nan,nan,nan,nan-nan
ID_mp,NAN,,,,,4001.0,4001.0,1,nan,nan,nan,nan,nan,nan-nan
RH_postbkg,%,65.49434276206324,60.7738768718802,52.947920133111474,53.894342762063225,57.45058236272878,58.112,5,5.159,4.919,63.031,53.193,8.878,53.193-63.031
datenumbers_postbkg,date,20406.93559027778,20409.89851851852,20410.935416666667,20411.942361111112,20412.961886574074,20410.535,5,2.313,2.205,20412.74,20408.33,0.011,20408.33-20412.74
phase_postbkg,text,postbkg,postbkg,postbkg,postbkg,postbkg,nan,0,nan,nan,nan,nan,nan,nan-nan
Flow_mp,mmH2O,,,,,6.888775328947369,6.889,1,nan,nan,nan,nan,nan,nan-nan
FLUEtemp_mp,degC,,,,,21.529321271929824,21.529,1,nan,nan,nan,nan,nan,nan-nan
H2Otemp_mp,degC,,,,,65535.0,65535.0,1,nan,nan,nan,nan,nan,nan-nan
RH_mp,%,,,,,51.57313596491228,51.573,1,nan,nan,nan,nan,nan,nan-nan
PWM1_L1,10_bit_PWM,80.0,86.68937728937729,87.69318181818181,,59.02311827956989,78.351,4,13.33,15.685,94.036,62.666,17.013,62.666-94.036
datenumbers_mp,date,,,,,20412.54652199074,20412.547,1,nan,nan,nan,nan,nan,nan-nan
phase_mp,text,,,,,mp,nan,0,nan,nan,nan,nan,nan,nan-nan
PWM2_L1,10_bit_PWM,923.7342105263158,982.8706959706959,951.4390151515152,,704.3967741935484,890.61,4,126.471,148.816,1039.426,741.794,14.2,741.794-1039.426
PWM3_L1,14_bit_PWM,0.0,740.0,716.4545454545455,,740.0,732.152,3,13.594,22.918,755.07,709.234,1.857,709.234-755.07
Flow1_L1,SLPM,999.0,999.0,999.0,,999.0,999.0,4,0.0,0.0,999.0,999.0,0.0,999.0-999.0
Flow2_L1,SLPM,999.0,999.0,999.0,,999.0,999.0,4,0.0,0.0,999.0,999.0,0.0,999.0-999.0
Flow3_L1,SLPM,999.0,999.0,999.0,,999.0,999.0,4,0.0,0.0,999.0,999.0,0.0,999.0-999.0
Flow4_L1,SLPM,999.0,999.0,999.0,,999.0,999.0,4,0.0,0.0,999.0,999.0,0.0,999.0-999.0
Flow5_L1,SLPM,999.0,999.0,999.0,,999.0,999.0,4,0.0,0.0,999.0,999.0,0.0,999.0-999.0
Flow6_L1,SLPM,999.0,999.0,999.0,,999.0,999.0,4,0.0,0.0,999.0,999.0,0.0,999.0-999.0
STC1_L1,degC,320.6902938596491,319.16128937728934,285.22228409090906,,376.78960752688175,325.466,4,37.931,44.633,370.099,280.833,11.654,280.833-370.099
STC2_L1,degC,439.4102587719298,449.35846886446893,413.11645454545453,,530.6131774193549,458.125,4,50.687,59.642,517.767,398.483,11.064,398.483-517.767
STC3_L1,degC,440.439149122807,423.3165714285714,348.0641212121212,,469.47046774193547,420.323,4,51.802,60.954,481.277,359.369,12.324,359.369-481.277
STC4_L1,degC,96.44945614035088,173.76453846153845,85.11845454545454,,88.57999462365592,110.978,4,42.125,49.568,160.546,61.41,37.958,61.41-160.546
deltaP1_L1,Pa,0.011789473684210527,-0.008663003663003663,-0.008704545454545454,,-0.0079247311827957,-0.003,4,0.01,0.012,0.009,-0.015,-333.333,-0.015-0.009
deltaP2_L1,Pa,-16.3270350877193,-16.385934065934066,-15.268295454545456,,-18.420279569892475,-16.6,4,1.317,1.55,-15.05,-18.15,-7.934,-18.15--15.05
Lambda_L1,Lambda,3.7093114035087718,3.4429267399267403,3.660117424242424,,2.9399354838709675,3.438,4,0.352,0.414,3.852,3.024,10.239,3.024-3.852
Scale1_L1,Scale,42.0,42.0,42.0,,42.0,42.0,4,0.0,0.0,42.0,42.0,0.0,42.0-42.0
Scale2_L1,Scale,1.0,1.0,1.0,,12.484408602150538,3.871,4,5.742,6.757,10.628,-2.886,148.334,-2.886-10.628
mode1_L1,mode,1.0,1.0,1.0,,0.7188172043010753,0.93,4,0.141,0.166,1.096,0.764,15.161,0.764-1.096
mode2_L1,mode,2.0,2.0,2.0,,1.4376344086021506,1.859,4,0.281,0.331,2.19,1.528,15.116,1.528-2.19
state_press_L1,state,1.0,1.0,1.0,,0.7193548387096774,0.93,4,0.14,0.165,1.095,0.765,15.054,0.765-1.095
Kp1_L1,P,2.0,2.0,2.0,,2.0,2.0,4,0.0,0.0,2.0,2.0,0.0,2.0-2.0
Ki1_L1,I,1.0,1.0,1.0,,1.0,1.0,4,0.0,0.0,1.0,1.0,0.0,1.0-1.0
Kd1_L1,D,0.0,0.0,0.0,,0.0,nan,0,nan,nan,nan,nan,nan,nan-nan
Kp2_L1,P,2.0,2.0,2.0,,2.0,2.0,4,0.0,0.0,2.0,2.0,0.0,2.0-2.0
Ki2_L1,I,1.0,1.0,1.0,,1.0,1.0,4,0.0,0.0,1.0,1.0,0.0,1.0-1.0
TC1_L1,degC,,,,,,nan,0,nan,nan,nan,nan,nan,nan-nan
TC2_L1,degC,,,,,,nan,0,nan,nan,nan,nan,nan,nan-nan
TC3_L1,degC,,,,,,nan,0,nan,nan,nan,nan,nan,nan-nan
TC4_L1,degC,,,,,,nan,0,nan,nan,nan,nan,nan,nan-nan
Kd2_L1,D,0.0,0.0,0.0,,0.0,nan,0,nan,nan,nan,nan,nan,nan-nan
press_offset_L1,offset,0.0,0.0,0.0,,0.0,nan,0,nan,nan,nan,nan,nan,nan-nan
Tp_L1,P,10.8,10.8,10.8,,10.8,10.8,4,0.0,0.0,10.8,10.8,0.0,10.8-10.8
Ti_L1,I,0.58,0.58,0.58,,0.58,0.58,4,0.0,0.0,0.58,0.58,0.0,0.58-0.58
Td_L1,D,0.0,0.0,0.0,,0.0,nan,0,nan,nan,nan,nan,nan,nan-nan
Setpointt_L1,degC,500.0,500.0,500.0,,500.0,500.0,4,0.0,0.0,500.0,500.0,0.0,500.0-500.0
temp_control_L1,val,0.0,0.0,0.0,,0.0,nan,0,nan,nan,nan,nan,nan,nan-nan
temp_auto_L1,temp_auto,0.0,0.0,0.0,,0.0,nan,0,nan,nan,nan,nan,nan,nan-nan
autoRoutineStage_L1,stage,0.0,0.0,0.0,,0.0,nan,0,nan,nan,nan,nan,nan,nan-nan
autoTimeCounter_L1,seconds,0.0,0.0,0.0,,0.0,nan,0,nan,nan,nan,nan,nan,nan-nan
PrimaryFlow_L1,SLPM,5994.0,5994.0,5994.0,,5994.0,5994.0,4,0.0,0.0,5994.0,5994.0,0.0,5994.0-5994.0
SecondaryFlow_L1,SLPM,0.0,0.0,0.0,,0.0,nan,0,nan,nan,nan,nan,nan,nan-nan
TotalFlow_L1,SLPM,0.0,0.0,0.0,,0.0,nan,0,nan,nan,nan,nan,nan,nan-nan
SenO2Percent_L1,%,13.647612351542069,12.91644979435473,13.212475212274835,,11.952863026819367,12.932,4,0.719,0.846,13.778,12.086,5.56,12.086-13.778
PWM1_lp,10_bit_PWM,80.0,303.4904111069094,340.57722925376555,,5.9337227901801235,182.5,4,164.63,193.717,376.217,-11.217,90.208,-11.217-376.217
PWM2_lp,10_bit_PWM,1000.0,1000.0,1000.0,,12.657347520689894,753.164,4,493.671,580.894,1334.058,172.27,65.546,172.27-1334.058
PWM3_lp,14_bit_PWM,1098.427808942868,1074.0092377505266,1096.4097130748526,,898.4092774184575,1041.814,4,96.241,113.245,1155.059,928.569,9.238,928.569-1155.059
Flow1_lp,SLPM,999.0,999.0,999.0,,999.0,999.0,4,0.0,0.0,999.0,999.0,0.0,999.0-999.0
Flow2_lp,SLPM,999.0,999.0,999.0,,999.0,999.0,4,0.0,0.0,999.0,999.0,0.0,999.0-999.0
Flow3_lp,SLPM,999.0,999.0,999.0,,999.0,999.0,4,0.0,0.0,999.0,999.0,0.0,999.0-999.0
Flow4_lp,SLPM,999.0,999.0,999.0,,999.0,999.0,4,0.0,0.0,999.0,999.0,0.0,999.0-999.0
Flow5_lp,SLPM,999.0,999.0,999.0,,999.0,999.0,4,0.0,0.0,999.0,999.0,0.0,999.0-999.0
Flow6_lp,SLPM,999.0,999.0,999.0,,999.0,999.0,4,0.0,0.0,999.0,999.0,0.0,999.0-999.0
STC1_lp,degC,257.28495125537825,243.3712927448544,291.3471456388523,,288.78387509562555,270.197,4,23.658,27.838,298.035,242.359,8.756,242.359-298.035
STC2_lp,degC,347.5664974674582,329.3791469936794,420.6886862149934,,382.42182836080394,370.014,4,40.319,47.443,417.457,322.571,10.897,322.571-417.457
STC3_lp,degC,384.66862915963185,369.13964129436556,436.0665082183151,,392.6746088045066,395.637,4,28.669,33.734,429.371,361.903,7.246,361.903-429.371
STC4_lp,degC,251.75804204564022,220.07027119010317,272.9268363782143,,265.1326503929341,252.472,4,23.303,27.42,279.892,225.052,9.23,225.052-279.892
dateobjects_L1,date,,,,,,nan,0,nan,nan,nan,nan,nan,nan-nan
deltaP1_lp,Pa,0.019553401230869776,-0.03632542812381827,-0.050635702422541666,,-0.04850406843313165,-0.029,4,0.033,0.039,0.01,-0.068,-113.793,-0.068-0.01
deltaP2_lp,Pa,-12.337032841348512,-12.307875857598185,-14.483696237328905,,-15.09757006745949,-13.557,4,1.447,1.703,-11.854,-15.26,-10.673,-15.26--11.854
Lambda_lp,Lambda,4.249065955013344,4.177828858516557,3.8477864956188075,,4.2394491967452534,4.129,4,0.19,0.224,4.353,3.905,4.602,3.905-4.353
Scale1_lp,Scale,42.0,42.0,42.0,,42.0,42.0,4,0.0,0.0,42.0,42.0,0.0,42.0-42.0
Scale2_lp,Scale,1.0,1.0,1.0,,41.48104875165171,11.12,4,20.241,23.817,34.937,-12.697,182.023,-12.697-34.937
mode1_lp,mode,1.0,1.0,1.0,,0.012657347520689895,0.753,4,0.494,0.581,1.334,0.172,65.604,0.172-1.334
mode2_lp,mode,2.0,2.0,2.0,,0.02531469504137979,1.506,4,0.987,1.161,2.667,0.345,65.538,0.345-2.667
state_press_lp,state,1.0,1.0,1.0,,0.012657347520689895,0.753,4,0.494,0.581,1.334,0.172,65.604,0.172-1.334
Kp1_lp,P,2.0,2.0,2.0,,2.0,2.0,4,0.0,0.0,2.0,2.0,0.0,2.0-2.0
Ki1_lp,I,1.0,1.0,1.0,,1.0,1.0,4,0.0,0.0,1.0,1.0,0.0,1.0-1.0
Kd1_lp,D,0.0,0.0,0.0,,0.0,nan,0,nan,nan,nan,nan,nan,nan-nan
Kp2_lp,P,2.0,2.0,2.0,,2.0,2.0,4,0.0,0.0,2.0,2.0,0.0,2.0-2.0
Ki2_lp,I,1.0,1.0,1.0,,1.0,1.0,4,0.0,0.0,1.0,1.0,0.0,1.0-1.0
PWM1_hp,10_bit_PWM,,,,,142.38881278538813,142.389,1,nan,nan,nan,nan,nan,nan-nan
PWM2_hp,10_bit_PWM,,,,,1000.0,1000.0,1,nan,nan,nan,nan,nan,nan-nan
PWM3_hp,14_bit_PWM,,,,,740.0,740.0,1,nan,nan,nan,nan,nan,nan-nan
Flow1_hp,SLPM,,,,,999.0,999.0,1,nan,nan,nan,nan,nan,nan-nan
Flow2_hp,SLPM,,,,,999.0,999.0,1,nan,nan,nan,nan,nan,nan-nan
Flow3_hp,SLPM,,,,,999.0,999.0,1,nan,nan,nan,nan,nan,nan-nan
Flow4_hp,SLPM,,,,,999.0,999.0,1,nan,nan,nan,nan,nan,nan-nan
Flow5_hp,SLPM,,,,,999.0,999.0,1,nan,nan,nan,nan,nan,nan-nan
Flow6_hp,SLPM,,,,,999.0,999.0,1,nan,nan,nan,nan,nan,nan-nan
STC1_hp,degC,,,,,350.73402511415526,350.734,1,nan,nan,nan,nan,nan,nan-nan
STC2_hp,degC,,,,,474.5095205479452,474.51,1,nan,nan,nan,nan,nan,nan-nan
STC3_hp,degC,,,,,470.4676506849315,470.468,1,nan,nan,nan,nan,nan,nan-nan
STC4_hp,degC,,,,,223.02255707762558,223.023,1,nan,nan,nan,nan,nan,nan-nan
deltaP1_hp,Pa,,,,,-0.04237442922374429,-0.042,1,nan,nan,nan,nan,nan,nan-nan
deltaP2_hp,Pa,,,,,-18.03741095890411,-18.037,1,nan,nan,nan,nan,nan,nan-nan
Lambda_hp,Lambda,,,,,3.2323036529680365,3.232,1,nan,nan,nan,nan,nan,nan-nan
Scale1_hp,Scale,,,,,42.0,42.0,1,nan,nan,nan,nan,nan,nan-nan
Scale2_hp,Scale,,,,,1.0,1.0,1,nan,nan,nan,nan,nan,nan-nan
mode1_hp,mode,,,,,1.0,1.0,1,nan,nan,nan,nan,nan,nan-nan
mode2_hp,mode,,,,,2.0,2.0,1,nan,nan,nan,nan,nan,nan-nan
state_press_hp,state,,,,,1.0,1.0,1,nan,nan,nan,nan,nan,nan-nan
Kp1_hp,P,,,,,2.0,2.0,1,nan,nan,nan,nan,nan,nan-nan
Ki1_hp,I,,,,,1.0,1.0,1,nan,nan,nan,nan,nan,nan-nan
Kd1_hp,D,,,,,0.0,nan,0,nan,nan,nan,nan,nan,nan-nan
Kp2_hp,P,,,,,2.0,2.0,1,nan,nan,nan,nan,nan,nan-nan
Ki2_hp,I,,,,,1.0,1.0,1,nan,nan,nan,nan,nan,nan-nan
Kd2_hp,D,,,,,0.0,nan,0,nan,nan,nan,nan,nan,nan-nan
press_offset_hp,offset,,,,,0.0,nan,0,nan,nan,nan,nan,nan,nan-nan
Tp_hp,P,,,,,10.8,10.8,1,nan,nan,nan,nan,nan,nan-nan
Ti_hp,I,,,,,0.58,0.58,1,nan,nan,nan,nan,nan,nan-nan
Td_hp,D,,,,,0.0,nan,0,nan,nan,nan,nan,nan,nan-nan
Setpointt_hp,degC,,,,,597.4885844748859,597.489,1,nan,nan,nan,nan,nan,nan-nan
temp_control_hp,val,,,,,0.0,nan,0,nan,nan,nan,nan,nan,nan-nan
temp_auto_hp,temp_auto,,,,,0.0,nan,0,nan,nan,nan,nan,nan,nan-nan
autoRoutineStage_hp,stage,,,,,0.9748858447488584,0.975,1,nan,nan,nan,nan,nan,nan-nan
autoTimeCounter_hp,seconds,,,,,0.0,nan,0,nan,nan,nan,nan,nan,nan-nan
PrimaryFlow_hp,SLPM,,,,,5994.0,5994.0,1,nan,nan,nan,nan,nan,nan-nan
SecondaryFlow_hp,SLPM,,,,,0.0,nan,0,nan,nan,nan,nan,nan,nan-nan
TotalFlow_hp,SLPM,,,,,0.0,nan,0,nan,nan,nan,nan,nan,nan-nan
SenO2Percent_hp,%,,,,,13.523781685218738,13.524,1,nan,nan,nan,nan,nan,nan-nan
TC1_lp,degC,,,,,,nan,0,nan,nan,nan,nan,nan,nan-nan
TC2_lp,degC,,,,,,nan,0,nan,nan,nan,nan,nan,nan-nan
PWM1_mp,10_bit_PWM,,,,,349.5497807017544,349.55,1,nan,nan,nan,nan,nan,nan-nan
PWM2_mp,10_bit_PWM,,,,,1000.0,1000.0,1,nan,nan,nan,nan,nan,nan-nan
PWM3_mp,14_bit_PWM,,,,,998.4310307017544,998.431,1,nan,nan,nan,nan,nan,nan-nan
Flow1_mp,SLPM,,,,,999.0,999.0,1,nan,nan,nan,nan,nan,nan-nan
Flow2_mp,SLPM,,,,,999.0,999.0,1,nan,nan,nan,nan,nan,nan-nan
Flow3_mp,SLPM,,,,,999.0,999.0,1,nan,nan,nan,nan,nan,nan-nan
Flow4_mp,SLPM,,,,,999.0,999.0,1,nan,nan,nan,nan,nan,nan-nan
Flow5_mp,SLPM,,,,,999.0,999.0,1,nan,nan,nan,nan,nan,nan-nan
Flow6_mp,SLPM,,,,,999.0,999.0,1,nan,nan,nan,nan,nan,nan-nan
STC1_mp,degC,,,,,281.00365679824563,281.004,1,nan,nan,nan,nan,nan,nan-nan
STC2_mp,degC,,,,,379.5583914473684,379.558,1,nan,nan,nan,nan,nan,nan-nan
STC3_mp,degC,,,,,405.31184320175436,405.312,1,nan,nan,nan,nan,nan,nan-nan
STC4_mp,degC,,,,,279.9795263157894,279.98,1,nan,nan,nan,nan,nan,nan-nan
deltaP1_mp,Pa,,,,,-0.041952850877192985,-0.042,1,nan,nan,nan,nan,nan,nan-nan
deltaP2_mp,Pa,,,,,-14.440097587719299,-14.44,1,nan,nan,nan,nan,nan,nan-nan
Lambda_mp,Lambda,,,,,5.099144736842105,5.099,1,nan,nan,nan,nan,nan,nan-nan
Scale1_mp,Scale,,,,,42.0,42.0,1,nan,nan,nan,nan,nan,nan-nan
Scale2_mp,Scale,,,,,1.0,1.0,1,nan,nan,nan,nan,nan,nan-nan
mode1_mp,mode,,,,,1.0,1.0,1,nan,nan,nan,nan,nan,nan-nan
mode2_mp,mode,,,,,2.0,2.0,1,nan,nan,nan,nan,nan,nan-nan
state_press_mp,state,,,,,1.0,1.0,1,nan,nan,nan,nan,nan,nan-nan
Kp1_mp,P,,,,,2.0,2.0,1,nan,nan,nan,nan,nan,nan-nan
Ki1_mp,I,,,,,1.0,1.0,1,nan,nan,nan,nan,nan,nan-nan
Kd1_mp,D,,,,,0.0,nan,0,nan,nan,nan,nan,nan,nan-nan
Kp2_mp,P,,,,,2.0,2.0,1,nan,nan,nan,nan,nan,nan-nan
Ki2_mp,I,,,,,1.0,1.0,1,nan,nan,nan,nan,nan,nan-nan
Kd2_mp,D,,,,,0.0,nan,0,nan,nan,nan,nan,nan,nan-nan
press_offset_mp,offset,,,,,0.0,nan,0,nan,nan,nan,nan,nan,nan-nan
Tp_mp,P,,,,,10.8,10.8,1,nan,nan,nan,nan,nan,nan-nan
Ti_mp,I,,,,,0.58,0.58,1,nan,nan,nan,nan,nan,nan-nan
Td_mp,D,,,,,0.0,nan,0,nan,nan,nan,nan,nan,nan-nan
Setpointt_mp,degC,,,,,359.7543859649123,359.754,1,nan,nan,nan,nan,nan,nan-nan
temp_control_mp,val,,,,,0.0,nan,0,nan,nan,nan,nan,nan,nan-nan
temp_auto_mp,temp_auto,,,,,0.007346491228070176,0.007,1,nan,nan,nan,nan,nan,nan-nan
autoRoutineStage_mp,stage,,,,,6.156359649122807,6.156,1,nan,nan,nan,nan,nan,nan-nan
autoTimeCounter_mp,seconds,,,,,21.234649122807017,21.235,1,nan,nan,nan,nan,nan,nan-nan
PrimaryFlow_mp,SLPM,,,,,5994.0,5994.0,1,nan,nan,nan,nan,nan,nan-nan
SecondaryFlow_mp,SLPM,,,,,0.0,nan,0,nan,nan,nan,nan,nan,nan-nan
TotalFlow_mp,SLPM,,,,,0.0,nan,0,nan,nan,nan,nan,nan,nan-nan
SenO2Percent_mp,%,,,,,15.578459448977213,15.578,1,nan,nan,nan,nan,nan,nan-nan
TC3_lp,degC,,,,,,nan,0,nan,nan,nan,nan,nan,nan-nan
TC4_lp,degC,,,,,,nan,0,nan,nan,nan,nan,nan,nan-nan
Kd2_lp,D,0.0,0.0,0.0,,0.0,nan,0,nan,nan,nan,nan,nan,nan-nan
press_offset_lp,offset,0.0,0.0,0.0,,0.0,nan,0,nan,nan,nan,nan,nan,nan-nan
Tp_lp,P,10.8,10.8,10.8,,10.8,10.8,4,0.0,0.0,10.8,10.8,0.0,10.8-10.8
Ti_lp,I,0.58,0.58,0.58,,0.58,0.58,4,0.0,0.0,0.58,0.58,0.0,0.58-0.58
Td_lp,D,0.0,0.0,0.0,,0.0,nan,0,nan,nan,nan,nan,nan,nan-nan
Setpointt_lp,degC,364.3153967648821,356.3826913726973,367.3644121184354,,392.3847277279366,370.112,4,15.553,18.301,388.413,351.811,4.202,351.811-388.413
temp_control_lp,val,0.0,0.0,0.0,,0.0,nan,0,nan,nan,nan,nan,nan,nan-nan
temp_auto_lp,temp_auto,0.1504275366265454,0.1327318891469937,0.0,,0.0,0.142,2,0.013,0.058,0.2,0.084,9.155,0.084-0.2
autoRoutineStage_lp,stage,0.761505364631556,1.4979201555831667,4.375694404673272,,4.568606996314069,2.801,4,1.955,2.3,5.101,0.501,69.797,0.501-5.101
autoTimeCounter_lp,seconds,19.66178312728065,12.193830695262276,12.431017696580952,,63.94742332568329,27.059,4,24.836,29.224,56.283,-2.165,91.785,-2.165-56.283
PrimaryFlow_lp,SLPM,5994.0,5994.0,5994.0,,5994.0,5994.0,4,0.0,0.0,5994.0,5994.0,0.0,5994.0-5994.0
SecondaryFlow_lp,SLPM,0.0,0.0,0.0,,0.0,nan,0,nan,nan,nan,nan,nan,nan-nan
TotalFlow_lp,SLPM,0.0,0.0,0.0,,0.0,nan,0,nan,nan,nan,nan,nan,nan-nan
SenO2Percent_lp,%,14.36349019325776,14.425975553593116,13.376671306639485,,14.219361139353207,14.096,4,0.488,0.574,14.67,13.522,3.462,13.522-14.67
variable,units,value,value,value,value,value,nan,0,nan,nan,nan,nan,nan,nan-nan
start_time_prebkg,hh:mm:ss,10:05:29,13:12:05,13:46:17,13:26:20,09:40:30,nan,0,nan,nan,nan,nan,nan,nan-nan
end_time_prebkg,hh:mm:ss,10:15:29,13:22:05,13:56:17,13:36:20,09:50:30,nan,0,nan,nan,nan,nan,nan,nan-nan
start_time_postbkg,hh:mm:ss,22:22:15,21:28:52,22:22:00,22:32:00,23:00:07,nan,0,nan,nan,nan,nan,nan,nan-nan
end_time_postbkg,hh:mm:ss,22:32:15,21:38:52,22:32:00,22:42:00,23:10:07,nan,0,nan,nan,nan,nan,nan,nan-nan
CO_method,,prepostlin,prepostlin,prepostlin,prepostlin,prepostlin,nan,0,nan,nan,nan,nan,nan,nan-nan
CO_offset,,0.0,0.0,0.0,0.0,0.0,nan,0,nan,nan,nan,nan,nan,nan-nan
CO_prebkg_conc,ppm,0.03504159733777039,0.11472545757071548,-0.06557404326123129,-0.05970049916805325,-0.18059900166389353,-0.031,5,0.112,0.107,0.076,-0.138,-361.29,-0.138-0.076
CO_postbkg_conc,ppm,-0.39474209650582365,-0.12009983361064892,-0.29024958402662226,-0.4183527454242928,1.7009317803660566,0.095,5,0.905,0.863,0.958,-0.768,952.632,-0.768-0.958
CO2_method,,prepostlin,prepostlin,prepostlin,prepostlin,prepostlin,nan,0,nan,nan,nan,nan,nan,nan-nan
CO2_offset,,0.0,0.0,0.0,0.0,0.0,nan,0,nan,nan,nan,nan,nan,nan-nan
CO2_prebkg_conc,ppm,621.1181364392679,602.2579034941764,615.6405990016639,606.5440931780366,589.6023294509151,607.033,5,12.241,11.67,618.703,595.363,2.017,595.363-618.703
CO2_postbkg_conc,ppm,592.1963394342762,555.1663893510815,573.4392678868552,551.3261231281198,576.0881863560733,569.643,5,16.656,15.88,585.523,553.763,2.924,553.763-585.523
dateobjects_lp,date,,,,,,nan,0,nan,nan,nan,nan,nan,nan-nan
PM_method,,prepostlin,prepostlin,prepostlin,prepostlin,prepostlin,nan,0,nan,nan,nan,nan,nan,nan-nan
PM_offset,,0.0,0.0,0.0,0.0,0.0,nan,0,nan,nan,nan,nan,nan,nan-nan
PM_prebkg_conc,Mm^-1,4.1763727121464225,5.201331114808652,4.990016638935108,4.89018302828619,4.141430948419301,4.68,5,0.489,0.466,5.146,4.214,10.449,4.214-5.146
PM_postbkg_conc,Mm^-1,3.5490848585690515,3.2895174708818637,4.712146422628952,3.2612312811980035,3.5324459234608985,3.669,5,0.598,0.57,4.239,3.099,16.299,3.099-4.239
